PZN;ENR;Bearbeitungsnummer;Referenzierte Erstmeldung;Meldungsart;Beginn;Ende;Datum der letzten Meldung;Art des Grundes;Arzneimittlbezeichnung;Atc Code;Wirkstoffe;Krankenhausrelevant;Zulassungsinhaber;Grund;Anm. zum Grund;Alternativpräparat;Datum der Erstmeldung;Info an Fachkreise;Darreichungsform;klassifikation
19157106;7010801;LE2026002878;LE2026002334;Änderungsmeldung;15.07.2026;30.09.2026;03.08.2026;Sonstige;Plerixafor Viatris 20 mg/ml Injektionslösung;L03AX16;Plerixafor;ja;Viatris Germany GmbH;Erhöhte Nachfrage;Bitte beachten Sie, dass eine Ausnahmegenehmigung nach §§ 10 Abs. 1a und 11 Abs. 1c AMG zum Inverkehrbringen italienischer Ware erteilt wurde. Die italienische Ware kann unter der PZN 20936695 bestellt werden.;N/A;25.06.2026;Nein;Injektionslösung;weder versrel noch verskri
11695896;2186904;LE2026002877;LE2026002491;Änderungsmeldung;30.06.2026;21.08.2026;31.07.2026;Sonstige;Escitalopram-Micro Labs 5 mg Filmtabletten;N06AB10;Escitalopramoxalat;ja;Micro Labs GmbH;Erhöhte Nachfrage;N/A;N/A;07.07.2026;Nein;Filmtablette;versrel
11695904;2186905;LE2026002876;LE2026002493;Änderungsmeldung;03.07.2026;21.08.2026;31.07.2026;Sonstige;Escitalopram-Micro Labs 10 mg Filmtabletten;N06AB10;Escitalopramoxalat;ja;Micro Labs GmbH;Erhöhte Nachfrage;N/A;N/A;07.07.2026;Nein;Filmtablette;versrel
11695910;2186905;LE2026002876;LE2026002493;Änderungsmeldung;03.07.2026;21.08.2026;31.07.2026;Sonstige;Escitalopram-Micro Labs 10 mg Filmtabletten;N06AB10;Escitalopramoxalat;ja;Micro Labs GmbH;Erhöhte Nachfrage;N/A;N/A;07.07.2026;Nein;Filmtablette;versrel
11695927;2186905;LE2026002876;LE2026002493;Änderungsmeldung;03.07.2026;21.08.2026;31.07.2026;Sonstige;Escitalopram-Micro Labs 10 mg Filmtabletten;N06AB10;Escitalopramoxalat;ja;Micro Labs GmbH;Erhöhte Nachfrage;N/A;N/A;07.07.2026;Nein;Filmtablette;versrel
11695979;2186907;LE2026002875;LE2026001486;Änderungsmeldung;06.07.2026;21.08.2026;31.07.2026;Sonstige;Escitalopram-Micro Labs 20 mg Filmtabletten;N06AB10;Escitalopramoxalat;ja;Micro Labs GmbH;Erhöhte Nachfrage;N/A;N/A;20.04.2026;Nein;Filmtablette;versrel
11695991;2186907;LE2026002875;LE2026001486;Änderungsmeldung;06.07.2026;21.08.2026;31.07.2026;Sonstige;Escitalopram-Micro Labs 20 mg Filmtabletten;N06AB10;Escitalopramoxalat;ja;Micro Labs GmbH;Erhöhte Nachfrage;N/A;N/A;20.04.2026;Nein;Filmtablette;versrel
10517187;2183414;LE2026002874;LE2026001178;Änderungsmeldung;19.03.2026;21.08.2026;31.07.2026;Sonstige;Gabapentin-Micro Labs 800 mg Filmtabletten;N02BF01;Gabapentin;ja;Micro Labs GmbH;Erhöhte Nachfrage;N/A;N/A;25.03.2026;Nein;Filmtablette;versrel
10517193;2183414;LE2026002874;LE2026001178;Änderungsmeldung;19.03.2026;21.08.2026;31.07.2026;Sonstige;Gabapentin-Micro Labs 800 mg Filmtabletten;N02BF01;Gabapentin;ja;Micro Labs GmbH;Erhöhte Nachfrage;N/A;N/A;25.03.2026;Nein;Filmtablette;versrel
16369457;2198340;LE2026002872;LE2026002814;Änderungsmeldung;28.07.2026;31.12.2026;31.07.2026;Produktionsproblem;Entecavir Amarox 0,5 mg Filmtabletten;J05AF10;Entecavir;ja;AMAROX PHARMA GmbH;GMP Mängel;CEP suspendiert;N/A;28.07.2026;Vorgesehen;Filmtablette;versrel
16369463;2198340;LE2026002872;LE2026002814;Änderungsmeldung;28.07.2026;31.12.2026;31.07.2026;Produktionsproblem;Entecavir Amarox 0,5 mg Filmtabletten;J05AF10;Entecavir;ja;AMAROX PHARMA GmbH;GMP Mängel;CEP suspendiert;N/A;28.07.2026;Vorgesehen;Filmtablette;versrel
16369486;2198341;LE2026002871;LE2026002815;Änderungsmeldung;28.07.2026;31.12.2026;31.07.2026;Produktionsproblem;Entecavir Amarox 1 mg Filmtabletten;J05AF10;Entecavir;ja;AMAROX PHARMA GmbH;GMP Mängel;CEP suspendiert;N/A;28.07.2026;Vorgesehen;Filmtablette;versrel
16369492;2198341;LE2026002871;LE2026002815;Änderungsmeldung;28.07.2026;31.12.2026;31.07.2026;Produktionsproblem;Entecavir Amarox 1 mg Filmtabletten;J05AF10;Entecavir;ja;AMAROX PHARMA GmbH;GMP Mängel;CEP suspendiert;N/A;28.07.2026;Vorgesehen;Filmtablette;versrel
16200422;2143553;LE2026002869;N/A;Erstmeldung;07.08.2026;30.09.2026;31.07.2026;Produktionsproblem;THIOPENTAL PANPHARMA 1000 mg;N01AF03;Thiopental-Natrium und Natriumcarbonat (Ph.Eur.);ja;PANPHARMA GmbH;Probleme in der Herstellung;N/A;THIOPENTAL PANPHARMA 500 mg - Einreichungsnummer: 2143552;31.07.2026;Vorgesehen;Pulver zur Herstellung einer Injektionslösung;verskri (auch versrel)
06103095;2169663;LE2026002868;N/A;Erstmeldung;20.08.2026;31.12.2026;31.07.2026;Produktionsproblem;Bendarabin 50 mg;L01BB05;Fludarabinphosphat (Ph.Eur.);nein;Bendalis GmbH;Probleme in der Herstellung;Aufgrund von Umbaumaßnahmen in der Produktionsstätte verzögern sich die geplanten Produktionen.;Fludara - Einreichungsnummer: 2166603;31.07.2026;Nein;Pulver zur Herstellung einer Injektions- bzw. Infusionslösung;verskri (auch versrel)
06103853;2169663;LE2026002868;N/A;Erstmeldung;20.08.2026;31.12.2026;31.07.2026;Produktionsproblem;Bendarabin 50 mg;L01BB05;Fludarabinphosphat (Ph.Eur.);nein;Bendalis GmbH;Probleme in der Herstellung;Aufgrund von Umbaumaßnahmen in der Produktionsstätte verzögern sich die geplanten Produktionen.;Fludara - Einreichungsnummer: 2166603;31.07.2026;Nein;Pulver zur Herstellung einer Injektions- bzw. Infusionslösung;verskri (auch versrel)
04790128;2125933;LE2026002867;N/A;Erstmeldung;31.07.2026;05.10.2026;31.07.2026;Produktionsproblem;Sevredol 20mg;N02AA01;Morphinhemisulfat-2,5-Hydrat;ja;Mundipharma Gesellschaft mit beschränkter Haftung - Geschäftsanschrift -;Probleme bei der Endfreigabe;N/A;N/A;31.07.2026;Vorgesehen;Filmtablette;versrel
18601757;2150670;LE2026002865;N/A;Erstmeldung;30.07.2026;30.10.2026;31.07.2026;Sonstige;Calcitriol-Nefro 0,25 µg;A11CC04;Calcitriol;nein;Medice Arzneimittel Pütter GmbH & Co. KG;Erhöhte Nachfrage;N/A;Calcitriol-Nefro 0,25 µg - Einreichungsnummer: 2150670;31.07.2026;Nein;Weichkapsel;versrel
18601786;2150670;LE2026002865;N/A;Erstmeldung;30.07.2026;30.10.2026;31.07.2026;Sonstige;Calcitriol-Nefro 0,25 µg;A11CC04;Calcitriol;nein;Medice Arzneimittel Pütter GmbH & Co. KG;Erhöhte Nachfrage;N/A;Calcitriol-Nefro 0,25 µg - Einreichungsnummer: 2150670;31.07.2026;Nein;Weichkapsel;versrel
09882697;2132293;LE2026002864;N/A;Erstmeldung;29.07.2026;15.09.2026;31.07.2026;Produktionsproblem;Visipaque 270;V08AB09;Iodixanol;nein;GE Healthcare Buchler GmbH & Co.KG;Probleme in der Herstellung;N/A;Visipaque 270 - Einreichungsnummer: 2132293;31.07.2026;Vorgesehen;Injektionslösung;weder versrel noch verskri
12726831;2195878;LE2026002863;LE2026000761;Änderungsmeldung;01.01.2026;31.08.2026;30.07.2026;Produktionsproblem;Tobramycin SUN 300 mg Lösung für einen Vernebler;J01GB01;Tobramycin;nein;Sun Pharmaceuticals Germany GmbH;Sonstige;N/A;N/A;26.02.2026;Nein;Lösung für einen Vernebler;weder versrel noch verskri
03275795;2168355;LE2026002862;LE2026001384;Änderungsmeldung;02.04.2026;31.10.2026;30.07.2026;Produktionsproblem;PANTOPRAZOL BASICS 20 mg magensaftresistente Tabletten;A02BC02;Pantoprazol-Natrium-Sesquihydrat;nein;Basics GmbH;Sonstige;Die PZN 3275795 ist erst seit dem 01.05.2026 lieferunfähig.Die PZN 3275849 ist erst seit dem 05.06.2026 lieferunfähig.;N/A;09.04.2026;Nein;magensaftresistente Tablette;versrel
03275849;2168355;LE2026002862;LE2026001384;Änderungsmeldung;02.04.2026;31.10.2026;30.07.2026;Produktionsproblem;PANTOPRAZOL BASICS 20 mg magensaftresistente Tabletten;A02BC02;Pantoprazol-Natrium-Sesquihydrat;nein;Basics GmbH;Sonstige;Die PZN 3275795 ist erst seit dem 01.05.2026 lieferunfähig.Die PZN 3275849 ist erst seit dem 05.06.2026 lieferunfähig.;N/A;09.04.2026;Nein;magensaftresistente Tablette;versrel
05373763;2168355;LE2026002862;LE2026001384;Änderungsmeldung;02.04.2026;31.10.2026;30.07.2026;Produktionsproblem;PANTOPRAZOL BASICS 20 mg magensaftresistente Tabletten;A02BC02;Pantoprazol-Natrium-Sesquihydrat;nein;Basics GmbH;Sonstige;Die PZN 3275795 ist erst seit dem 01.05.2026 lieferunfähig.Die PZN 3275849 ist erst seit dem 05.06.2026 lieferunfähig.;N/A;09.04.2026;Nein;magensaftresistente Tablette;versrel
10234058;2168355;LE2026002862;LE2026001384;Änderungsmeldung;02.04.2026;31.10.2026;30.07.2026;Produktionsproblem;PANTOPRAZOL BASICS 20 mg magensaftresistente Tabletten;A02BC02;Pantoprazol-Natrium-Sesquihydrat;nein;Basics GmbH;Sonstige;Die PZN 3275795 ist erst seit dem 01.05.2026 lieferunfähig.Die PZN 3275849 ist erst seit dem 05.06.2026 lieferunfähig.;N/A;09.04.2026;Nein;magensaftresistente Tablette;versrel
08845205;2181440;LE2026002861;LE2026001372;Änderungsmeldung;02.04.2026;31.12.2026;30.07.2026;Produktionsproblem;ESOMEPRAZOL BASICS 20 mg magensaftresistente Tabletten;A02BC05;Esomeprazol-Hemimagnesium;nein;Basics GmbH;Sonstige;Die PZN 8845228 ist erst seit dem 27.07.2026 lieferunfähig.;N/A;09.04.2026;Nein;magensaftresistente Tablette;weder versrel noch verskri
08845211;2181440;LE2026002861;LE2026001372;Änderungsmeldung;02.04.2026;31.12.2026;30.07.2026;Produktionsproblem;ESOMEPRAZOL BASICS 20 mg magensaftresistente Tabletten;A02BC05;Esomeprazol-Hemimagnesium;nein;Basics GmbH;Sonstige;Die PZN 8845228 ist erst seit dem 27.07.2026 lieferunfähig.;N/A;09.04.2026;Nein;magensaftresistente Tablette;weder versrel noch verskri
08845228;2181440;LE2026002861;LE2026001372;Änderungsmeldung;02.04.2026;31.12.2026;30.07.2026;Produktionsproblem;ESOMEPRAZOL BASICS 20 mg magensaftresistente Tabletten;A02BC05;Esomeprazol-Hemimagnesium;nein;Basics GmbH;Sonstige;Die PZN 8845228 ist erst seit dem 27.07.2026 lieferunfähig.;N/A;09.04.2026;Nein;magensaftresistente Tablette;weder versrel noch verskri
02231502;2124626;LE2026002860;LE2026001491;Änderungsmeldung;01.12.2025;31.08.2026;30.07.2026;Produktionsproblem;CEFACLOR BASICS 250 mg TS;J01DC04;Cefaclor-Monohydrat;nein;Basics GmbH;Sonstige;Die PZN 2231502 ist erst seit dem 19.05.2026 lieferunfähig.;N/A;20.04.2026;Nein;Granulat zur Herstellung einer Suspension zum Einnehmen;verskri (auch versrel)
05486467;2124626;LE2026002860;LE2026001491;Änderungsmeldung;01.12.2025;31.08.2026;30.07.2026;Produktionsproblem;CEFACLOR BASICS 250 mg TS;J01DC04;Cefaclor-Monohydrat;nein;Basics GmbH;Sonstige;Die PZN 2231502 ist erst seit dem 19.05.2026 lieferunfähig.;N/A;20.04.2026;Nein;Granulat zur Herstellung einer Suspension zum Einnehmen;verskri (auch versrel)
02231494;2124625;LE2026002859;LE2026001490;Änderungsmeldung;07.04.2026;31.08.2026;30.07.2026;Produktionsproblem;CEFACLOR BASICS 125 mg TS;J01DC04;Cefaclor-Monohydrat;nein;Basics GmbH;Sonstige;N/A;N/A;20.04.2026;Nein;Granulat zur Herstellung einer Suspension zum Einnehmen;verskri (auch versrel)
02242078;2153137;LE2026002858;LE2026001943;Änderungsmeldung;01.04.2026;31.08.2026;30.07.2026;Produktionsproblem;CEFUROX BASICS 125mg/5 ml Granulat zur Herstellung einer Suspension zum Einnehmen;J01DC02;Cefuroximaxetil;nein;Basics GmbH;Sonstige;N/A;N/A;28.05.2026;Nein;Granulat zur Herstellung einer Suspension zum Einnehmen;verskri (auch versrel)
06934809;2152007;LE2026002857;LE2025003302;Änderungsmeldung;01.07.2025;31.08.2026;30.07.2026;Produktionsproblem;CIPRO BASICS 750 mg Filmtabletten;J01MA02;Ciprofloxacinhydrochlorid-Monohydrat;nein;Basics GmbH;Sonstige;N/A;N/A;18.09.2025;Nein;Filmtablette;versrel
06934815;2152007;LE2026002857;LE2025003302;Änderungsmeldung;01.07.2025;31.08.2026;30.07.2026;Produktionsproblem;CIPRO BASICS 750 mg Filmtabletten;J01MA02;Ciprofloxacinhydrochlorid-Monohydrat;nein;Basics GmbH;Sonstige;N/A;N/A;18.09.2025;Nein;Filmtablette;versrel
08440170;2153742;LE2026002856;LE2025003301;Änderungsmeldung;01.07.2025;31.08.2026;30.07.2026;Produktionsproblem;CIPRO BASICS 250 mg Filmtabletten;J01MA02;Ciprofloxacinhydrochlorid-Monohydrat;nein;Basics GmbH;Sonstige;Die PZN 02709122 sind erst seit dem 12.02.2026 lieferunfähig.;N/A;18.09.2025;Nein;Filmtablette;versrel
08440187;2153742;LE2026002856;LE2025003301;Änderungsmeldung;01.07.2025;31.08.2026;30.07.2026;Produktionsproblem;CIPRO BASICS 250 mg Filmtabletten;J01MA02;Ciprofloxacinhydrochlorid-Monohydrat;nein;Basics GmbH;Sonstige;Die PZN 02709122 sind erst seit dem 12.02.2026 lieferunfähig.;N/A;18.09.2025;Nein;Filmtablette;versrel
13828031;2194363;LE2026002855;LE2025003123;Änderungsmeldung;01.09.2025;31.08.2026;30.07.2026;Sonstige;EZETIMIB/SIMVA BASICS 10 mg/80 mg Tabletten;C10BA02;"Ezetimib; Simvastatin";nein;Basics GmbH;Sonstige;N/A;N/A;02.09.2025;Nein;Tablette;weder versrel noch verskri
13828137;2194362;LE2026002854;LE2025003122;Änderungsmeldung;01.09.2025;31.08.2026;30.07.2026;Sonstige;EZETIMIB/SIMVA BASICS 10 mg/40 mg Tabletten;C10BA02;"Ezetimib; Simvastatin";nein;Basics GmbH;Sonstige;N/A;N/A;02.09.2025;Nein;Tablette;weder versrel noch verskri
13828143;2194362;LE2026002854;LE2025003122;Änderungsmeldung;01.09.2025;31.08.2026;30.07.2026;Sonstige;EZETIMIB/SIMVA BASICS 10 mg/40 mg Tabletten;C10BA02;"Ezetimib; Simvastatin";nein;Basics GmbH;Sonstige;N/A;N/A;02.09.2025;Nein;Tablette;weder versrel noch verskri
13828108;2194361;LE2026002853;LE2025003121;Änderungsmeldung;01.09.2025;31.08.2026;30.07.2026;Sonstige;EZETIMIB/SIMVA BASICS 10 mg/20 mg Tabletten;C10BA02;"Ezetimib; Simvastatin";nein;Basics GmbH;Sonstige;N/A;N/A;02.09.2025;Nein;Tablette;weder versrel noch verskri
13828114;2194361;LE2026002853;LE2025003121;Änderungsmeldung;01.09.2025;31.08.2026;30.07.2026;Sonstige;EZETIMIB/SIMVA BASICS 10 mg/20 mg Tabletten;C10BA02;"Ezetimib; Simvastatin";nein;Basics GmbH;Sonstige;N/A;N/A;02.09.2025;Nein;Tablette;weder versrel noch verskri
13828060;2194360;LE2026002851;LE2025003120;Änderungsmeldung;01.09.2025;31.08.2026;30.07.2026;Sonstige;EZETIMIB/SIMVA BASICS 10 mg/10 mg Tabletten;C10BA02;"Ezetimib; Simvastatin";nein;Basics GmbH;Sonstige;N/A;N/A;02.09.2025;Nein;Tablette;weder versrel noch verskri
06330649;2102225;LE2026002850;LE2026000605;Änderungsmeldung;16.02.2026;28.09.2026;30.07.2026;Produktionsproblem;Flurazepam real;N05CD01;Flurazepam;nein;Riemser Pharma GmbH;Probleme in der Herstellung;delay in the the production due to a change in the API DMF that results in necessary method validation and submission of variation;Staurodorm neu - Einreichungsnummer: 2101149;16.02.2026;Nein;Tablette;weder versrel noch verskri
02708418;3004003;LE2026002848;LE2026002382;Änderungsmeldung;22.05.2026;05.08.2026;30.07.2026;Produktionsproblem;ACCUPAQUE 350;V08AB02;Iohexol;nein;GE Healthcare Buchler GmbH & Co.KG;Probleme in der Herstellung;erhöhte Nachfrage durch Substitution;ACCUPAQUE 350 - Einreichungsnummer: 3004003;29.06.2026;Vorgesehen;Injektionslösung oder Lösung zum Einnehmen;verskri (auch versrel)
09882510;3004003;LE2026002848;LE2026002382;Änderungsmeldung;22.05.2026;05.08.2026;30.07.2026;Produktionsproblem;ACCUPAQUE 350;V08AB02;Iohexol;nein;GE Healthcare Buchler GmbH & Co.KG;Probleme in der Herstellung;erhöhte Nachfrage durch Substitution;ACCUPAQUE 350 - Einreichungsnummer: 3004003;29.06.2026;Vorgesehen;Injektionslösung oder Lösung zum Einnehmen;verskri (auch versrel)
09882533;3004003;LE2026002848;LE2026002382;Änderungsmeldung;22.05.2026;05.08.2026;30.07.2026;Produktionsproblem;ACCUPAQUE 350;V08AB02;Iohexol;nein;GE Healthcare Buchler GmbH & Co.KG;Probleme in der Herstellung;erhöhte Nachfrage durch Substitution;ACCUPAQUE 350 - Einreichungsnummer: 3004003;29.06.2026;Vorgesehen;Injektionslösung oder Lösung zum Einnehmen;verskri (auch versrel)
00476837;2132294;LE2026002847;LE2026001099;Änderungsmeldung;27.04.2026;15.10.2026;30.07.2026;Sonstige;Visipaque 320;V08AB09;Iodixanol;nein;GE Healthcare Buchler GmbH & Co.KG;Sonstige;N/A;N/A;23.03.2026;Vorgesehen;Injektionslösung;weder versrel noch verskri
09882734;2132294;LE2026002847;LE2026001099;Änderungsmeldung;27.04.2026;15.10.2026;30.07.2026;Sonstige;Visipaque 320;V08AB09;Iodixanol;nein;GE Healthcare Buchler GmbH & Co.KG;Sonstige;N/A;N/A;23.03.2026;Vorgesehen;Injektionslösung;weder versrel noch verskri
09882740;2132294;LE2026002847;LE2026001099;Änderungsmeldung;27.04.2026;15.10.2026;30.07.2026;Sonstige;Visipaque 320;V08AB09;Iodixanol;nein;GE Healthcare Buchler GmbH & Co.KG;Sonstige;N/A;N/A;23.03.2026;Vorgesehen;Injektionslösung;weder versrel noch verskri
09882757;2132294;LE2026002847;LE2026001099;Änderungsmeldung;27.04.2026;15.10.2026;30.07.2026;Sonstige;Visipaque 320;V08AB09;Iodixanol;nein;GE Healthcare Buchler GmbH & Co.KG;Sonstige;N/A;N/A;23.03.2026;Vorgesehen;Injektionslösung;weder versrel noch verskri
15999021;2714956;LE2026002846;N/A;Erstmeldung;30.07.2026;16.11.2026;30.07.2026;Produktionsproblem;Baqsimi 3 mg Nasenpulver in einem Einzeldosisbehältnis;H04AA01;Glucagon;nein;Amphastar France Pharmaceuticals Rechtsform: S.A.S.;Probleme in der Herstellung;capacity issue for the freezedryer of the CMO ;Baqsimi 3 mg Nasenpulver in einem Einzeldosisbehältnis - Einreichungsnummer: 2714955;30.07.2026;Nein;Nasenpulver;verskri (auch versrel)
03094007;2702539;LE2026002845;LE2026001592;Änderungsmeldung;23.04.2026;14.08.2026;30.07.2026;Sonstige;VFEND 40 mg/ml Pulver zur Herstellung einer Suspension zum Einnehmen - OP6g(f.100ml);J02AC03;Voriconazol;ja;Pfizer Europe MA EEIG;Erhöhte Nachfrage;nur Parallelimporte in dieser Darreichungsform verfügbar;VFEND 200 mg Filmtabletten - Einreichungsnummer: 2715979;27.04.2026;Nein;Pulver zur Herstellung einer Suspension zum Einnehmen;versrel
18896468;2675062;LE2026002844;LE2026001586;Änderungsmeldung;01.05.2026;15.08.2026;29.07.2026;Sonstige;Amsparity;L04AB04;Adalimumab;nein;Pfizer Europe MA EEIG;Sonstige;N/A;N/A;27.04.2026;Vorgesehen;Injektionslösung;versrel
18896445;2675059;LE2026002843;LE2025004413;Änderungsmeldung;01.11.2025;25.09.2026;29.07.2026;Sonstige;Amsparity;L04AB04;Adalimumab;nein;Pfizer Europe MA EEIG;Sonstige;N/A;N/A;09.12.2025;Vorgesehen;Injektionslösung;versrel
18896451;2675060;LE2026002842;LE2025004414;Änderungsmeldung;01.11.2025;25.09.2026;29.07.2026;Sonstige;Amsparity;L04AB04;Adalimumab;nein;Pfizer Europe MA EEIG;Sonstige;N/A;N/A;09.12.2025;Vorgesehen;Injektionslösung;versrel
03495462;0792024;LE2026002841;N/A;Erstmeldung;02.07.2026;05.08.2026;29.07.2026;Produktionsproblem;Oxytocin 10 I.E. Hexal;H01BB02;Oxytocin;nein;H e x a l  Aktiengesellschaft;Sonstige;N/A;N/A;29.07.2026;Vorgesehen;Injektionslösung/Konzentrat zur Herstellung einer Infusionslösung;verskri (auch versrel)
12547376;2194662;LE2026002840;LE2026001071;Änderungsmeldung;19.03.2026;15.10.2026;29.07.2026;Produktionsproblem;Sultiam-neuraxpharm 50 mg Filmtabletten;N03AX03;Sultiam;nein;neuraxpharm Arzneimittel GmbH;Probleme in der Herstellung;N/A;N/A;19.03.2026;Nein;Filmtablette;weder versrel noch verskri
12547407;2194662;LE2026002840;LE2026001071;Änderungsmeldung;19.03.2026;15.10.2026;29.07.2026;Produktionsproblem;Sultiam-neuraxpharm 50 mg Filmtabletten;N03AX03;Sultiam;nein;neuraxpharm Arzneimittel GmbH;Probleme in der Herstellung;N/A;N/A;19.03.2026;Nein;Filmtablette;weder versrel noch verskri
12547413;2194663;LE2026002839;LE2026001072;Änderungsmeldung;19.03.2026;15.10.2026;29.07.2026;Produktionsproblem;Sultiam-neuraxpharm 100 mg Filmtabletten;N03AX03;Sultiam;nein;neuraxpharm Arzneimittel GmbH;Probleme in der Herstellung;N/A;N/A;19.03.2026;Nein;Filmtablette;weder versrel noch verskri
12547436;2194663;LE2026002839;LE2026001072;Änderungsmeldung;19.03.2026;15.10.2026;29.07.2026;Produktionsproblem;Sultiam-neuraxpharm 100 mg Filmtabletten;N03AX03;Sultiam;nein;neuraxpharm Arzneimittel GmbH;Probleme in der Herstellung;N/A;N/A;19.03.2026;Nein;Filmtablette;weder versrel noch verskri
00577478;2152571;LE2026002838;LE2025001473;Änderungsmeldung;30.04.2025;15.09.2026;29.07.2026;Produktionsproblem;Flupentixol-neuraxpharm 40 mg/ml;N05AF01;Flupentixoldecanoat;nein;neuraxpharm Arzneimittel GmbH;Herstellerwechsel;N/A;N/A;02.05.2025;Nein;Injektionslösung;weder versrel noch verskri
04178864;2152570;LE2026002837;LE2025001472;Änderungsmeldung;30.04.2025;15.09.2026;29.07.2026;Produktionsproblem;Flupentixol-neuraxpharm 20 mg/ml;N05AF01;Flupentixoldecanoat;nein;neuraxpharm Arzneimittel GmbH;Herstellerwechsel;N/A;N/A;02.05.2025;Nein;Injektionslösung;weder versrel noch verskri
04178924;2152572;LE2026002836;LE2025001474;Änderungsmeldung;30.04.2025;15.09.2026;29.07.2026;Produktionsproblem;Flupentixol-neuraxpharm 100 mg/ml;N05AF01;Flupentixoldecanoat;nein;neuraxpharm Arzneimittel GmbH;Herstellerwechsel;N/A;N/A;02.05.2025;Nein;Injektionslösung;weder versrel noch verskri
03277624;2190853;LE2026002835;N/A;Erstmeldung;20.07.2026;31.08.2026;29.07.2026;Produktionsproblem;Linezolid Kabi 2 mg/ml Infusionslösung;J01XX08;Linezolid;ja;Fresenius Kabi Deutschland GmbH;Probleme in der Herstellung;N/A;N/A;29.07.2026;Ja;Infusionslösung;verskri (auch versrel)
18105478;7005615;LE2026002834;LE2025001024;Änderungsmeldung;15.02.2025;30.09.2026;29.07.2026;Sonstige;Tacrolimus AL 5 mg Hartkapseln, retardiert;L04AD02;Tacrolimus-Monohydrat;nein;ALIUD PHARMA GmbH;Erhöhte Nachfrage;N/A;N/A;25.03.2025;Vorgesehen;Hartkapsel, retardiert;verskri (auch versrel)
18110485;7005615;LE2026002834;LE2025001024;Änderungsmeldung;15.02.2025;30.09.2026;29.07.2026;Sonstige;Tacrolimus AL 5 mg Hartkapseln, retardiert;L04AD02;Tacrolimus-Monohydrat;nein;ALIUD PHARMA GmbH;Erhöhte Nachfrage;N/A;N/A;25.03.2025;Vorgesehen;Hartkapsel, retardiert;verskri (auch versrel)
18105432;7005613;LE2026002833;LE2025001022;Änderungsmeldung;15.02.2025;30.09.2026;29.07.2026;Sonstige;Tacrolimus AL 1 mg Hartkapseln, retardiert;L04AD02;Tacrolimus-Monohydrat;nein;ALIUD PHARMA GmbH;Erhöhte Nachfrage;N/A;N/A;25.03.2025;Vorgesehen;Hartkapsel, retardiert;verskri (auch versrel)
18110410;7005613;LE2026002833;LE2025001022;Änderungsmeldung;15.02.2025;30.09.2026;29.07.2026;Sonstige;Tacrolimus AL 1 mg Hartkapseln, retardiert;L04AD02;Tacrolimus-Monohydrat;nein;ALIUD PHARMA GmbH;Erhöhte Nachfrage;N/A;N/A;25.03.2025;Vorgesehen;Hartkapsel, retardiert;verskri (auch versrel)
18105389;7005612;LE2026002832;LE2025001021;Änderungsmeldung;15.02.2025;30.09.2026;29.07.2026;Sonstige;Tacrolimus AL 0,5 mg Hartkapseln, retardiert;L04AD02;Tacrolimus-Monohydrat;nein;ALIUD PHARMA GmbH;Erhöhte Nachfrage;N/A;N/A;25.03.2025;Vorgesehen;Hartkapsel, retardiert;weder versrel noch verskri
18110404;7005612;LE2026002832;LE2025001021;Änderungsmeldung;15.02.2025;30.09.2026;29.07.2026;Sonstige;Tacrolimus AL 0,5 mg Hartkapseln, retardiert;L04AD02;Tacrolimus-Monohydrat;nein;ALIUD PHARMA GmbH;Erhöhte Nachfrage;N/A;N/A;25.03.2025;Vorgesehen;Hartkapsel, retardiert;weder versrel noch verskri
18105455;7005614;LE2026002831;LE2025001023;Änderungsmeldung;15.02.2025;30.09.2026;29.07.2026;Sonstige;Tacrolimus AL 3 mg Hartkapseln, retardiert;L04AD02;Tacrolimus-Monohydrat;nein;ALIUD PHARMA GmbH;Erhöhte Nachfrage;N/A;N/A;25.03.2025;Vorgesehen;Hartkapsel, retardiert;verskri (auch versrel)
18110479;7005614;LE2026002831;LE2025001023;Änderungsmeldung;15.02.2025;30.09.2026;29.07.2026;Sonstige;Tacrolimus AL 3 mg Hartkapseln, retardiert;L04AD02;Tacrolimus-Monohydrat;nein;ALIUD PHARMA GmbH;Erhöhte Nachfrage;N/A;N/A;25.03.2025;Vorgesehen;Hartkapsel, retardiert;verskri (auch versrel)
08754862;2101926;LE2026002826;LE2023004182;Änderungsmeldung;23.10.2023;30.09.2026;29.07.2026;Produktionsproblem;Eldisine;L01CA03;Vindesinsulfat;nein;STADAPHARM GmbH;Probleme in der Herstellung;Bei dem Lieferengpass handelt sich ausschließlich um ELDISINE 5MG DSS 1PC SDH DE, PZN 08754862;N/A;18.10.2023;Vorgesehen;Pulver zur Herstellung einer Injektionslösung;weder versrel noch verskri
03332808;2160210;LE2026002822;LE2026002219;Änderungsmeldung;18.06.2026;31.08.2026;29.07.2026;Sonstige;Risperidon AL 6 mg Filmtabletten;N05AX08;Risperidon;nein;ALIUD PHARMA GmbH;Erhöhte Nachfrage;N/A;N/A;18.06.2026;Vorgesehen;Filmtablette;verskri (auch versrel)
17416325;2202599;LE2026002821;LE2026001804;Änderungsmeldung;12.05.2026;18.08.2026;29.07.2026;Sonstige;Sunitinib AL 12,5 mg Hartkapseln;L01EX01;Sunitinib;nein;ALIUD PHARMA GmbH;Erhöhte Nachfrage;N/A;N/A;12.05.2026;Vorgesehen;Hartkapsel;versrel
18354572;7004377;LE2026002820;LE2025002783;Änderungsmeldung;06.08.2025;07.08.2026;28.07.2026;Sonstige;Fluoxetin Micro Labs 60 mg Hartkapseln;N06AB03;Fluoxetinhydrochlorid;ja;Micro Labs GmbH;Erhöhte Nachfrage;N/A;N/A;06.08.2025;Nein;Hartkapsel;versrel
18354589;7004377;LE2026002820;LE2025002783;Änderungsmeldung;06.08.2025;07.08.2026;28.07.2026;Sonstige;Fluoxetin Micro Labs 60 mg Hartkapseln;N06AB03;Fluoxetinhydrochlorid;ja;Micro Labs GmbH;Erhöhte Nachfrage;N/A;N/A;06.08.2025;Nein;Hartkapsel;versrel
04796579;2703064, 2703065;LE2026002816;N/A;Erstmeldung;27.07.2026;10.08.2026;28.07.2026;Produktionsproblem;Myozyme 5 mg Lyophilisat für ein Konzentrat zur Herstellung einer Infusionslösung - OP10;A16AB07;Alglucosidase alfa;ja;Sanofi B.V.;Probleme bei der Endfreigabe;N/A;N/A;28.07.2026;Vorgesehen;Lyophilisat zur Herstellung einer Infusionslösung;weder versrel noch verskri
04796591;2703064, 2703065;LE2026002816;N/A;Erstmeldung;27.07.2026;10.08.2026;28.07.2026;Produktionsproblem;Myozyme 5 mg Lyophilisat für ein Konzentrat zur Herstellung einer Infusionslösung - OP10;A16AB07;Alglucosidase alfa;ja;Sanofi B.V.;Probleme bei der Endfreigabe;N/A;N/A;28.07.2026;Vorgesehen;Lyophilisat zur Herstellung einer Infusionslösung;weder versrel noch verskri
00996123;7002406, 7002407, 7002408;LE2026002813;LE2026002206;Änderungsmeldung;03.07.2026;13.08.2026;28.07.2026;Produktionsproblem;Nexviadyme;A16AB22;Avalglucosidase alfa;ja;Sanofi B.V.;Probleme bei der Endfreigabe;N/A;N/A;17.06.2026;Vorgesehen;Pulver für ein Konzentrat zur Herstellung einer Infusionslösung;weder versrel noch verskri
17309612;7002406, 7002407, 7002408;LE2026002813;LE2026002206;Änderungsmeldung;03.07.2026;13.08.2026;28.07.2026;Produktionsproblem;Nexviadyme;A16AB22;Avalglucosidase alfa;ja;Sanofi B.V.;Probleme bei der Endfreigabe;N/A;N/A;17.06.2026;Vorgesehen;Pulver für ein Konzentrat zur Herstellung einer Infusionslösung;weder versrel noch verskri
17309629;7002406, 7002407, 7002408;LE2026002813;LE2026002206;Änderungsmeldung;03.07.2026;13.08.2026;28.07.2026;Produktionsproblem;Nexviadyme;A16AB22;Avalglucosidase alfa;ja;Sanofi B.V.;Probleme bei der Endfreigabe;N/A;N/A;17.06.2026;Vorgesehen;Pulver für ein Konzentrat zur Herstellung einer Infusionslösung;weder versrel noch verskri
03083245;2105961;LE2026002812;N/A;Erstmeldung;28.07.2026;31.10.2026;28.07.2026;Produktionsproblem;Dexa-Gentamicin;S01CA01;"Dexamethasondihydrogenphosphat-Dinatrium (Ph.Eur.); Gentamicinsulfat";nein;URSAPHARM Arzneimittel GmbH;Probleme bei der Endfreigabe;N/A;N/A;28.07.2026;Vorgesehen;Augentropfen;weder versrel noch verskri
04980840;2158523;LE2026002809;LE2026002751;Änderungsmeldung;08.07.2026;16.08.2026;28.07.2026;Sonstige;Fusicutan Creme;D06AX01;Fusidinsäure (Ph.Eur.);nein;Dermapharm Aktiengesellschaft;Unzureichende Produktionskapazitäten;N/A;Fusicutan Creme - Einreichungsnummer: 2158523;23.07.2026;Nein;Creme;versrel
04980886;2158523;LE2026002809;LE2026002751;Änderungsmeldung;08.07.2026;16.08.2026;28.07.2026;Sonstige;Fusicutan Creme;D06AX01;Fusidinsäure (Ph.Eur.);nein;Dermapharm Aktiengesellschaft;Unzureichende Produktionskapazitäten;N/A;Fusicutan Creme - Einreichungsnummer: 2158523;23.07.2026;Nein;Creme;versrel
16146527;2202474;LE2026002808;N/A;Erstmeldung;20.07.2026;02.10.2026;28.07.2026;Produktionsproblem;Propranolol PUREN 40 mg Filmtabletten;C07AA05;Propranololhydrochlorid;ja;PUREN Pharma GmbH & Co. KG;Probleme in der Herstellung;Ressourcenengpass bei der Produktion;N/A;28.07.2026;Vorgesehen;Filmtablette;weder versrel noch verskri
16146533;2202474;LE2026002808;N/A;Erstmeldung;20.07.2026;02.10.2026;28.07.2026;Produktionsproblem;Propranolol PUREN 40 mg Filmtabletten;C07AA05;Propranololhydrochlorid;ja;PUREN Pharma GmbH & Co. KG;Probleme in der Herstellung;Ressourcenengpass bei der Produktion;N/A;28.07.2026;Vorgesehen;Filmtablette;weder versrel noch verskri
16146504;2202473;LE2026002807;N/A;Erstmeldung;20.07.2026;05.10.2026;28.07.2026;Produktionsproblem;Propranolol PUREN 10 mg Filmtabletten;C07AA05;Propranololhydrochlorid;ja;PUREN Pharma GmbH & Co. KG;Probleme in der Herstellung;Produktionsslotengpass;N/A;28.07.2026;Vorgesehen;Filmtablette;weder versrel noch verskri
16146510;2202473;LE2026002807;N/A;Erstmeldung;20.07.2026;05.10.2026;28.07.2026;Produktionsproblem;Propranolol PUREN 10 mg Filmtabletten;C07AA05;Propranololhydrochlorid;ja;PUREN Pharma GmbH & Co. KG;Probleme in der Herstellung;Produktionsslotengpass;N/A;28.07.2026;Vorgesehen;Filmtablette;weder versrel noch verskri
11176096;2196055;LE2026002806;N/A;Erstmeldung;20.07.2026;28.09.2026;28.07.2026;Sonstige;Pregabalin PUREN 75 mg Hartkapseln;N02BF02;Pregabalin;ja;PUREN Pharma GmbH & Co. KG;Erhöhte Nachfrage;erhöhte Nachfrage am Markt;Pregabalin PUREN 75 mg Hartkapseln - Einreichungsnummer: 2196055;28.07.2026;Vorgesehen;Hartkapsel;versrel
09779835;2185034;LE2026002805;N/A;Erstmeldung;20.07.2026;30.09.2026;28.07.2026;Produktionsproblem;Pramipexol Aurobindo 0,18 mg Tabletten;N04BC05;Pramipexoldihydrochlorid-Monohydrat;ja;PUREN Pharma GmbH & Co. KG;Probleme in der Herstellung;Ressourcenengpass bei der Produktion;Pramipexol Aurobindo 0,18 mg Tabletten - Einreichungsnummer: 2185034;28.07.2026;Vorgesehen;Tablette;versrel
15237133;2199558;LE2026002804;N/A;Erstmeldung;20.07.2026;05.10.2026;28.07.2026;Produktionsproblem;Loperamid PUREN 2 mg Hartkapseln;A07DA03;Loperamidhydrochlorid;ja;PUREN Pharma GmbH & Co. KG;Probleme in der Herstellung;Ressourcenengpass;Loperamid PUREN 2 mg Hartkapseln - Einreichungsnummer: 2199558;28.07.2026;Vorgesehen;Hartkapsel;versrel
17203492;2199557;LE2026002803;N/A;Erstmeldung;21.07.2026;05.10.2026;28.07.2026;Produktionsproblem;Loperamid PUREN akut 2 mg Hartkapseln;A07DA03;Loperamidhydrochlorid;ja;PUREN Pharma GmbH & Co. KG;Probleme in der Herstellung;Ressourcenengpass bei der PRoduktion;N/A;28.07.2026;Vorgesehen;Hartkapsel;versrel
02481920;2155004;LE2026002801;LE2026002227;Änderungsmeldung;18.06.2026;30.09.2026;27.07.2026;Sonstige;Aknenormin 20 mg Weichkapseln;D10BA01;Isotretinoin;ja;ALMIRALL HERMAL GmbH;Erhöhte Nachfrage;N/A;N/A;18.06.2026;Vorgesehen;Weichkapsel;versrel
02931530;2155004;LE2026002801;LE2026002227;Änderungsmeldung;18.06.2026;30.09.2026;27.07.2026;Sonstige;Aknenormin 20 mg Weichkapseln;D10BA01;Isotretinoin;ja;ALMIRALL HERMAL GmbH;Erhöhte Nachfrage;N/A;N/A;18.06.2026;Vorgesehen;Weichkapsel;versrel
03655776;2155004;LE2026002801;LE2026002227;Änderungsmeldung;18.06.2026;30.09.2026;27.07.2026;Sonstige;Aknenormin 20 mg Weichkapseln;D10BA01;Isotretinoin;ja;ALMIRALL HERMAL GmbH;Erhöhte Nachfrage;N/A;N/A;18.06.2026;Vorgesehen;Weichkapsel;versrel
03656333;2155004;LE2026002801;LE2026002227;Änderungsmeldung;18.06.2026;30.09.2026;27.07.2026;Sonstige;Aknenormin 20 mg Weichkapseln;D10BA01;Isotretinoin;ja;ALMIRALL HERMAL GmbH;Erhöhte Nachfrage;N/A;N/A;18.06.2026;Vorgesehen;Weichkapsel;versrel
14295565;2201937;LE2026002799;LE2025000471;Änderungsmeldung;10.02.2025;30.12.2026;27.07.2026;Produktionsproblem;Aprepitant beta 80 mg Hartkapseln;A04AD12;Aprepitant;nein;betapharm Arzneimittel GmbH;Probleme in der Herstellung;N/A;Aprepitant beta 80 mg Hartkapseln - Einreichungsnummer: 2201937;10.02.2025;Vorgesehen;Hartkapsel;versrel
04787830;7007293;LE2026002798;LE2025000262;Änderungsmeldung;24.01.2025;30.09.2026;27.07.2026;Produktionsproblem;Quetiapin beta 150 mg Retardtabletten;N05AH04;Quetiapinfumarat (Ph.Eur.);nein;betapharm Arzneimittel GmbH;Probleme in der Herstellung;N/A;N/A;24.01.2025;Vorgesehen;Retardtablette;weder versrel noch verskri
04787847;7007293;LE2026002798;LE2025000262;Änderungsmeldung;24.01.2025;30.09.2026;27.07.2026;Produktionsproblem;Quetiapin beta 150 mg Retardtabletten;N05AH04;Quetiapinfumarat (Ph.Eur.);nein;betapharm Arzneimittel GmbH;Probleme in der Herstellung;N/A;N/A;24.01.2025;Vorgesehen;Retardtablette;weder versrel noch verskri
13700118;7007294;LE2026002797;LE2025000263;Änderungsmeldung;24.01.2025;30.09.2026;27.07.2026;Produktionsproblem;Quetiapin beta 200 mg Retardtabletten;N05AH04;Quetiapinfumarat (Ph.Eur.);nein;betapharm Arzneimittel GmbH;Probleme in der Herstellung;N/A;Quetiapin beta 200 mg Retardtabletten - Einreichungsnummer: 7007294;24.01.2025;Vorgesehen;Retardtablette;weder versrel noch verskri
13700130;7007294;LE2026002797;LE2025000263;Änderungsmeldung;24.01.2025;30.09.2026;27.07.2026;Produktionsproblem;Quetiapin beta 200 mg Retardtabletten;N05AH04;Quetiapinfumarat (Ph.Eur.);nein;betapharm Arzneimittel GmbH;Probleme in der Herstellung;N/A;Quetiapin beta 200 mg Retardtabletten - Einreichungsnummer: 7007294;24.01.2025;Vorgesehen;Retardtablette;weder versrel noch verskri
13700182;7007295;LE2026002796;LE2025000266;Änderungsmeldung;24.01.2025;30.09.2026;27.07.2026;Produktionsproblem;Quetiapin beta 300 mg Retardtabletten;N05AH04;Quetiapinfumarat (Ph.Eur.);nein;betapharm Arzneimittel GmbH;Probleme in der Herstellung;N/A;Quetiapin beta 300 mg Retardtabletten - Einreichungsnummer: 7007295;24.01.2025;Vorgesehen;Retardtablette;weder versrel noch verskri
13700199;7007295;LE2026002796;LE2025000266;Änderungsmeldung;24.01.2025;30.09.2026;27.07.2026;Produktionsproblem;Quetiapin beta 300 mg Retardtabletten;N05AH04;Quetiapinfumarat (Ph.Eur.);nein;betapharm Arzneimittel GmbH;Probleme in der Herstellung;N/A;Quetiapin beta 300 mg Retardtabletten - Einreichungsnummer: 7007295;24.01.2025;Vorgesehen;Retardtablette;weder versrel noch verskri
14244036;2202461;LE2026002795;LE2024002632;Änderungsmeldung;15.07.2024;30.09.2026;27.07.2026;Produktionsproblem;Atomoxetin beta 18 mg Hartkapseln;N06BA09;Atomoxetinhydrochlorid;nein;betapharm Arzneimittel GmbH;Probleme in der Herstellung;N/A;N/A;15.07.2024;Vorgesehen;Hartkapsel;weder versrel noch verskri
14244059;2202461;LE2026002795;LE2024002632;Änderungsmeldung;15.07.2024;30.09.2026;27.07.2026;Produktionsproblem;Atomoxetin beta 18 mg Hartkapseln;N06BA09;Atomoxetinhydrochlorid;nein;betapharm Arzneimittel GmbH;Probleme in der Herstellung;N/A;N/A;15.07.2024;Vorgesehen;Hartkapsel;weder versrel noch verskri
01192674;0002329;LE2026002794;LE2025002963;Änderungsmeldung;19.08.2025;30.09.2026;27.07.2026;Produktionsproblem;Phenhydan Injektionslösung;N03AB02;Phenytoin-Natrium;ja;Desitin Arzneimittel GmbH;Probleme in der Herstellung;n.a;N/A;19.08.2025;Vorgesehen;Injektionslösung;verskri (auch versrel)
10516710;2179977;LE2026002791;LE2026002452;Änderungsmeldung;03.07.2026;28.08.2026;27.07.2026;Sonstige;Pantoprazol-Micro Labs 40 mg magensaftresistente Tabletten;A02BC02;Pantoprazol-Natrium-Sesquihydrat;ja;Micro Labs GmbH;Erhöhte Nachfrage;N/A;N/A;03.07.2026;Nein;magensaftresistente Tablette;versrel
17378458;2179977;LE2026002791;LE2026002452;Änderungsmeldung;03.07.2026;28.08.2026;27.07.2026;Sonstige;Pantoprazol-Micro Labs 40 mg magensaftresistente Tabletten;A02BC02;Pantoprazol-Natrium-Sesquihydrat;ja;Micro Labs GmbH;Erhöhte Nachfrage;N/A;N/A;03.07.2026;Nein;magensaftresistente Tablette;versrel
18874024;2179977;LE2026002791;LE2026002452;Änderungsmeldung;03.07.2026;28.08.2026;27.07.2026;Sonstige;Pantoprazol-Micro Labs 40 mg magensaftresistente Tabletten;A02BC02;Pantoprazol-Natrium-Sesquihydrat;ja;Micro Labs GmbH;Erhöhte Nachfrage;N/A;N/A;03.07.2026;Nein;magensaftresistente Tablette;versrel
16789490;2204857;LE2026002788;LE2026002681;Änderungsmeldung;13.07.2026;30.11.2026;27.07.2026;Sonstige;Idarubicin Hikma 1 mg/ml Injektionslösung;L01DB06;Idarubicinhydrochlorid;ja;Hikma Pharma GmbH;Sonstige;Erhöhte Nachfrage;Idarubicin Hikma 1 mg/ml Injektionslösung - Einreichungsnummer: 2204857;20.07.2026;Vorgesehen;Injektionslösung;verskri (auch versrel)
10516839;2181171;LE2026002785;LE2026002448;Änderungsmeldung;03.06.2026;14.08.2026;24.07.2026;Sonstige;Amitriptylin Micro Labs 25 mg Filmtabletten;N06AA09;Amitriptylinhydrochlorid;ja;Micro Labs GmbH;Erhöhte Nachfrage;N/A;N/A;03.07.2026;Nein;Filmtablette;versrel
10516845;2181171;LE2026002785;LE2026002448;Änderungsmeldung;03.06.2026;14.08.2026;24.07.2026;Sonstige;Amitriptylin Micro Labs 25 mg Filmtabletten;N06AA09;Amitriptylinhydrochlorid;ja;Micro Labs GmbH;Erhöhte Nachfrage;N/A;N/A;03.07.2026;Nein;Filmtablette;versrel
00679049;0813051;LE2026002777;N/A;Erstmeldung;10.08.2026;31.01.2027;24.07.2026;Sonstige;D3-Vicotrat;A11CC05;Colecalciferol;nein;H e y l Chemisch-pharmazeutische Fabrik GmbH & Co. KG;Probleme beim Sonstigen Hersteller;N/A;N/A;24.07.2026;Nein;Injektionslösung;versrel
01084648;0309602;LE2026002771;LE2026001671;Änderungsmeldung;15.05.2026;30.10.2026;24.07.2026;Produktionsproblem;Miochol-E Pulver und Lösungsmittel zur Herstellung einer Instillationslösung zur intraokularen Anwendung;S01EB09;Acetylcholinchlorid;nein;Dr. Gerhard Mann chem.-pharm. Fabrik Gesellschaft mit beschränkter Haftung;Probleme in der Herstellung;N/A;N/A;04.05.2026;Vorgesehen;Pulver zur Herstellung einer Instillationslösung zur intraokularen Anwendung,Lösungsmittel;verskri (auch versrel)
10298928;0003808;LE2026002764;N/A;Erstmeldung;01.08.2026;31.10.2026;23.07.2026;Produktionsproblem;NIPRUSS;C02DD01;Dinatrium-pentacyanonitrosylferrat(2-);nein;ALTAMEDICS GmbH;Herstellerwechsel;Die derzeit genehmigten Hersteller von Wirkstoff und Fertigarzneimittel haben die Herstellung eingestellt. Produkte aus der neuen Herstellung liegen bereit und können sofort auf den Markt gebracht werden, sobald die regulatorischen Verfahren genehmigt werden.;Nitroprussid-Natrium AFTPharm 50 mg/2ml Infusionslösung - Einreichungsnummer: 7007887;23.07.2026;Vorgesehen;Lyophilisat zur Herstellung einer Infusionslösung;verskri (auch versrel)
16937996;2204969;LE2026002763;LE2026000847;Änderungsmeldung;05.01.2026;31.12.2026;23.07.2026;Produktionsproblem;Carmustin-ratiopharm;L01AD01;Carmustin;ja;ratiopharm GmbH;Probleme in der Herstellung;N/A;N/A;04.03.2026;Vorgesehen;Pulver zur Herstellung einer Infusionslösung,Lösungsmittel;versrel
14287910;2200296;LE2026002762;LE2026002143;Änderungsmeldung;05.06.2026;31.12.2026;23.07.2026;Produktionsproblem;Melphalan-ratiopharm 50 mg Pulver und Lösungsmittel zur Herstellung einer Injektions- bzw. Infusionslösung;L01AA03;Melphalanhydrochlorid;ja;ratiopharm GmbH;Probleme in der Herstellung;N/A;N/A;12.06.2026;Vorgesehen;Pulver zur Herstellung einer Injektions- /Infusionslösung,Lösungsmittel;verskri (auch versrel)
08759931;2142056;LE2026002760;LE2026002338;Änderungsmeldung;18.06.2026;07.08.2026;23.07.2026;Sonstige;Detrusitol 2 mg Filmtabletten;G04BD07;Tolterodintartrat;nein;Viatris Pharma GmbH;Erhöhte Nachfrage;N/A;Detrusitol 1 mg Filmtabletten - Einreichungsnummer: 2142055;25.06.2026;Nein;Filmtablette;weder versrel noch verskri
08759954;2142056;LE2026002760;LE2026002338;Änderungsmeldung;18.06.2026;07.08.2026;23.07.2026;Sonstige;Detrusitol 2 mg Filmtabletten;G04BD07;Tolterodintartrat;nein;Viatris Pharma GmbH;Erhöhte Nachfrage;N/A;Detrusitol 1 mg Filmtabletten - Einreichungsnummer: 2142055;25.06.2026;Nein;Filmtablette;weder versrel noch verskri
09745322;2192822;LE2026002759;LE2025000338;Änderungsmeldung;01.01.2025;26.08.2026;23.07.2026;Sonstige;Quetiapin AL 300 mg Retardtabletten;N05AH04;Quetiapinfumarat (Ph.Eur.);nein;ALIUD PHARMA GmbH;Erhöhte Nachfrage;N/A;N/A;29.01.2025;Vorgesehen;Retardtablette;weder versrel noch verskri
09745345;2192822;LE2026002759;LE2025000338;Änderungsmeldung;01.01.2025;26.08.2026;23.07.2026;Sonstige;Quetiapin AL 300 mg Retardtabletten;N05AH04;Quetiapinfumarat (Ph.Eur.);nein;ALIUD PHARMA GmbH;Erhöhte Nachfrage;N/A;N/A;29.01.2025;Vorgesehen;Retardtablette;weder versrel noch verskri
09745351;2192822;LE2026002759;LE2025000338;Änderungsmeldung;01.01.2025;26.08.2026;23.07.2026;Sonstige;Quetiapin AL 300 mg Retardtabletten;N05AH04;Quetiapinfumarat (Ph.Eur.);nein;ALIUD PHARMA GmbH;Erhöhte Nachfrage;N/A;N/A;29.01.2025;Vorgesehen;Retardtablette;weder versrel noch verskri
11240776;2192820;LE2026002758;LE2025000334;Änderungsmeldung;01.01.2025;26.08.2026;23.07.2026;Sonstige;Quetiapin AL 150 mg Retardtabletten;N05AH04;Quetiapinfumarat (Ph.Eur.);nein;ALIUD PHARMA GmbH;Erhöhte Nachfrage;N/A;N/A;29.01.2025;Vorgesehen;Retardtablette;weder versrel noch verskri
11240799;2192820;LE2026002758;LE2025000334;Änderungsmeldung;01.01.2025;26.08.2026;23.07.2026;Sonstige;Quetiapin AL 150 mg Retardtabletten;N05AH04;Quetiapinfumarat (Ph.Eur.);nein;ALIUD PHARMA GmbH;Erhöhte Nachfrage;N/A;N/A;29.01.2025;Vorgesehen;Retardtablette;weder versrel noch verskri
15376834;2200645;LE2026002756;LE2025000485;Änderungsmeldung;01.08.2024;26.08.2026;23.07.2026;Sonstige;Aprepitant AL 125 mg Hartkapseln;A04AD12;Aprepitant;nein;ALIUD PHARMA GmbH;Erhöhte Nachfrage;N/A;N/A;11.02.2025;Vorgesehen;Hartkapsel;versrel
00300469;2106297;LE2026002754;LE2026002551;Änderungsmeldung;13.07.2026;03.08.2026;23.07.2026;Sonstige;L-Thyroxin Henning 150;H03AA01;Levothyroxin-Natrium;ja;Sanofi-Aventis Deutschland GmbH;Unzureichende Produktionskapazitäten;Stock-OutBitte wenden Sie sich an Ihren Arzt, ob die lieferbaren Formen L-Thyroxin Henning 100 und ergänzend L- Thyroxin Henning 50 als alternative Therapie möglich sind.;N/A;09.07.2026;Nein;Tablette;verskri (auch versrel)
02532824;2106297;LE2026002754;LE2026002551;Änderungsmeldung;13.07.2026;03.08.2026;23.07.2026;Sonstige;L-Thyroxin Henning 150;H03AA01;Levothyroxin-Natrium;ja;Sanofi-Aventis Deutschland GmbH;Unzureichende Produktionskapazitäten;Stock-OutBitte wenden Sie sich an Ihren Arzt, ob die lieferbaren Formen L-Thyroxin Henning 100 und ergänzend L- Thyroxin Henning 50 als alternative Therapie möglich sind.;N/A;09.07.2026;Nein;Tablette;verskri (auch versrel)
02532830;2106297;LE2026002754;LE2026002551;Änderungsmeldung;13.07.2026;03.08.2026;23.07.2026;Sonstige;L-Thyroxin Henning 150;H03AA01;Levothyroxin-Natrium;ja;Sanofi-Aventis Deutschland GmbH;Unzureichende Produktionskapazitäten;Stock-OutBitte wenden Sie sich an Ihren Arzt, ob die lieferbaren Formen L-Thyroxin Henning 100 und ergänzend L- Thyroxin Henning 50 als alternative Therapie möglich sind.;N/A;09.07.2026;Nein;Tablette;verskri (auch versrel)
19763522;7003266;LE2026002753;LE2026001528;Änderungsmeldung;22.04.2026;26.08.2026;23.07.2026;Sonstige;Pazopanib AL 400 mg Filmtabletten;L01XE11;Pazopanibhydrochlorid;nein;ALIUD PHARMA GmbH;Erhöhte Nachfrage;N/A;N/A;22.04.2026;Vorgesehen;Filmtablette;verskri (auch versrel)
19763539;7003266;LE2026002753;LE2026001528;Änderungsmeldung;22.04.2026;26.08.2026;23.07.2026;Sonstige;Pazopanib AL 400 mg Filmtabletten;L01XE11;Pazopanibhydrochlorid;nein;ALIUD PHARMA GmbH;Erhöhte Nachfrage;N/A;N/A;22.04.2026;Vorgesehen;Filmtablette;verskri (auch versrel)
00425308;2111226;LE2026002752;LE2026000087;Änderungsmeldung;31.12.2025;26.08.2026;23.07.2026;Sonstige;Indometacin AL 50;M01AB01;Indometacin;nein;ALIUD PHARMA GmbH;Erhöhte Nachfrage;N/A;N/A;08.01.2026;Vorgesehen;Tablette;verskri (auch versrel)
03454121;2111226;LE2026002752;LE2026000087;Änderungsmeldung;31.12.2025;26.08.2026;23.07.2026;Sonstige;Indometacin AL 50;M01AB01;Indometacin;nein;ALIUD PHARMA GmbH;Erhöhte Nachfrage;N/A;N/A;08.01.2026;Vorgesehen;Tablette;verskri (auch versrel)
17378435;2188428;LE2026002750;LE2026002450;Änderungsmeldung;03.07.2026;28.08.2026;22.07.2026;Sonstige;Pantoprazol-Micro Labs 20 mg magensaftresistente Tabletten;A02BC02;Pantoprazol-Natrium-Sesquihydrat;ja;Micro Labs GmbH;Erhöhte Nachfrage;N/A;N/A;03.07.2026;Nein;magensaftresistente Tablette;versrel
18874018;2188428;LE2026002750;LE2026002450;Änderungsmeldung;03.07.2026;28.08.2026;22.07.2026;Sonstige;Pantoprazol-Micro Labs 20 mg magensaftresistente Tabletten;A02BC02;Pantoprazol-Natrium-Sesquihydrat;ja;Micro Labs GmbH;Erhöhte Nachfrage;N/A;N/A;03.07.2026;Nein;magensaftresistente Tablette;versrel
02494130;0428206;LE2026002745;N/A;Erstmeldung;27.10.2026;02.12.2026;22.07.2026;Sonstige;Gutron Tabletten;C01CA17;Midodrinhydrochlorid;nein;Cheplapharm Arzneimittel GmbH;Sonstige;N/A;N/A;22.07.2026;Nein;Tablette;weder versrel noch verskri
08424188;2132488;LE2026002744;LE2026000628;Änderungsmeldung;13.02.2026;29.01.2027;22.07.2026;Sonstige;Methylprednisolon 8mg JENAPHARM;H02AB04;Methylprednisolon;nein;Mibe GmbH Arzneimittel;Sonstige;N/A;Metysolon 8 mg Tabletten - Einreichungsnummer: 7010917;17.02.2026;Nein;Tablette;versrel
08424194;2132488;LE2026002744;LE2026000628;Änderungsmeldung;13.02.2026;29.01.2027;22.07.2026;Sonstige;Methylprednisolon 8mg JENAPHARM;H02AB04;Methylprednisolon;nein;Mibe GmbH Arzneimittel;Sonstige;N/A;Metysolon 8 mg Tabletten - Einreichungsnummer: 7010917;17.02.2026;Nein;Tablette;versrel
08424202;2132488;LE2026002744;LE2026000628;Änderungsmeldung;13.02.2026;29.01.2027;22.07.2026;Sonstige;Methylprednisolon 8mg JENAPHARM;H02AB04;Methylprednisolon;nein;Mibe GmbH Arzneimittel;Sonstige;N/A;Metysolon 8 mg Tabletten - Einreichungsnummer: 7010917;17.02.2026;Nein;Tablette;versrel
16804195;2163021;LE2026002727;LE2025001316;Änderungsmeldung;14.04.2025;31.08.2026;21.07.2026;Sonstige;Sertralin TAD 100 mg Filmtabletten;N06AB06;Sertralinhydrochlorid;ja;TAD Pharma GmbH;Sonstige;N/A;N/A;14.04.2025;Nein;Filmtablette;weder versrel noch verskri
16804226;2163021;LE2026002727;LE2025001316;Änderungsmeldung;14.04.2025;31.08.2026;21.07.2026;Sonstige;Sertralin TAD 100 mg Filmtabletten;N06AB06;Sertralinhydrochlorid;ja;TAD Pharma GmbH;Sonstige;N/A;N/A;14.04.2025;Nein;Filmtablette;weder versrel noch verskri
16804232;2163021;LE2026002727;LE2025001316;Änderungsmeldung;14.04.2025;31.08.2026;21.07.2026;Sonstige;Sertralin TAD 100 mg Filmtabletten;N06AB06;Sertralinhydrochlorid;ja;TAD Pharma GmbH;Sonstige;N/A;N/A;14.04.2025;Nein;Filmtablette;weder versrel noch verskri
16804143;2163020;LE2026002726;LE2025001314;Änderungsmeldung;14.04.2025;31.08.2026;21.07.2026;Sonstige;Sertralin TAD 50 mg Filmtabletten;N06AB06;Sertralinhydrochlorid;ja;TAD Pharma GmbH;Sonstige;N/A;N/A;14.04.2025;Nein;Filmtablette;weder versrel noch verskri
16804172;2163020;LE2026002726;LE2025001314;Änderungsmeldung;14.04.2025;31.08.2026;21.07.2026;Sonstige;Sertralin TAD 50 mg Filmtabletten;N06AB06;Sertralinhydrochlorid;ja;TAD Pharma GmbH;Sonstige;N/A;N/A;14.04.2025;Nein;Filmtablette;weder versrel noch verskri
16804189;2163020;LE2026002726;LE2025001314;Änderungsmeldung;14.04.2025;31.08.2026;21.07.2026;Sonstige;Sertralin TAD 50 mg Filmtabletten;N06AB06;Sertralinhydrochlorid;ja;TAD Pharma GmbH;Sonstige;N/A;N/A;14.04.2025;Nein;Filmtablette;weder versrel noch verskri
05869984;2180430;LE2026002725;N/A;Erstmeldung;01.05.2027;31.12.2027;21.07.2026;Produktionsproblem;Brevibloc 10 mg/ml Infusionslösung;C07AB09;Esmololhydrochlorid;ja;Baxter Deutschland GmbH;Probleme in der Herstellung;Deutschland ist derzeit weiterhin nicht betroffen, die Versorgung ist bei gleichbleibender Nachfrage bis 2027 gesichert.Die Zentrale prüft aber schon jetzt alternative Versorgungslösungen, wie zum Beispiel den Import von US-Ware. Daher erfolgte bereits jetzt die EMA-Meldung.Wir halten sie auf Laufenden.;N/A;21.07.2026;Vorgesehen;Infusionslösung;weder versrel noch verskri
17440708;2178671;LE2026002724;N/A;Erstmeldung;20.07.2026;30.11.2026;21.07.2026;Produktionsproblem;Pantoprazol Denk 20 mg magensaftresistente Tabletten;A02BC02;Pantoprazol-Natrium-Sesquihydrat;nein;Denk Pharma GmbH & Co. KG;Probleme in der Herstellung;N/A;N/A;21.07.2026;Vorgesehen;magensaftresistente Tablette;versrel
10824877;2178672;LE2026002723;LE2026000658;Änderungsmeldung;17.02.2026;30.11.2026;21.07.2026;Produktionsproblem;Pantoprazol Denk 40 mg magensaftresistente Tabletten;A02BC02;Pantoprazol-Natrium-Sesquihydrat;nein;Denk Pharma GmbH & Co. KG;Sonstige;N/A;N/A;19.02.2026;Vorgesehen;magensaftresistente Tablette;versrel
12443205;2178672;LE2026002723;LE2026000658;Änderungsmeldung;17.02.2026;30.11.2026;21.07.2026;Produktionsproblem;Pantoprazol Denk 40 mg magensaftresistente Tabletten;A02BC02;Pantoprazol-Natrium-Sesquihydrat;nein;Denk Pharma GmbH & Co. KG;Sonstige;N/A;N/A;19.02.2026;Vorgesehen;magensaftresistente Tablette;versrel
16890177;2178672;LE2026002723;LE2026000658;Änderungsmeldung;17.02.2026;30.11.2026;21.07.2026;Produktionsproblem;Pantoprazol Denk 40 mg magensaftresistente Tabletten;A02BC02;Pantoprazol-Natrium-Sesquihydrat;nein;Denk Pharma GmbH & Co. KG;Sonstige;N/A;N/A;19.02.2026;Vorgesehen;magensaftresistente Tablette;versrel
19236142;7012033;LE2026002722;LE2026001805;Änderungsmeldung;12.05.2026;04.08.2026;21.07.2026;Sonstige;Paliperidon AL 50 mg Depot-Injektionssuspension in einer Fertigspritze;N05AX13;Paliperidonpalmitat;nein;ALIUD PHARMA GmbH;Erhöhte Nachfrage;N/A;N/A;12.05.2026;Vorgesehen;Depot-Injektionssuspension in der Fertigspritze;weder versrel noch verskri
13156703;2192217;LE2026002721;LE2025000975;Änderungsmeldung;22.04.2025;04.09.2026;20.07.2026;Produktionsproblem;Ezetimib Glenmark 10 mg Tabletten;C10AX09;Ezetimib;nein;Glenmark Arzneimittel GmbH;Probleme in der Herstellung;N/A;N/A;21.03.2025;Nein;Tablette;versrel
13589589;2197380;LE2026002720;N/A;Erstmeldung;20.07.2026;04.09.2026;20.07.2026;Sonstige;Gabapentin Glenmark 800 mg Filmtabletten;N02BF01;Gabapentin;nein;Glenmark Arzneimittel GmbH;Erhöhte Nachfrage;N/A;N/A;20.07.2026;Nein;Filmtablette;versrel
13589595;2197380;LE2026002720;N/A;Erstmeldung;20.07.2026;04.09.2026;20.07.2026;Sonstige;Gabapentin Glenmark 800 mg Filmtabletten;N02BF01;Gabapentin;nein;Glenmark Arzneimittel GmbH;Erhöhte Nachfrage;N/A;N/A;20.07.2026;Nein;Filmtablette;versrel
13589603;2197380;LE2026002720;N/A;Erstmeldung;20.07.2026;04.09.2026;20.07.2026;Sonstige;Gabapentin Glenmark 800 mg Filmtabletten;N02BF01;Gabapentin;nein;Glenmark Arzneimittel GmbH;Erhöhte Nachfrage;N/A;N/A;20.07.2026;Nein;Filmtablette;versrel
01693991;0085717;LE2026002718;LE2025001052;Änderungsmeldung;31.03.2025;30.06.2027;20.07.2026;Sonstige;Urbason solubile forte 1000 mg;H02AB04;Natrium(methylprednisolon-21-succinat);ja;FIDIA FARMACEUTICI SPA;Erhöhte Nachfrage;We have an increase of sales due to shortage of competitor;Urbason solubile forte 1000 mg - Einreichungsnummer: 0085717;28.03.2025;Nein;Pulver zur Herstellung einer Injektions- bzw. Infusionslösung,Lösungsmittel;weder versrel noch verskri
04807745;0085717;LE2026002718;LE2025001052;Änderungsmeldung;31.03.2025;30.06.2027;20.07.2026;Sonstige;Urbason solubile forte 1000 mg;H02AB04;Natrium(methylprednisolon-21-succinat);ja;FIDIA FARMACEUTICI SPA;Erhöhte Nachfrage;We have an increase of sales due to shortage of competitor;Urbason solubile forte 1000 mg - Einreichungsnummer: 0085717;28.03.2025;Nein;Pulver zur Herstellung einer Injektions- bzw. Infusionslösung,Lösungsmittel;weder versrel noch verskri
05988536;2707927;LE2026002711;N/A;Erstmeldung;20.07.2026;15.09.2026;20.07.2026;Sonstige;Baraclude 0,5 mg Filmtabletten - OP90(90x1);J05AF10;Entecavir;nein;Bristol-Myers Squibb Pharma EEIG;Erhöhte Nachfrage;Unerwartet erhöhte Nachfrage;Entecavir-ratiopharm 0,5 mg Filmtabletten - Einreichungsnummer: 2197741;20.07.2026;Nein;Filmtablette;versrel
06430701;2708791;LE2026002707;N/A;Erstmeldung;30.06.2026;31.10.2026;20.07.2026;Produktionsproblem;Actos 15 mg Tabletten - OP112;A10BG03;Pioglitazonhydrochlorid;nein;Cheplapharm Arzneimittel GmbH;Herstellerwechsel;N/A;N/A;20.07.2026;Nein;Tablette;weder versrel noch verskri
16031617;2202518;LE2026002706;LE2025002900;Änderungsmeldung;14.07.2025;30.12.2026;20.07.2026;Produktionsproblem;Quetiapin Glenmark 300 mg Retardtabletten;N05AH04;Quetiapinfumarat (Ph.Eur.);nein;Glenmark Arzneimittel GmbH;Probleme in der Herstellung;N/A;N/A;12.08.2025;Nein;Retardtablette;weder versrel noch verskri
16031646;2202518;LE2026002706;LE2025002900;Änderungsmeldung;14.07.2025;30.12.2026;20.07.2026;Produktionsproblem;Quetiapin Glenmark 300 mg Retardtabletten;N05AH04;Quetiapinfumarat (Ph.Eur.);nein;Glenmark Arzneimittel GmbH;Probleme in der Herstellung;N/A;N/A;12.08.2025;Nein;Retardtablette;weder versrel noch verskri
16031563;2202517;LE2026002705;LE2024003689;Änderungsmeldung;30.09.2024;30.12.2026;20.07.2026;Produktionsproblem;Quetiapin Glenmark 200 mg Retardtabletten;N05AH04;Quetiapinfumarat (Ph.Eur.);nein;Glenmark Arzneimittel GmbH;Probleme in der Herstellung;N/A;N/A;07.10.2024;Nein;Retardtablette;weder versrel noch verskri
16031592;2202517;LE2026002705;LE2024003689;Änderungsmeldung;30.09.2024;30.12.2026;20.07.2026;Produktionsproblem;Quetiapin Glenmark 200 mg Retardtabletten;N05AH04;Quetiapinfumarat (Ph.Eur.);nein;Glenmark Arzneimittel GmbH;Probleme in der Herstellung;N/A;N/A;07.10.2024;Nein;Retardtablette;weder versrel noch verskri
16031505;2202516;LE2026002704;LE2025002334;Änderungsmeldung;02.06.2025;30.12.2026;20.07.2026;Produktionsproblem;Quetiapin Glenmark 150 mg Retardtabletten;N05AH04;Quetiapinfumarat (Ph.Eur.);nein;Glenmark Arzneimittel GmbH;Probleme in der Herstellung;N/A;N/A;03.07.2025;Nein;Retardtablette;weder versrel noch verskri
16031511;2202516;LE2026002704;LE2025002334;Änderungsmeldung;02.06.2025;30.12.2026;20.07.2026;Produktionsproblem;Quetiapin Glenmark 150 mg Retardtabletten;N05AH04;Quetiapinfumarat (Ph.Eur.);nein;Glenmark Arzneimittel GmbH;Probleme in der Herstellung;N/A;N/A;03.07.2025;Nein;Retardtablette;weder versrel noch verskri
16031468;2202515;LE2026002703;LE2026000298;Änderungsmeldung;08.12.2025;30.12.2026;20.07.2026;Produktionsproblem;Quetiapin Glenmark 50 mg Retardtabletten;N05AH04;Quetiapinfumarat (Ph.Eur.);nein;Glenmark Arzneimittel GmbH;Probleme in der Herstellung;N/A;N/A;26.01.2026;Nein;Retardtablette;weder versrel noch verskri
16031474;2202515;LE2026002703;LE2026000298;Änderungsmeldung;08.12.2025;30.12.2026;20.07.2026;Produktionsproblem;Quetiapin Glenmark 50 mg Retardtabletten;N05AH04;Quetiapinfumarat (Ph.Eur.);nein;Glenmark Arzneimittel GmbH;Probleme in der Herstellung;N/A;N/A;26.01.2026;Nein;Retardtablette;weder versrel noch verskri
16031480;2202515;LE2026002703;LE2026000298;Änderungsmeldung;08.12.2025;30.12.2026;20.07.2026;Produktionsproblem;Quetiapin Glenmark 50 mg Retardtabletten;N05AH04;Quetiapinfumarat (Ph.Eur.);nein;Glenmark Arzneimittel GmbH;Probleme in der Herstellung;N/A;N/A;26.01.2026;Nein;Retardtablette;weder versrel noch verskri
16031669;2202519;LE2026002702;LE2024004195;Änderungsmeldung;16.10.2024;30.12.2026;20.07.2026;Produktionsproblem;Quetiapin Glenmark 400 mg Retardtabletten;N05AH04;Quetiapinfumarat (Ph.Eur.);nein;Glenmark Arzneimittel GmbH;Probleme in der Herstellung;N/A;N/A;19.11.2024;Nein;Retardtablette;weder versrel noch verskri
16031675;2202519;LE2026002702;LE2024004195;Änderungsmeldung;16.10.2024;30.12.2026;20.07.2026;Produktionsproblem;Quetiapin Glenmark 400 mg Retardtabletten;N05AH04;Quetiapinfumarat (Ph.Eur.);nein;Glenmark Arzneimittel GmbH;Probleme in der Herstellung;N/A;N/A;19.11.2024;Nein;Retardtablette;weder versrel noch verskri
14135488;2182175;LE2026002701;LE2024004199;Änderungsmeldung;17.10.2024;30.12.2026;20.07.2026;Produktionsproblem;Galantamin Glenmark 24 mg Hartkapseln, retardiert;N06DA04;Galantaminhydrobromid;nein;Glenmark Arzneimittel GmbH;Probleme in der Herstellung;N/A;N/A;19.11.2024;Nein;Hartkapsel, retardiert;weder versrel noch verskri
14135494;2182175;LE2026002701;LE2024004199;Änderungsmeldung;17.10.2024;30.12.2026;20.07.2026;Produktionsproblem;Galantamin Glenmark 24 mg Hartkapseln, retardiert;N06DA04;Galantaminhydrobromid;nein;Glenmark Arzneimittel GmbH;Probleme in der Herstellung;N/A;N/A;19.11.2024;Nein;Hartkapsel, retardiert;weder versrel noch verskri
14135502;2182175;LE2026002701;LE2024004199;Änderungsmeldung;17.10.2024;30.12.2026;20.07.2026;Produktionsproblem;Galantamin Glenmark 24 mg Hartkapseln, retardiert;N06DA04;Galantaminhydrobromid;nein;Glenmark Arzneimittel GmbH;Probleme in der Herstellung;N/A;N/A;19.11.2024;Nein;Hartkapsel, retardiert;weder versrel noch verskri
14135459;2182174;LE2026002700;LE2024004198;Änderungsmeldung;02.10.2024;30.12.2026;20.07.2026;Produktionsproblem;Galantamin Glenmark 16 mg Hartkapseln, retardiert;N06DA04;Galantaminhydrobromid;nein;Glenmark Arzneimittel GmbH;Probleme in der Herstellung;N/A;N/A;19.11.2024;Nein;Hartkapsel, retardiert;weder versrel noch verskri
14135465;2182174;LE2026002700;LE2024004198;Änderungsmeldung;02.10.2024;30.12.2026;20.07.2026;Produktionsproblem;Galantamin Glenmark 16 mg Hartkapseln, retardiert;N06DA04;Galantaminhydrobromid;nein;Glenmark Arzneimittel GmbH;Probleme in der Herstellung;N/A;N/A;19.11.2024;Nein;Hartkapsel, retardiert;weder versrel noch verskri
14135471;2182174;LE2026002700;LE2024004198;Änderungsmeldung;02.10.2024;30.12.2026;20.07.2026;Produktionsproblem;Galantamin Glenmark 16 mg Hartkapseln, retardiert;N06DA04;Galantaminhydrobromid;nein;Glenmark Arzneimittel GmbH;Probleme in der Herstellung;N/A;N/A;19.11.2024;Nein;Hartkapsel, retardiert;weder versrel noch verskri
14135413;2182173;LE2026002699;LE2024004197;Änderungsmeldung;07.10.2024;30.12.2026;20.07.2026;Produktionsproblem;Galantamin Glenmark 8 mg Hartkapseln, retardiert;N06DA04;Galantaminhydrobromid;nein;Glenmark Arzneimittel GmbH;Probleme in der Herstellung;N/A;N/A;19.11.2024;Nein;Hartkapsel, retardiert;weder versrel noch verskri
14135436;2182173;LE2026002699;LE2024004197;Änderungsmeldung;07.10.2024;30.12.2026;20.07.2026;Produktionsproblem;Galantamin Glenmark 8 mg Hartkapseln, retardiert;N06DA04;Galantaminhydrobromid;nein;Glenmark Arzneimittel GmbH;Probleme in der Herstellung;N/A;N/A;19.11.2024;Nein;Hartkapsel, retardiert;weder versrel noch verskri
14135442;2182173;LE2026002699;LE2024004197;Änderungsmeldung;07.10.2024;30.12.2026;20.07.2026;Produktionsproblem;Galantamin Glenmark 8 mg Hartkapseln, retardiert;N06DA04;Galantaminhydrobromid;nein;Glenmark Arzneimittel GmbH;Probleme in der Herstellung;N/A;N/A;19.11.2024;Nein;Hartkapsel, retardiert;weder versrel noch verskri
09920222;2168191;LE2026002698;LE2026002277;Änderungsmeldung;05.06.2026;04.09.2026;20.07.2026;Produktionsproblem;Topiramat-glenmark 50 mg Filmtabletten;N03AX11;Topiramat;nein;Glenmark Arzneimittel GmbH;Probleme bei der Chargenprüfung;N/A;N/A;22.06.2026;Nein;Filmtablette;versrel
09947095;2176203;LE2026002697;LE2026002275;Änderungsmeldung;10.06.2026;04.09.2026;20.07.2026;Sonstige;Rizatriptan Glenmark 10 mg Tabletten;N02CC04;Rizatriptanbenzoat;nein;Glenmark Arzneimittel GmbH;Erhöhte Nachfrage;N/A;N/A;22.06.2026;Nein;Tablette;versrel
09312741;2159112;LE2026002695;LE2026002441;Änderungsmeldung;02.07.2026;30.08.2026;20.07.2026;Produktionsproblem;Palladon 1,3 mg Hartkapseln;N02AA03;Hydromorphonhydrochlorid;ja;Mundipharma Gesellschaft mit beschränkter Haftung - Geschäftsanschrift -;Probleme bei der Endfreigabe;N/A;N/A;03.07.2026;Nein;Hartkapsel;verskri (auch versrel)
09312764;2159113;LE2026002694;LE2026002442;Änderungsmeldung;02.07.2026;30.08.2026;20.07.2026;Produktionsproblem;Palladon 2,6 mg Hartkapseln;N02AA03;Hydromorphonhydrochlorid;ja;Mundipharma Gesellschaft mit beschränkter Haftung - Geschäftsanschrift -;Probleme bei der Endfreigabe;N/A;N/A;03.07.2026;Nein;Hartkapsel;verskri (auch versrel)
16129865;2192879;LE2026002693;LE2023004519;Änderungsmeldung;10.11.2023;22.09.2026;20.07.2026;Sonstige;Cinacalcet-ratiopharm 30 mg Filmtabletten;H05BX01;Cinacalcethydrochlorid;nein;ratiopharm GmbH;Erhöhte Nachfrage;N/A;N/A;10.11.2023;Vorgesehen;Filmtablette;weder versrel noch verskri
02424425;2102033;LE2026002691;LE2025003962;Änderungsmeldung;03.11.2025;14.08.2026;20.07.2026;Sonstige;Propra-ratiopharm 40 mg Filmtabletten;C07AA05;Propranololhydrochlorid;nein;ratiopharm GmbH;Erhöhte Nachfrage;N/A;N/A;05.11.2025;Vorgesehen;Filmtablette;weder versrel noch verskri
08699264;2130026;LE2026002690;LE2025003276;Änderungsmeldung;15.09.2025;09.09.2026;20.07.2026;Sonstige;Nitrendipin-ratiopharm 20 mg Tabletten;C08CA08;Nitrendipin;nein;ratiopharm GmbH;Erhöhte Nachfrage;N/A;N/A;17.09.2025;Vorgesehen;Tablette;weder versrel noch verskri
08699287;2130026;LE2026002690;LE2025003276;Änderungsmeldung;15.09.2025;09.09.2026;20.07.2026;Sonstige;Nitrendipin-ratiopharm 20 mg Tabletten;C08CA08;Nitrendipin;nein;ratiopharm GmbH;Erhöhte Nachfrage;N/A;N/A;17.09.2025;Vorgesehen;Tablette;weder versrel noch verskri
00294444;2173086;LE2026002676;LE2026002226;Änderungsmeldung;18.06.2026;30.09.2026;20.07.2026;Produktionsproblem;Targin 5 mg/2,5 mg Retardtabletten;N02AA55;"Naloxonhydrochlorid-Dihydrat; Oxycodonhydrochlorid (Ph.Eur.)";ja;Mundipharma Gesellschaft mit beschränkter Haftung - Geschäftsanschrift -;Probleme in der Herstellung;N/A;N/A;18.06.2026;Nein;Retardtablette;weder versrel noch verskri
00602561;2139825;LE2026002675;LE2026002040;Änderungsmeldung;18.05.2026;03.09.2026;20.07.2026;Sonstige;CIL 200 mg;C10AB05;Fenofibrat;nein;Winthrop Arzneimittel GmbH;Erhöhte Nachfrage;N/A;N/A;03.06.2026;Vorgesehen;Kapsel;versrel
00602578;2139825;LE2026002675;LE2026002040;Änderungsmeldung;18.05.2026;03.09.2026;20.07.2026;Sonstige;CIL 200 mg;C10AB05;Fenofibrat;nein;Winthrop Arzneimittel GmbH;Erhöhte Nachfrage;N/A;N/A;03.06.2026;Vorgesehen;Kapsel;versrel
00602584;2139825;LE2026002675;LE2026002040;Änderungsmeldung;18.05.2026;03.09.2026;20.07.2026;Sonstige;CIL 200 mg;C10AB05;Fenofibrat;nein;Winthrop Arzneimittel GmbH;Erhöhte Nachfrage;N/A;N/A;03.06.2026;Vorgesehen;Kapsel;versrel
16531828;2201947;LE2026002671;LE2026001237;Änderungsmeldung;10.06.2026;28.08.2026;17.07.2026;Sonstige;Amitriptylin Micro Labs 66,29 mg Filmtabletten;N06AA09;Amitriptylinhydrochlorid;ja;Micro Labs GmbH;Erhöhte Nachfrage;N/A;N/A;30.03.2026;Nein;Filmtablette;versrel
16531834;2201947;LE2026002671;LE2026001237;Änderungsmeldung;10.06.2026;28.08.2026;17.07.2026;Sonstige;Amitriptylin Micro Labs 66,29 mg Filmtabletten;N06AA09;Amitriptylinhydrochlorid;ja;Micro Labs GmbH;Erhöhte Nachfrage;N/A;N/A;30.03.2026;Nein;Filmtablette;versrel
16531863;2201947;LE2026002671;LE2026001237;Änderungsmeldung;10.06.2026;28.08.2026;17.07.2026;Sonstige;Amitriptylin Micro Labs 66,29 mg Filmtabletten;N06AA09;Amitriptylinhydrochlorid;ja;Micro Labs GmbH;Erhöhte Nachfrage;N/A;N/A;30.03.2026;Nein;Filmtablette;versrel
16531774;2201946;LE2026002670;LE2026001235;Änderungsmeldung;26.03.2026;28.08.2026;17.07.2026;Sonstige;Amitriptylin Micro Labs 44,19 mg Filmtabletten;N06AA09;Amitriptylinhydrochlorid;ja;Micro Labs GmbH;Erhöhte Nachfrage;N/A;N/A;30.03.2026;Nein;Filmtablette;versrel
05870094;2173238;LE2026002664;N/A;Erstmeldung;07.07.2026;10.09.2026;17.07.2026;Sonstige;Perindopril-dura plus 4 mg/1,25 mg Tabletten;C09BA04;"Indapamid; Perindopril-tert-butylamin";nein;Viatris Germany GmbH;Erhöhte Nachfrage;N/A;Perindopril-dura plus 2 mg/0,625 mg Tabletten - Einreichungsnummer: 2173237;17.07.2026;Nein;Tablette;weder versrel noch verskri
08468116;2174284;LE2026002657;N/A;Erstmeldung;17.07.2026;31.12.2026;16.07.2026;Produktionsproblem;OLANZAPIN BASICS 5 mg Tabletten;N05AH03;Olanzapin;nein;Basics GmbH;Sonstige;N/A;N/A;16.07.2026;Nein;Tablette;weder versrel noch verskri
09482940;2183808;LE2026002656;N/A;Erstmeldung;14.07.2026;31.12.2026;16.07.2026;Produktionsproblem;LEVETIRACETAM BASICS 500 mg Filmtabletten;N03AX14;Levetiracetam;nein;Basics GmbH;Sonstige;N/A;N/A;16.07.2026;Nein;Filmtablette;versrel
04874090;2111256;LE2026002642;LE2024004410;Änderungsmeldung;01.10.2024;30.09.2026;16.07.2026;Produktionsproblem;ISMN STADA 20 mg Tabletten;C01DA14;Isosorbidmononitrat;nein;STADAPHARM GmbH;Probleme in der Herstellung;N/A;N/A;05.12.2024;Vorgesehen;Tablette;weder versrel noch verskri
04874109;2111256;LE2026002642;LE2024004410;Änderungsmeldung;01.10.2024;30.09.2026;16.07.2026;Produktionsproblem;ISMN STADA 20 mg Tabletten;C01DA14;Isosorbidmononitrat;nein;STADAPHARM GmbH;Probleme in der Herstellung;N/A;N/A;05.12.2024;Vorgesehen;Tablette;weder versrel noch verskri
07666618;2150171;LE2026002641;LE2025001202;Änderungsmeldung;08.04.2024;30.09.2026;16.07.2026;Produktionsproblem;ISMN STADA 50 mg Hartkapseln, retardiert;C01DA14;Isosorbidmononitrat;nein;STADAPHARM GmbH;Probleme in der Herstellung;N/A;N/A;07.04.2025;Vorgesehen;Hartkapsel, retardiert;weder versrel noch verskri
07373307;2705750;LE2026002639;N/A;Erstmeldung;22.07.2026;28.10.2026;16.07.2026;Produktionsproblem;ZYPADHERA 300 mg Pulver und Lösungsmittel zur Herstellung einer Depot-Injektionssuspension - OP(690mg+3ml);N05AH03;Olanzapinembonat-Monohydrat;ja;Cheplapharm Registration GmbH;Probleme in der Herstellung;delay in product release;ZYPREXA VELOTAB 10 mg Schmelztablette - OP98 - Einreichungsnummer: 2709524;16.07.2026;Vorgesehen;Pulver,Lösungsmittel;versrel
08630427;0007686;LE2026002637;LE2021001325;Änderungsmeldung;01.08.2020;14.09.2026;16.07.2026;Produktionsproblem;Staphylex 250 mg Kapseln;J01CF05;Flucloxacillin-Natrium  1 H<2>O;ja;PUREN Pharma GmbH & Co. KG;Herstellerwechsel;Validierung der Chargen wurde verzögert;N/A;13.08.2020;Nein;Hartkapsel;weder versrel noch verskri
99999999;0007686;LE2026002637;LE2021001325;Änderungsmeldung;01.08.2020;14.09.2026;16.07.2026;Produktionsproblem;Staphylex 250 mg Kapseln;J01CF05;Flucloxacillin-Natrium  1 H<2>O;ja;PUREN Pharma GmbH & Co. KG;Herstellerwechsel;Validierung der Chargen wurde verzögert;N/A;13.08.2020;Nein;Hartkapsel;weder versrel noch verskri
11297316;2196305;LE2026002636;LE2026001722;Änderungsmeldung;28.04.2026;07.09.2026;16.07.2026;Produktionsproblem;Atorvastatin PUREN 20 mg Filmtabletten;C10AA05;Atorvastatin-Calcium-Trihydrat (Ph.Eur.);ja;PUREN Pharma GmbH & Co. KG;Probleme in der Herstellung;Ressourcenengpass bei der Produktion;Atorvastatin PUREN 20 mg Filmtabletten - Einreichungsnummer: 2196305;05.05.2026;Vorgesehen;Filmtablette;versrel
16702520;2202004;LE2026002635;N/A;Erstmeldung;06.07.2026;28.09.2026;16.07.2026;Produktionsproblem;Urapidil PUREN 30 mg Retardkapseln;C02CA06;Urapidil;ja;PUREN Pharma GmbH & Co. KG;Probleme in der Herstellung;Ressourcenengpass bei der Produktion;N/A;16.07.2026;Vorgesehen;Hartkapsel, retardiert;versrel
16702572;2202355;LE2026002633;LE2026000621;Änderungsmeldung;09.02.2026;14.09.2026;16.07.2026;Produktionsproblem;Urapidil PUREN 90 mg Retardkapseln;C02CA06;Urapidil;ja;PUREN Pharma GmbH & Co. KG;Probleme in der Herstellung;Kapazitätsprobleme bei der Produktion;N/A;17.02.2026;Vorgesehen;Hartkapsel, retardiert;versrel
01467007;0375757;LE2026002627;LE2026002413;Änderungsmeldung;30.06.2026;10.11.2026;15.07.2026;Produktionsproblem;Fluorescein Alcon 10%;S01JA01;Fluorescein-Natrium (Ph.Eur.);nein;Alcon Deutschland GmbH;Probleme in der Herstellung;N/A;N/A;01.07.2026;Nein;Injektionslösung;verskri (auch versrel)
00000000;2122572;LE2026002624;N/A;Erstmeldung;03.08.2026;31.03.2027;14.07.2026;Sonstige;Dilzem 90mg retard;C08DB01;Diltiazemhydrochlorid;nein;Pfizer Pharma GmbH;Erhöhte Nachfrage;N/A;N/A;14.07.2026;Nein;Retardtablette;weder versrel noch verskri
02751383;2122572;LE2026002624;N/A;Erstmeldung;03.08.2026;31.03.2027;14.07.2026;Sonstige;Dilzem 90mg retard;C08DB01;Diltiazemhydrochlorid;nein;Pfizer Pharma GmbH;Erhöhte Nachfrage;N/A;N/A;14.07.2026;Nein;Retardtablette;weder versrel noch verskri
06323365;2167594;LE2026002623;LE2026002594;Änderungsmeldung;29.05.2026;31.08.2026;14.07.2026;Sonstige;Risperidon - 1 A Pharma 6 mg Filmtabletten;N05AX08;Risperidon;nein;1 A Pharma GmbH;Erhöhte Nachfrage;N/A;Risperidon - 1 A Pharma 4 mg Filmtabletten - Einreichungsnummer: 2161026;13.07.2026;Vorgesehen;Filmtablette;verskri (auch versrel)
06323425;2167594;LE2026002623;LE2026002594;Änderungsmeldung;29.05.2026;31.08.2026;14.07.2026;Sonstige;Risperidon - 1 A Pharma 6 mg Filmtabletten;N05AX08;Risperidon;nein;1 A Pharma GmbH;Erhöhte Nachfrage;N/A;Risperidon - 1 A Pharma 4 mg Filmtabletten - Einreichungsnummer: 2161026;13.07.2026;Vorgesehen;Filmtablette;verskri (auch versrel)
01168144;2173290;LE2026002622;LE2025003865;Änderungsmeldung;27.10.2025;15.08.2026;14.07.2026;Sonstige;Seroquel Prolong 150 mg Retardtabletten;N05AH04;Quetiapinfumarat (Ph.Eur.);nein;Cheplapharm Arzneimittel GmbH;Erhöhte Nachfrage;Competitors stockout;N/A;04.11.2025;Nein;Retardtablette;weder versrel noch verskri
01168196;2173290;LE2026002622;LE2025003865;Änderungsmeldung;27.10.2025;15.08.2026;14.07.2026;Sonstige;Seroquel Prolong 150 mg Retardtabletten;N05AH04;Quetiapinfumarat (Ph.Eur.);nein;Cheplapharm Arzneimittel GmbH;Erhöhte Nachfrage;Competitors stockout;N/A;04.11.2025;Nein;Retardtablette;weder versrel noch verskri
08754916;2138321;LE2026002621;N/A;Erstmeldung;10.07.2026;29.01.2027;14.07.2026;Sonstige;Dexa 8mg inject JENAPHARM;H02AB02;Dexamethasondihydrogenphosphat-Dinatrium (Ph.Eur.);nein;Mibe GmbH Arzneimittel;Sonstige;N/A;Dexa-inject mibe 8 mg/ml - Einreichungsnummer: 2138439;14.07.2026;Nein;Injektionslösung;verskri (auch versrel)
19111498;2115084;LE2026002620;LE2026001865;Änderungsmeldung;01.05.2026;31.07.2026;14.07.2026;Produktionsproblem;DHC Ennogen 60 mg Retardtabletten;N02AA08;Dihydrocodein[(R,R)-tartrat];ja;Ennogen Healthcare (Europe) Limited;Probleme in der Herstellung;Delay in API procurement at Bulk tablets manufacturer.;N/A;21.05.2026;Vorgesehen;Retardtablette;versrel
19111512;2115084;LE2026002620;LE2026001865;Änderungsmeldung;01.05.2026;31.07.2026;14.07.2026;Produktionsproblem;DHC Ennogen 60 mg Retardtabletten;N02AA08;Dihydrocodein[(R,R)-tartrat];ja;Ennogen Healthcare (Europe) Limited;Probleme in der Herstellung;Delay in API procurement at Bulk tablets manufacturer.;N/A;21.05.2026;Vorgesehen;Retardtablette;versrel
19111529;2115084;LE2026002620;LE2026001865;Änderungsmeldung;01.05.2026;31.07.2026;14.07.2026;Produktionsproblem;DHC Ennogen 60 mg Retardtabletten;N02AA08;Dihydrocodein[(R,R)-tartrat];ja;Ennogen Healthcare (Europe) Limited;Probleme in der Herstellung;Delay in API procurement at Bulk tablets manufacturer.;N/A;21.05.2026;Vorgesehen;Retardtablette;versrel
08424159;2132484;LE2026002619;N/A;Erstmeldung;10.07.2026;29.01.2027;14.07.2026;Sonstige;Methylprednisolon 4mg JENAPHARM;H02AB04;Methylprednisolon;nein;Mibe GmbH Arzneimittel;Sonstige;N/A;Metysolon 4 mg Tabletten - Einreichungsnummer: 7010916;14.07.2026;Nein;Tablette;versrel
12361714;2197035;LE2026002617;N/A;Erstmeldung;01.07.2026;03.11.2026;14.07.2026;Produktionsproblem;Etoricoxib PUREN 90 mg Filmtabletten;M01AH05;Etoricoxib;ja;PUREN Pharma GmbH & Co. KG;Probleme in der Herstellung;API Probelme bei der Produktion;N/A;14.07.2026;Vorgesehen;Filmtablette;versrel
12361720;2197035;LE2026002617;N/A;Erstmeldung;01.07.2026;03.11.2026;14.07.2026;Produktionsproblem;Etoricoxib PUREN 90 mg Filmtabletten;M01AH05;Etoricoxib;ja;PUREN Pharma GmbH & Co. KG;Probleme in der Herstellung;API Probelme bei der Produktion;N/A;14.07.2026;Vorgesehen;Filmtablette;versrel
12361737;2197035;LE2026002617;N/A;Erstmeldung;01.07.2026;03.11.2026;14.07.2026;Produktionsproblem;Etoricoxib PUREN 90 mg Filmtabletten;M01AH05;Etoricoxib;ja;PUREN Pharma GmbH & Co. KG;Probleme in der Herstellung;API Probelme bei der Produktion;N/A;14.07.2026;Vorgesehen;Filmtablette;versrel
12361795;2197036;LE2026002616;N/A;Erstmeldung;01.07.2026;02.11.2026;14.07.2026;Produktionsproblem;Etoricoxib PUREN 120 mg Filmtabletten;M01AH05;Etoricoxib;ja;PUREN Pharma GmbH & Co. KG;Probleme in der Herstellung;API Probleme bei der Produktion;Etoricoxib PUREN 120 mg Filmtabletten - Einreichungsnummer: 2197036;14.07.2026;Vorgesehen;Filmtablette;versrel
16531886;2201948;LE2026002614;LE2026001238;Änderungsmeldung;14.04.2026;14.08.2026;14.07.2026;Sonstige;Amitriptylin Micro Labs 88,38 mg Filmtabletten;N06AA09;Amitriptylinhydrochlorid;ja;Micro Labs GmbH;Erhöhte Nachfrage;N/A;N/A;30.03.2026;Nein;Filmtablette;versrel
16531892;2201948;LE2026002614;LE2026001238;Änderungsmeldung;14.04.2026;14.08.2026;14.07.2026;Sonstige;Amitriptylin Micro Labs 88,38 mg Filmtabletten;N06AA09;Amitriptylinhydrochlorid;ja;Micro Labs GmbH;Erhöhte Nachfrage;N/A;N/A;30.03.2026;Nein;Filmtablette;versrel
12361677;2197034;LE2026002605;N/A;Erstmeldung;07.07.2026;02.11.2026;14.07.2026;Produktionsproblem;Etoricoxib PUREN 60 mg Filmtabletten;M01AH05;Etoricoxib;ja;PUREN Pharma GmbH & Co. KG;Probleme in der Herstellung;API Probleme bei der Produktion;Etoricoxib PUREN 60 mg Filmtabletten - Einreichungsnummer: 2197034;14.07.2026;Vorgesehen;Filmtablette;versrel
12361648;2197033;LE2026002604;N/A;Erstmeldung;07.07.2026;03.11.2026;14.07.2026;Produktionsproblem;Etoricoxib PUREN 30 mg Filmtabletten;M01AH05;Etoricoxib;ja;PUREN Pharma GmbH & Co. KG;Probleme in der Herstellung;API Probleme bei der Produktion;N/A;14.07.2026;Vorgesehen;Filmtablette;versrel
05454355;2168271;LE2026002603;N/A;Erstmeldung;06.07.2026;30.10.2026;14.07.2026;Produktionsproblem;Sumatriptan Aurobindo 100 mg Tabletten;N02CC01;Sumatriptansuccinat;ja;PUREN Pharma GmbH & Co. KG;Probleme in der Herstellung;Ressourcenengpass bei der Produktion;Sumatriptan Aurobindo 100 mg Tabletten - Einreichungsnummer: 2168271;14.07.2026;Vorgesehen;Tablette;versrel
10113194;2187324;LE2026002602;N/A;Erstmeldung;06.07.2026;30.10.2026;14.07.2026;Sonstige;Escitalopram Aurobindo 10 mg Filmtabletten;N06AB10;Escitalopramoxalat;ja;PUREN Pharma GmbH & Co. KG;Erhöhte Nachfrage;erhöhte Nachfrage am Markt;Escitalopram Aurobindo 10 mg Filmtabletten - Einreichungsnummer: 2187324;14.07.2026;Vorgesehen;Filmtablette;versrel
16020631;2204119;LE2026002599;LE2025002484;Änderungsmeldung;16.07.2025;15.11.2026;14.07.2026;Sonstige;Perindopril/Amlodipin Denk 4 mg/10 mg Tabletten;C09BB04;"Amlodipinbesilat; Perindopril-tert-butylamin";nein;Denk Pharma GmbH & Co. KG;Erhöhte Nachfrage;N/A;N/A;16.07.2025;Vorgesehen;Tablette;weder versrel noch verskri
01433706;2122679;LE2026002595;N/A;Erstmeldung;08.07.2026;18.10.2026;14.07.2026;Sonstige;Volon A 10 - 5ml;H02AB08;Triamcinolonacetonid;nein;Dermapharm Aktiengesellschaft;Erhöhte Nachfrage;N/A;N/A;14.07.2026;Nein;Kristallsuspension;versrel
06063295;2164107;LE2026002593;N/A;Erstmeldung;12.06.2026;31.07.2026;13.07.2026;Sonstige;Risperidon - 1A Pharma 1 mg/ml Lösung zum Einnehmen;N05AX08;Risperidon;nein;1 A Pharma GmbH;Sonstige;N/A;N/A;13.07.2026;Vorgesehen;Lösung zum Einnehmen;verskri (auch versrel)
09276117;2183333;LE2026002592;N/A;Erstmeldung;06.07.2026;18.09.2026;13.07.2026;Sonstige;Levetiracetam HEXAL 100 mg/ml Konzentrat zur Herstellung einer Infusionslösung;N03AX14;Levetiracetam;nein;H e x a l  Aktiengesellschaft;Sonstige;N/A;N/A;13.07.2026;Vorgesehen;Konzentrat zur Herstellung einer Infusionslösung;versrel
03634314;2109768;LE2026002590;N/A;Erstmeldung;10.06.2026;01.10.2026;13.07.2026;Sonstige;Amineurin 10;N06AA09;Amitriptylinhydrochlorid;nein;H e x a l  Aktiengesellschaft;Sonstige;PZN 3634337 soll zum 27.07.2026 verfügbar sein;N/A;13.07.2026;Vorgesehen;Filmtablette;versrel
03634320;2109768;LE2026002590;N/A;Erstmeldung;10.06.2026;01.10.2026;13.07.2026;Sonstige;Amineurin 10;N06AA09;Amitriptylinhydrochlorid;nein;H e x a l  Aktiengesellschaft;Sonstige;PZN 3634337 soll zum 27.07.2026 verfügbar sein;N/A;13.07.2026;Vorgesehen;Filmtablette;versrel
03634337;2109768;LE2026002590;N/A;Erstmeldung;10.06.2026;01.10.2026;13.07.2026;Sonstige;Amineurin 10;N06AA09;Amitriptylinhydrochlorid;nein;H e x a l  Aktiengesellschaft;Sonstige;PZN 3634337 soll zum 27.07.2026 verfügbar sein;N/A;13.07.2026;Vorgesehen;Filmtablette;versrel
08828187;2182615;LE2026002589;LE2026002430;Änderungsmeldung;19.05.2026;19.02.2027;13.07.2026;Sonstige;Idarubicin HEXAL 1 mg/ml Konzentrat zur Herstellung einer Infusionslösung;L01DB06;Idarubicinhydrochlorid;nein;H e x a l  Aktiengesellschaft;Sonstige;N/A;Idarubicin HEXAL 1 mg/ml Konzentrat zur Herstellung einer Infusionslösung - Einreichungsnummer: 2182615;02.07.2026;Vorgesehen;Konzentrat zur Herstellung einer Infusionslösung;verskri (auch versrel)
01276891;2150745;LE2026002588;LE2026000918;Änderungsmeldung;12.02.2026;18.11.2026;13.07.2026;Sonstige;Dexahexal 4 mg;H02AB02;Dexamethasondihydrogenphosphat-Dinatrium (Ph.Eur.);nein;H e x a l  Aktiengesellschaft;Sonstige;N/A;Dexahexal 4 mg - Einreichungsnummer: 2150745;09.03.2026;Vorgesehen;Injektionslösung;verskri (auch versrel)
02426625;2146827;LE2026002584;LE2026001152;Änderungsmeldung;19.02.2026;31.10.2026;13.07.2026;Sonstige;BisoHEXAL plus 5/12,5;C07BB07;"Bisoprololfumarat (Ph.Eur.); Hydrochlorothiazid";nein;H e x a l  Aktiengesellschaft;Erhöhte Nachfrage;N/A;BisoHEXAL plus 5/12,5 - Einreichungsnummer: 2146827;24.03.2026;Nein;Filmtablette;weder versrel noch verskri
09637710;2190550;LE2026002578;LE2025000411;Änderungsmeldung;07.12.2024;30.09.2026;13.07.2026;Produktionsproblem;Quetiapin HEXAL 300 mg Retardtabletten;N05AH04;Quetiapinfumarat (Ph.Eur.);nein;H e x a l  Aktiengesellschaft;Probleme in der Herstellung;N/A;N/A;03.02.2025;Vorgesehen;Retardtablette;weder versrel noch verskri
09637727;2190550;LE2026002578;LE2025000411;Änderungsmeldung;07.12.2024;30.09.2026;13.07.2026;Produktionsproblem;Quetiapin HEXAL 300 mg Retardtabletten;N05AH04;Quetiapinfumarat (Ph.Eur.);nein;H e x a l  Aktiengesellschaft;Probleme in der Herstellung;N/A;N/A;03.02.2025;Vorgesehen;Retardtablette;weder versrel noch verskri
09637733;2190550;LE2026002578;LE2025000411;Änderungsmeldung;07.12.2024;30.09.2026;13.07.2026;Produktionsproblem;Quetiapin HEXAL 300 mg Retardtabletten;N05AH04;Quetiapinfumarat (Ph.Eur.);nein;H e x a l  Aktiengesellschaft;Probleme in der Herstellung;N/A;N/A;03.02.2025;Vorgesehen;Retardtablette;weder versrel noch verskri
03913089;2114047;LE2026002577;LE2026002476;Änderungsmeldung;04.07.2026;25.09.2026;13.07.2026;Sonstige;MetoHEXAL 200 mg retard;C07AB02;Metoprololtartrat (Ph.Eur.);nein;H e x a l  Aktiengesellschaft;Erhöhte Nachfrage;PZN 6183059 voraussichtlich Ende Sep verfügbar;MetoHEXAL 200 mg retard - Einreichungsnummer: 2114047;06.07.2026;Vorgesehen;Retardtablette;weder versrel noch verskri
06183059;2114047;LE2026002577;LE2026002476;Änderungsmeldung;04.07.2026;25.09.2026;13.07.2026;Sonstige;MetoHEXAL 200 mg retard;C07AB02;Metoprololtartrat (Ph.Eur.);nein;H e x a l  Aktiengesellschaft;Erhöhte Nachfrage;PZN 6183059 voraussichtlich Ende Sep verfügbar;MetoHEXAL 200 mg retard - Einreichungsnummer: 2114047;06.07.2026;Vorgesehen;Retardtablette;weder versrel noch verskri
03286793;0403867;LE2026002575;LE2026001628;Änderungsmeldung;24.11.2025;19.08.2026;13.07.2026;Sonstige;Triamhexal 10;H02AB08;Triamcinolonacetonid;nein;H e x a l  Aktiengesellschaft;Unzureichende Produktionskapazitäten;N/A;N/A;29.04.2026;Vorgesehen;Injektionssuspension;versrel
03294798;0403867;LE2026002575;LE2026001628;Änderungsmeldung;24.11.2025;19.08.2026;13.07.2026;Sonstige;Triamhexal 10;H02AB08;Triamcinolonacetonid;nein;H e x a l  Aktiengesellschaft;Unzureichende Produktionskapazitäten;N/A;N/A;29.04.2026;Vorgesehen;Injektionssuspension;versrel
03294806;0403867;LE2026002575;LE2026001628;Änderungsmeldung;24.11.2025;19.08.2026;13.07.2026;Sonstige;Triamhexal 10;H02AB08;Triamcinolonacetonid;nein;H e x a l  Aktiengesellschaft;Unzureichende Produktionskapazitäten;N/A;N/A;29.04.2026;Vorgesehen;Injektionssuspension;versrel
03911452;0403867;LE2026002575;LE2026001628;Änderungsmeldung;24.11.2025;19.08.2026;13.07.2026;Sonstige;Triamhexal 10;H02AB08;Triamcinolonacetonid;nein;H e x a l  Aktiengesellschaft;Unzureichende Produktionskapazitäten;N/A;N/A;29.04.2026;Vorgesehen;Injektionssuspension;versrel
13588087;2190750;LE2026002574;LE2025001295;Änderungsmeldung;03.03.2025;30.09.2026;13.07.2026;Sonstige;Pramipexol - 1 A Pharma 0,26 mg Retardtabletten;N04BC05;Pramipexoldihydrochlorid-Monohydrat;nein;1 A Pharma GmbH;Sonstige;N/A;Pramipexol - 1 A Pharma 0,26 mg Retardtabletten - Einreichungsnummer: 2190750;11.04.2025;Vorgesehen;Retardtablette;versrel
09318413;2178617;LE2026002573;LE2025003076;Änderungsmeldung;09.05.2025;30.09.2026;13.07.2026;Sonstige;Oxcarbazepin - 1 A Pharma 60 mg/ml Suspension zum Einnehmen;N03AF02;Oxcarbazepin;nein;1 A Pharma GmbH;Sonstige;N/A;N/A;28.08.2025;Nein;Suspension zum Einnehmen;versrel
03286818;0403896;LE2026002572;LE2026001629;Änderungsmeldung;26.11.2025;02.09.2026;13.07.2026;Sonstige;Triamhexal 40;H02AB08;Triamcinolonacetonid;nein;H e x a l  Aktiengesellschaft;Unzureichende Produktionskapazitäten;N/A;N/A;29.04.2026;Vorgesehen;Injektionssuspension;versrel
03287048;0403896;LE2026002572;LE2026001629;Änderungsmeldung;26.11.2025;02.09.2026;13.07.2026;Sonstige;Triamhexal 40;H02AB08;Triamcinolonacetonid;nein;H e x a l  Aktiengesellschaft;Unzureichende Produktionskapazitäten;N/A;N/A;29.04.2026;Vorgesehen;Injektionssuspension;versrel
03294812;0403896;LE2026002572;LE2026001629;Änderungsmeldung;26.11.2025;02.09.2026;13.07.2026;Sonstige;Triamhexal 40;H02AB08;Triamcinolonacetonid;nein;H e x a l  Aktiengesellschaft;Unzureichende Produktionskapazitäten;N/A;N/A;29.04.2026;Vorgesehen;Injektionssuspension;versrel
03294829;0403896;LE2026002572;LE2026001629;Änderungsmeldung;26.11.2025;02.09.2026;13.07.2026;Sonstige;Triamhexal 40;H02AB08;Triamcinolonacetonid;nein;H e x a l  Aktiengesellschaft;Unzureichende Produktionskapazitäten;N/A;N/A;29.04.2026;Vorgesehen;Injektionssuspension;versrel
03911469;0403896;LE2026002572;LE2026001629;Änderungsmeldung;26.11.2025;02.09.2026;13.07.2026;Sonstige;Triamhexal 40;H02AB08;Triamcinolonacetonid;nein;H e x a l  Aktiengesellschaft;Unzureichende Produktionskapazitäten;N/A;N/A;29.04.2026;Vorgesehen;Injektionssuspension;versrel
06155896;0403896;LE2026002572;LE2026001629;Änderungsmeldung;26.11.2025;02.09.2026;13.07.2026;Sonstige;Triamhexal 40;H02AB08;Triamcinolonacetonid;nein;H e x a l  Aktiengesellschaft;Unzureichende Produktionskapazitäten;N/A;N/A;29.04.2026;Vorgesehen;Injektionssuspension;versrel
01620437;2146826;LE2026002571;LE2026001150;Änderungsmeldung;05.03.2026;15.09.2026;13.07.2026;Sonstige;Bisoprolol plus 5/12,5 - 1 A Pharma;C07BB07;"Bisoprololfumarat (Ph.Eur.); Hydrochlorothiazid";nein;1 A Pharma GmbH;Erhöhte Nachfrage;N/A;N/A;24.03.2026;Nein;Filmtablette;weder versrel noch verskri
01620443;2146826;LE2026002571;LE2026001150;Änderungsmeldung;05.03.2026;15.09.2026;13.07.2026;Sonstige;Bisoprolol plus 5/12,5 - 1 A Pharma;C07BB07;"Bisoprololfumarat (Ph.Eur.); Hydrochlorothiazid";nein;1 A Pharma GmbH;Erhöhte Nachfrage;N/A;N/A;24.03.2026;Nein;Filmtablette;weder versrel noch verskri
01622873;2146826;LE2026002571;LE2026001150;Änderungsmeldung;05.03.2026;15.09.2026;13.07.2026;Sonstige;Bisoprolol plus 5/12,5 - 1 A Pharma;C07BB07;"Bisoprololfumarat (Ph.Eur.); Hydrochlorothiazid";nein;1 A Pharma GmbH;Erhöhte Nachfrage;N/A;N/A;24.03.2026;Nein;Filmtablette;weder versrel noch verskri
02165225;2141418;LE2026002570;N/A;Erstmeldung;06.07.2026;21.08.2026;13.07.2026;Sonstige;Lamisil Spray;D01AE15;Terbinafinhydrochlorid;nein;Karo Healthcare AB;Erhöhte Nachfrage;N/A;Epi-Pevaryl P.v. 1 % Lösung - Einreichungsnummer: 2104443;13.07.2026;Vorgesehen;Spray zur Anwendung auf der Haut, Lösung;versrel
14446053;2200613;LE2026002569;LE2025004229;Änderungsmeldung;28.11.2025;14.12.2026;13.07.2026;Sonstige;DRIPONIN 3 mg Tabletten;P02CF01;Ivermectin;ja;Pädia GmbH;Erhöhte Nachfrage;N/A;DRIPONIN 3 mg Tabletten - Einreichungsnummer: 2200613;28.11.2025;Nein;Tablette;verskri (auch versrel)
14446076;2200613;LE2026002569;LE2025004229;Änderungsmeldung;28.11.2025;14.12.2026;13.07.2026;Sonstige;DRIPONIN 3 mg Tabletten;P02CF01;Ivermectin;ja;Pädia GmbH;Erhöhte Nachfrage;N/A;DRIPONIN 3 mg Tabletten - Einreichungsnummer: 2200613;28.11.2025;Nein;Tablette;verskri (auch versrel)
01116207;2113068;LE2026002568;LE2026002030;Änderungsmeldung;27.05.2026;23.08.2026;13.07.2026;Sonstige;Volon A 40;H02AB08;Triamcinolonacetonid;ja;Dermapharm Aktiengesellschaft;Erhöhte Nachfrage;N/A;N/A;03.06.2026;Nein;Kristallsuspension;versrel
11213101;2113068;LE2026002568;LE2026002030;Änderungsmeldung;27.05.2026;23.08.2026;13.07.2026;Sonstige;Volon A 40;H02AB08;Triamcinolonacetonid;ja;Dermapharm Aktiengesellschaft;Erhöhte Nachfrage;N/A;N/A;03.06.2026;Nein;Kristallsuspension;versrel
02405563;2102014;LE2026002554;N/A;Erstmeldung;16.03.2026;18.08.2026;10.07.2026;Sonstige;Remestan mite 10 mg;N05CD07;Temazepam;ja;Viatris Healthcare GmbH;Unzureichende Produktionskapazitäten;N/A;N/A;10.07.2026;Nein;Weichkapsel;weder versrel noch verskri
02405586;2102014;LE2026002554;N/A;Erstmeldung;16.03.2026;18.08.2026;10.07.2026;Sonstige;Remestan mite 10 mg;N05CD07;Temazepam;ja;Viatris Healthcare GmbH;Unzureichende Produktionskapazitäten;N/A;N/A;10.07.2026;Nein;Weichkapsel;weder versrel noch verskri
02396887;2102015;LE2026002553;N/A;Erstmeldung;16.03.2026;18.08.2026;10.07.2026;Sonstige;Remestan 20 mg;N05CD07;Temazepam;ja;Viatris Healthcare GmbH;Unzureichende Produktionskapazitäten;N/A;N/A;10.07.2026;Nein;Weichkapsel;weder versrel noch verskri
02396893;2102015;LE2026002553;N/A;Erstmeldung;16.03.2026;18.08.2026;10.07.2026;Sonstige;Remestan 20 mg;N05CD07;Temazepam;ja;Viatris Healthcare GmbH;Unzureichende Produktionskapazitäten;N/A;N/A;10.07.2026;Nein;Weichkapsel;weder versrel noch verskri
07762173;2184055;LE2026002550;N/A;Erstmeldung;08.07.2026;31.12.2026;09.07.2026;Produktionsproblem;VALSARTAN BASICS 160 mg Filmtabletten;C09CA03;Valsartan;nein;Basics GmbH;Sonstige;N/A;N/A;09.07.2026;Nein;Filmtablette;weder versrel noch verskri
08798888;2186539;LE2026002549;LE2026001383;Änderungsmeldung;19.03.2026;31.12.2026;09.07.2026;Produktionsproblem;VALSARTAN BASICS 320 mg Filmtabletten;C09CA03;Valsartan;nein;Basics GmbH;Sonstige;Die PZN 8798931 ist erst seit dem 10.07.2026 lieferunfähig.;N/A;09.04.2026;Nein;Filmtablette;weder versrel noch verskri
08798931;2186539;LE2026002549;LE2026001383;Änderungsmeldung;19.03.2026;31.12.2026;09.07.2026;Produktionsproblem;VALSARTAN BASICS 320 mg Filmtabletten;C09CA03;Valsartan;nein;Basics GmbH;Sonstige;Die PZN 8798931 ist erst seit dem 10.07.2026 lieferunfähig.;N/A;09.04.2026;Nein;Filmtablette;weder versrel noch verskri
15862842;2714959, 2714960, 7004303, 7004304;LE2026002548;LE2025004705;Änderungsmeldung;27.10.2025;31.08.2026;09.07.2026;Sonstige;Nepexto 50 mg Injektionslösung in einer Fertigspritze ;L04AB01;Etanercept;nein;Biosimilar Collaborations Ireland Limited;Sonstige;N/A;Enbrel 50 mg Injektionslösung in Fertigspritze - OP4 - Einreichungsnummer: 2703354;29.12.2025;Vorgesehen;Injektionslösung;versrel
15862859;2714959, 2714960, 7004303, 7004304;LE2026002548;LE2025004705;Änderungsmeldung;27.10.2025;31.08.2026;09.07.2026;Sonstige;Nepexto 50 mg Injektionslösung in einer Fertigspritze ;L04AB01;Etanercept;nein;Biosimilar Collaborations Ireland Limited;Sonstige;N/A;Enbrel 50 mg Injektionslösung in Fertigspritze - OP4 - Einreichungsnummer: 2703354;29.12.2025;Vorgesehen;Injektionslösung;versrel
16487671;2714959, 2714960, 7004303, 7004304;LE2026002548;LE2025004705;Änderungsmeldung;27.10.2025;31.08.2026;09.07.2026;Sonstige;Nepexto 50 mg Injektionslösung in einer Fertigspritze ;L04AB01;Etanercept;nein;Biosimilar Collaborations Ireland Limited;Sonstige;N/A;Enbrel 50 mg Injektionslösung in Fertigspritze - OP4 - Einreichungsnummer: 2703354;29.12.2025;Vorgesehen;Injektionslösung;versrel
16487688;2714959, 2714960, 7004303, 7004304;LE2026002548;LE2025004705;Änderungsmeldung;27.10.2025;31.08.2026;09.07.2026;Sonstige;Nepexto 50 mg Injektionslösung in einer Fertigspritze ;L04AB01;Etanercept;nein;Biosimilar Collaborations Ireland Limited;Sonstige;N/A;Enbrel 50 mg Injektionslösung in Fertigspritze - OP4 - Einreichungsnummer: 2703354;29.12.2025;Vorgesehen;Injektionslösung;versrel
11595261;2181677;LE2026002541;LE2025003990;Änderungsmeldung;14.11.2025;03.01.2028;09.07.2026;Sonstige;Tolterodin-Aristo 1 mg Filmtabletten;G04BD07;Tolterodintartrat;nein;Aristo Pharma GmbH;Erhöhte Nachfrage;N/A;N/A;07.11.2025;Vorgesehen;Filmtablette;weder versrel noch verskri
06706451;2151313;LE2026002540;N/A;Erstmeldung;01.07.2026;27.07.2026;09.07.2026;Sonstige;Calcitriol-GRY 0,25 Mikrogramm Kapseln;A11CC04;Calcitriol;nein;TEVA GmbH;Erhöhte Nachfrage;N/A;N/A;09.07.2026;Vorgesehen;Weichkapsel;versrel
06706474;2151313;LE2026002540;N/A;Erstmeldung;01.07.2026;27.07.2026;09.07.2026;Sonstige;Calcitriol-GRY 0,25 Mikrogramm Kapseln;A11CC04;Calcitriol;nein;TEVA GmbH;Erhöhte Nachfrage;N/A;N/A;09.07.2026;Vorgesehen;Weichkapsel;versrel
04008079;3000655;LE2026002532;N/A;Erstmeldung;01.07.2026;29.01.2027;09.07.2026;Sonstige;Digitoxin AWD 0,07;C01AA04;Digitoxin;nein;TEVA GmbH;Sonstige;N/A;N/A;09.07.2026;Vorgesehen;Tablette;verskri (auch versrel)
04346267;3000655;LE2026002532;N/A;Erstmeldung;01.07.2026;29.01.2027;09.07.2026;Sonstige;Digitoxin AWD 0,07;C01AA04;Digitoxin;nein;TEVA GmbH;Sonstige;N/A;N/A;09.07.2026;Vorgesehen;Tablette;verskri (auch versrel)
03277630;2706023;LE2026002531;N/A;Erstmeldung;09.07.2026;31.03.2027;09.07.2026;Sonstige;Victoza 6 mg/ml Injektionslösung in Fertigpen - OP(2x3ml);TERM_ID_NA_2090000841;Liraglutid;nein;Novo Nordisk A/S;Sonstige;Nur noch Restbestände im Markt, Abverkauf und AV-Setzung des Arzneimittels;Victoza 6 mg/ml Injektionslösung in Fertigpen - OP(10x3ml) - Einreichungsnummer: 2706026;09.07.2026;Vorgesehen;Injektionslösung;verskri (auch versrel)
08494148;2134317;LE2026002530;N/A;Erstmeldung;01.07.2026;27.08.2026;09.07.2026;Sonstige;ISMN AbZ 40 mg Tabletten;C01DA14;Isosorbidmononitrat;nein;AbZ-Pharma GmbH;Erhöhte Nachfrage;N/A;N/A;09.07.2026;Vorgesehen;Tablette;weder versrel noch verskri
03820324;2114902;LE2026002528;N/A;Erstmeldung;01.07.2026;09.09.2026;09.07.2026;Sonstige;Cephalex-CT 1000mg Filmtabletten;J01DB01;Cefalexin-Monohydrat;nein;AbZ-Pharma GmbH;Erhöhte Nachfrage;N/A;N/A;09.07.2026;Vorgesehen;Filmtablette;verskri (auch versrel)
06154626;2114902;LE2026002528;N/A;Erstmeldung;01.07.2026;09.09.2026;09.07.2026;Sonstige;Cephalex-CT 1000mg Filmtabletten;J01DB01;Cefalexin-Monohydrat;nein;AbZ-Pharma GmbH;Erhöhte Nachfrage;N/A;N/A;09.07.2026;Vorgesehen;Filmtablette;verskri (auch versrel)
03574204;2109216;LE2026002527;N/A;Erstmeldung;01.07.2026;30.07.2026;09.07.2026;Sonstige;Cephalexin-ratiopharm 1000 mg Filmtabletten;J01DB01;Cefalexin-Monohydrat;nein;ratiopharm GmbH;Erhöhte Nachfrage;N/A;N/A;09.07.2026;Vorgesehen;Filmtablette;verskri (auch versrel)
03574210;2109216;LE2026002527;N/A;Erstmeldung;01.07.2026;30.07.2026;09.07.2026;Sonstige;Cephalexin-ratiopharm 1000 mg Filmtabletten;J01DB01;Cefalexin-Monohydrat;nein;ratiopharm GmbH;Erhöhte Nachfrage;N/A;N/A;09.07.2026;Vorgesehen;Filmtablette;verskri (auch versrel)
07373247;2705749;LE2026002524;N/A;Erstmeldung;26.08.2026;10.11.2026;08.07.2026;Produktionsproblem;ZYPADHERA 210 mg Pulver und Lösungsmittel zur Herstellung einer Depot-Injektionssuspension - OP(483mg+3ml);N05AH03;Olanzapinembonat-Monohydrat;ja;Cheplapharm Registration GmbH;Probleme in der Herstellung;delay in product release;ZYPADHERA 300 mg Pulver und Lösungsmittel zur Herstellung einer Depot-Injektionssuspension - OP(690mg+3ml) - Einreichungsnummer: 2705750;08.07.2026;Vorgesehen;Pulver,Lösungsmittel;versrel
07373359;2705751;LE2026002523;N/A;Erstmeldung;16.08.2026;06.10.2026;08.07.2026;Produktionsproblem;ZYPADHERA 405 mg Pulver und Lösungsmittel zur Herstellung einer Depot-Injektionssuspension - OP(931mg+3ml);N05AH03;Olanzapinembonat-Monohydrat;ja;Cheplapharm Registration GmbH;Probleme in der Herstellung;delay in product release;ZYPADHERA 300 mg Pulver und Lösungsmittel zur Herstellung einer Depot-Injektionssuspension - OP(690mg+3ml) - Einreichungsnummer: 2705750;08.07.2026;Vorgesehen;Pulver,Lösungsmittel;versrel
02587966;2155615;LE2026002522;N/A;Erstmeldung;01.07.2026;16.08.2026;08.07.2026;Sonstige;Prednitop Creme;D07AC18;Prednicarbat;ja;Dermapharm Aktiengesellschaft;Unzureichende Produktionskapazitäten;N/A;Prednitop Creme - Einreichungsnummer: 2155615;08.07.2026;Nein;Creme;weder versrel noch verskri
06882202;2127556;LE2026002520;LE2026002479;Änderungsmeldung;13.07.2026;03.08.2026;08.07.2026;Sonstige;Thyronajod 50 Henning;H03AA51, H03CA;"Kaliumiodid; Levothyroxin-Natrium";nein;Sanofi-Aventis Deutschland GmbH;Unzureichende Produktionskapazitäten;Stock-out;N/A;06.07.2026;Nein;Tablette;versrel
06882219;2127556;LE2026002520;LE2026002479;Änderungsmeldung;13.07.2026;03.08.2026;08.07.2026;Sonstige;Thyronajod 50 Henning;H03AA51, H03CA;"Kaliumiodid; Levothyroxin-Natrium";nein;Sanofi-Aventis Deutschland GmbH;Unzureichende Produktionskapazitäten;Stock-out;N/A;06.07.2026;Nein;Tablette;versrel
06882231;2127557;LE2026002519;N/A;Erstmeldung;08.07.2026;04.08.2026;08.07.2026;Sonstige;Thyronajod 75 Henning;H03AA51, H03CA;"Kaliumiodid; Levothyroxin-Natrium";ja;Sanofi-Aventis Deutschland GmbH;Unzureichende Produktionskapazitäten;Eingeschränkt lieferfähig;N/A;08.07.2026;Nein;Tablette;versrel
06882248;2127557;LE2026002519;N/A;Erstmeldung;08.07.2026;04.08.2026;08.07.2026;Sonstige;Thyronajod 75 Henning;H03AA51, H03CA;"Kaliumiodid; Levothyroxin-Natrium";ja;Sanofi-Aventis Deutschland GmbH;Unzureichende Produktionskapazitäten;Eingeschränkt lieferfähig;N/A;08.07.2026;Nein;Tablette;versrel
06301234;0127189;LE2026002505;N/A;Erstmeldung;07.07.2026;17.09.2026;07.07.2026;Sonstige;Epipevisone;D01AC;"Econazolnitrat; Triamcinolonacetonid";nein;Karo Healthcare AB;Erhöhte Nachfrage;N/A;Epipevisone - Einreichungsnummer: 0127189;07.07.2026;Vorgesehen;Creme;weder versrel noch verskri
11377452;2192490;LE2026002502;LE2026002229;Änderungsmeldung;26.05.2026;30.10.2026;07.07.2026;Produktionsproblem;Dorzo-Vision sine 20 mg/ml Augentropfen, Lösung im Einzeldosisbehältnis;S01EC03;Dorzolamidhydrochlorid;ja;OmniVision GmbH;Probleme in der Herstellung;N/A;Dorzo-Vision sine 20 mg/ml Augentropfen, Lösung im Einzeldosisbehältnis - Einreichungsnummer: 2192490;18.06.2026;Nein;Augentropfen, Lösung im Einzeldosisbehältnis;versrel
11377469;2192490;LE2026002502;LE2026002229;Änderungsmeldung;26.05.2026;30.10.2026;07.07.2026;Produktionsproblem;Dorzo-Vision sine 20 mg/ml Augentropfen, Lösung im Einzeldosisbehältnis;S01EC03;Dorzolamidhydrochlorid;ja;OmniVision GmbH;Probleme in der Herstellung;N/A;Dorzo-Vision sine 20 mg/ml Augentropfen, Lösung im Einzeldosisbehältnis - Einreichungsnummer: 2192490;18.06.2026;Nein;Augentropfen, Lösung im Einzeldosisbehältnis;versrel
08400489;2174675;LE2026002494;LE2026000575;Änderungsmeldung;01.02.2026;31.10.2026;07.07.2026;Produktionsproblem;Tacpan 5 mg Hartkapseln;L04AD02;Tacrolimus-Monohydrat;nein;Panacea Biotec Germany GmbH;Sonstige;N/A;Prograf 5mg Hartkapseln - Einreichungsnummer: 2138355;12.02.2026;Nein;Hartkapsel;verskri (auch versrel)
08400495;2174675;LE2026002494;LE2026000575;Änderungsmeldung;01.02.2026;31.10.2026;07.07.2026;Produktionsproblem;Tacpan 5 mg Hartkapseln;L04AD02;Tacrolimus-Monohydrat;nein;Panacea Biotec Germany GmbH;Sonstige;N/A;Prograf 5mg Hartkapseln - Einreichungsnummer: 2138355;12.02.2026;Nein;Hartkapsel;verskri (auch versrel)
13835031;2713772, 7007916;LE2026002490;LE2026002345;Änderungsmeldung;25.06.2026;31.07.2026;07.07.2026;Sonstige;Semglee 100 Einheiten/ml Injektionslösung in Fertigpen - OP(5x3ml);A10AE04;Insulin glargin;nein;Biosimilar Collaborations Ireland Limited;Sonstige;N/A;Lantus 100 I.E./ml Injektionslösung in Fertigpen - OP(5x3ml)(SoloStar) - Einreichungsnummer: 2704301;25.06.2026;Vorgesehen;Injektionslösung;verskri (auch versrel)
13835048;2713772, 7007916;LE2026002490;LE2026002345;Änderungsmeldung;25.06.2026;31.07.2026;07.07.2026;Sonstige;Semglee 100 Einheiten/ml Injektionslösung in Fertigpen - OP(5x3ml);A10AE04;Insulin glargin;nein;Biosimilar Collaborations Ireland Limited;Sonstige;N/A;Lantus 100 I.E./ml Injektionslösung in Fertigpen - OP(5x3ml)(SoloStar) - Einreichungsnummer: 2704301;25.06.2026;Vorgesehen;Injektionslösung;verskri (auch versrel)
07289558;2100296;LE2026002488;LE2022000250;Änderungsmeldung;20.03.2022;31.03.2027;07.07.2026;Produktionsproblem;Metalcaptase 150 mg;M01CC01, TERM_ID_NA_2090010126, V03AB;Penicillamin;ja;H e y l Chemisch-pharmazeutische Fabrik GmbH & Co. KG;Sonstige;Haupt Pharma Wülfing GmbH ....;Metalcaptase 300 mg - Einreichungsnummer: 0812873;17.02.2022;Nein;magensaftresistente Tablette;verskri (auch versrel)
07289564;2100296;LE2026002488;LE2022000250;Änderungsmeldung;20.03.2022;31.03.2027;07.07.2026;Produktionsproblem;Metalcaptase 150 mg;M01CC01, TERM_ID_NA_2090010126, V03AB;Penicillamin;ja;H e y l Chemisch-pharmazeutische Fabrik GmbH & Co. KG;Sonstige;Haupt Pharma Wülfing GmbH ....;Metalcaptase 300 mg - Einreichungsnummer: 0812873;17.02.2022;Nein;magensaftresistente Tablette;verskri (auch versrel)
17167804;2202088;LE2026002482;N/A;Erstmeldung;06.07.2026;15.03.2027;07.07.2026;Produktionsproblem;Lanthan Mylan 750 mg Kautabletten;V03AE03;Lanthan;ja;Viatris Germany GmbH;Probleme in der Herstellung;N/A;N/A;07.07.2026;Nein;Kautablette;weder versrel noch verskri
00850483;2161497;LE2026002477;N/A;Erstmeldung;07.05.2026;31.08.2026;06.07.2026;Sonstige;MetoHEXAL Succ 142,5 mg Retardtabletten;C07AB02;Metoprololsuccinat (Ph.Eur.);nein;H e x a l  Aktiengesellschaft;Erhöhte Nachfrage;N/A;MetoHEXAL Succ 142,5 mg Retardtabletten - Einreichungsnummer: 2161497;06.07.2026;Vorgesehen;Retardtablette;versrel
00850508;2161497;LE2026002477;N/A;Erstmeldung;07.05.2026;31.08.2026;06.07.2026;Sonstige;MetoHEXAL Succ 142,5 mg Retardtabletten;C07AB02;Metoprololsuccinat (Ph.Eur.);nein;H e x a l  Aktiengesellschaft;Erhöhte Nachfrage;N/A;MetoHEXAL Succ 142,5 mg Retardtabletten - Einreichungsnummer: 2161497;06.07.2026;Vorgesehen;Retardtablette;versrel
02424448;2102034;LE2026002473;LE2025004249;Änderungsmeldung;01.12.2025;14.08.2026;06.07.2026;Sonstige;Propra-ratiopharm 80 mg Filmtabletten;C07AA05;Propranololhydrochlorid;nein;ratiopharm GmbH;Erhöhte Nachfrage;N/A;N/A;01.12.2025;Vorgesehen;Filmtablette;weder versrel noch verskri
07577688;2143815;LE2026002469;LE2024003452;Änderungsmeldung;18.09.2024;31.12.2026;06.07.2026;Produktionsproblem;Custodiol;B05XA16;"Calciumchlorid-Dihydrat; Histidin; Histidinhydrochlorid-Monohydrat; Kalium-hydrogen-2-oxopentandioat; Kaliumchlorid; Magnesiumchlorid-Hexahydrat; Mannitol (Ph.Eur.); Natriumchlorid; Tryptophan";ja;Dr. Franz Köhler Chemie GmbH;Probleme in der Herstellung;Identifizierte Stabilitätsprobleme innerhalb der Laufzeit bei Custodiol Flaschen (500 ml, 1000 ml). ;Custodiol - Einreichungsnummer: 2143815;17.09.2024;Vorgesehen;Kardioplege Lösung/Organkonservierungslösung;weder versrel noch verskri
08757671;2143815;LE2026002469;LE2024003452;Änderungsmeldung;18.09.2024;31.12.2026;06.07.2026;Produktionsproblem;Custodiol;B05XA16;"Calciumchlorid-Dihydrat; Histidin; Histidinhydrochlorid-Monohydrat; Kalium-hydrogen-2-oxopentandioat; Kaliumchlorid; Magnesiumchlorid-Hexahydrat; Mannitol (Ph.Eur.); Natriumchlorid; Tryptophan";ja;Dr. Franz Köhler Chemie GmbH;Probleme in der Herstellung;Identifizierte Stabilitätsprobleme innerhalb der Laufzeit bei Custodiol Flaschen (500 ml, 1000 ml). ;Custodiol - Einreichungsnummer: 2143815;17.09.2024;Vorgesehen;Kardioplege Lösung/Organkonservierungslösung;weder versrel noch verskri
16779066;2201999;LE2026002462;LE2025003557;Änderungsmeldung;09.10.2025;31.10.2026;03.07.2026;Produktionsproblem;Urapidil Bluefish 90 mg Hartkapseln, retardiert;C02CA06;Urapidil;nein;Bluefish Pharmaceuticals AB (publ);Probleme in der Herstellung;N/A;Ebrantil 90 mg - Einreichungsnummer: 2165933;09.10.2025;Nein;Hartkapsel, retardiert;versrel
16779072;2201999;LE2026002462;LE2025003557;Änderungsmeldung;09.10.2025;31.10.2026;03.07.2026;Produktionsproblem;Urapidil Bluefish 90 mg Hartkapseln, retardiert;C02CA06;Urapidil;nein;Bluefish Pharmaceuticals AB (publ);Probleme in der Herstellung;N/A;Ebrantil 90 mg - Einreichungsnummer: 2165933;09.10.2025;Nein;Hartkapsel, retardiert;versrel
16778983;2201997;LE2026002460;LE2025003556;Änderungsmeldung;09.10.2025;31.10.2026;03.07.2026;Produktionsproblem;Urapidil Bluefish 30 mg Hartkapseln, retardiert;C02CA06;Urapidil;nein;Bluefish Pharmaceuticals AB (publ);Probleme in der Herstellung;N/A;Ebrantil 30 mg - Einreichungsnummer: 2193729;09.10.2025;Nein;Hartkapsel, retardiert;versrel
16779008;2201997;LE2026002460;LE2025003556;Änderungsmeldung;09.10.2025;31.10.2026;03.07.2026;Produktionsproblem;Urapidil Bluefish 30 mg Hartkapseln, retardiert;C02CA06;Urapidil;nein;Bluefish Pharmaceuticals AB (publ);Probleme in der Herstellung;N/A;Ebrantil 30 mg - Einreichungsnummer: 2193729;09.10.2025;Nein;Hartkapsel, retardiert;versrel
18214753;7004432;LE2026002449;LE2025004108;Änderungsmeldung;22.05.2025;25.09.2026;03.07.2026;Sonstige;Atorvastatin Micro Labs 30 mg Filmtabletten;C10AA05;Atorvastatin-Calcium-Trihydrat (Ph.Eur.);ja;Micro Labs GmbH;Erhöhte Nachfrage;N/A;N/A;20.11.2025;Nein;Filmtablette;versrel
18214776;7004432;LE2026002449;LE2025004108;Änderungsmeldung;22.05.2025;25.09.2026;03.07.2026;Sonstige;Atorvastatin Micro Labs 30 mg Filmtabletten;C10AA05;Atorvastatin-Calcium-Trihydrat (Ph.Eur.);ja;Micro Labs GmbH;Erhöhte Nachfrage;N/A;N/A;20.11.2025;Nein;Filmtablette;versrel
16531745;2201945;LE2026002447;LE2026001234;Änderungsmeldung;26.03.2026;14.08.2026;03.07.2026;Sonstige;Amitriptylin Micro Labs 22,1 mg Filmtabletten;N06AA09;Amitriptylinhydrochlorid;ja;Micro Labs GmbH;Erhöhte Nachfrage;N/A;N/A;30.03.2026;Nein;Filmtablette;versrel
16531751;2201945;LE2026002447;LE2026001234;Änderungsmeldung;26.03.2026;14.08.2026;03.07.2026;Sonstige;Amitriptylin Micro Labs 22,1 mg Filmtabletten;N06AA09;Amitriptylinhydrochlorid;ja;Micro Labs GmbH;Erhöhte Nachfrage;N/A;N/A;30.03.2026;Nein;Filmtablette;versrel
08472135;2180295;LE2026002443;LE2021000116;Änderungsmeldung;01.07.2018;31.12.2026;03.07.2026;Sonstige;VALSARTAN COMP BASICS 160 mg/12,5 mg Filmtabletten;C09DA03;"Hydrochlorothiazid; Valsartan";nein;Basics GmbH;Sonstige;N/A;N/A;10.07.2018;Nein;Filmtablette;weder versrel noch verskri
08472589;2180295;LE2026002443;LE2021000116;Änderungsmeldung;01.07.2018;31.12.2026;03.07.2026;Sonstige;VALSARTAN COMP BASICS 160 mg/12,5 mg Filmtabletten;C09DA03;"Hydrochlorothiazid; Valsartan";nein;Basics GmbH;Sonstige;N/A;N/A;10.07.2018;Nein;Filmtablette;weder versrel noch verskri
99999999;2180295;LE2026002443;LE2021000116;Änderungsmeldung;01.07.2018;31.12.2026;03.07.2026;Sonstige;VALSARTAN COMP BASICS 160 mg/12,5 mg Filmtabletten;C09DA03;"Hydrochlorothiazid; Valsartan";nein;Basics GmbH;Sonstige;N/A;N/A;10.07.2018;Nein;Filmtablette;weder versrel noch verskri
07332863;2169099;LE2026002440;LE2025003442;Änderungsmeldung;15.10.2025;31.12.2026;03.07.2026;Produktionsproblem;Bendarelbin 10 mg/ml Konzentrat zur Herstellung einer Infusionslösung;L01CA04;Vinorelbintartrat;nein;Bendalis GmbH;Probleme in der Herstellung;Der Hersteller hat nach den Wartungsarbeiten weiterhin GMP Probleme. Die Produktion wurde auf das 3. Quartal 2026 verschoben.;Vinorelbin Aurobindo 10 mg/ml Konzentrat zur Herstellung einer Infusionslösung - Einreichungsnummer: 2169098;01.10.2025;Nein;Konzentrat zur Herstellung einer Infusionslösung;versrel
07762115;2180294;LE2026002437;LE2021000127;Änderungsmeldung;01.07.2018;31.12.2026;03.07.2026;Sonstige;VALSARTAN COMP BASICS 80 mg/12,5 mg Filmtabletten;C09DA03;"Hydrochlorothiazid; Valsartan";nein;Basics GmbH;Sonstige;N/A;N/A;10.07.2018;Nein;Filmtablette;weder versrel noch verskri
08472000;2180294;LE2026002437;LE2021000127;Änderungsmeldung;01.07.2018;31.12.2026;03.07.2026;Sonstige;VALSARTAN COMP BASICS 80 mg/12,5 mg Filmtabletten;C09DA03;"Hydrochlorothiazid; Valsartan";nein;Basics GmbH;Sonstige;N/A;N/A;10.07.2018;Nein;Filmtablette;weder versrel noch verskri
08472052;2180294;LE2026002437;LE2021000127;Änderungsmeldung;01.07.2018;31.12.2026;03.07.2026;Sonstige;VALSARTAN COMP BASICS 80 mg/12,5 mg Filmtabletten;C09DA03;"Hydrochlorothiazid; Valsartan";nein;Basics GmbH;Sonstige;N/A;N/A;10.07.2018;Nein;Filmtablette;weder versrel noch verskri
99999999;2180294;LE2026002437;LE2021000127;Änderungsmeldung;01.07.2018;31.12.2026;03.07.2026;Sonstige;VALSARTAN COMP BASICS 80 mg/12,5 mg Filmtabletten;C09DA03;"Hydrochlorothiazid; Valsartan";nein;Basics GmbH;Sonstige;N/A;N/A;10.07.2018;Nein;Filmtablette;weder versrel noch verskri
07762138;2180296;LE2026002436;LE2021000098;Änderungsmeldung;01.07.2018;31.12.2026;03.07.2026;Sonstige;VALSARTAN COMP BASICS 160 mg/25 mg Filmtabletten;C09DA03;"Hydrochlorothiazid; Valsartan";nein;Basics GmbH;Sonstige;N/A;N/A;10.07.2018;Nein;Filmtablette;weder versrel noch verskri
08472075;2180296;LE2026002436;LE2021000098;Änderungsmeldung;01.07.2018;31.12.2026;03.07.2026;Sonstige;VALSARTAN COMP BASICS 160 mg/25 mg Filmtabletten;C09DA03;"Hydrochlorothiazid; Valsartan";nein;Basics GmbH;Sonstige;N/A;N/A;10.07.2018;Nein;Filmtablette;weder versrel noch verskri
08472081;2180296;LE2026002436;LE2021000098;Änderungsmeldung;01.07.2018;31.12.2026;03.07.2026;Sonstige;VALSARTAN COMP BASICS 160 mg/25 mg Filmtabletten;C09DA03;"Hydrochlorothiazid; Valsartan";nein;Basics GmbH;Sonstige;N/A;N/A;10.07.2018;Nein;Filmtablette;weder versrel noch verskri
99999999;2180296;LE2026002436;LE2021000098;Änderungsmeldung;01.07.2018;31.12.2026;03.07.2026;Sonstige;VALSARTAN COMP BASICS 160 mg/25 mg Filmtabletten;C09DA03;"Hydrochlorothiazid; Valsartan";nein;Basics GmbH;Sonstige;N/A;N/A;10.07.2018;Nein;Filmtablette;weder versrel noch verskri
13868792;0940743;LE2026002433;LE2026000108;Änderungsmeldung;09.01.2026;30.09.2026;03.07.2026;Produktionsproblem;Erythromycin Inresa i.v. 1g;J01FA01;Erythromycinlactobionat;ja;Inresa Arzneimittel GmbH;Herstellerwechsel;Transfer zu einem anderen Fertigprodukthersteller (kein Endfreigeber). Transfer noch nicht abgeschlossen.;N/A;09.01.2026;Vorgesehen;Pulver zur Herstellung einer Infusionslösung;versrel
02792755;2103363;LE2026002432;LE2026000809;Änderungsmeldung;02.03.2026;04.09.2026;03.07.2026;Produktionsproblem;Partusisten intrapartal;G02CA03;Fenoterolhydrobromid;ja;Hikma Farmaceutica (Portugal), S.A.;Probleme bei der Endfreigabe;Freigabe produzierter Batch ;Partusisten - Einreichungsnummer: 2103362;02.03.2026;Vorgesehen;Konzentrat zur Herstellung einer Injektionslösung;weder versrel noch verskri
01676768;2116805;LE2026002431;LE2025000157;Änderungsmeldung;15.01.2025;30.11.2026;03.07.2026;Sonstige;Vancomycin CP 500mg;J01XA01;Vancomycinhydrochlorid;nein;Hikma Farmaceutica (Portugal), S.A.;Erhöhte Nachfrage;starke Nachfrage;N/A;15.01.2025;Vorgesehen;Pulver zur Herstellung einer Infusionslösung oder einer Lösung zum Einnehmen;verskri (auch versrel)
03275884;2168356;LE2026002428;LE2026001385;Änderungsmeldung;01.02.2026;31.10.2026;02.07.2026;Sonstige;PANTOPRAZOL BASICS 40 mg magensaftresistente Tabletten;A02BC02;Pantoprazol-Natrium-Sesquihydrat;nein;Basics GmbH;Probleme beim Wirkstoffhersteller;Die PZN 10234064 ist erst seit dem 05.03.2026 lieferunfähig.Die PZN 05373792 ist erst seit dem 02.04.2026 lieferunfähig.Die PZN 03275884 ist erst seit dem 15.06.2026 lieferunfähig.Die PZN 03276381 ist erst seit dem 17.04.2026 lieferunfähig.;N/A;09.04.2026;Nein;magensaftresistente Tablette;versrel
03275996;2168356;LE2026002428;LE2026001385;Änderungsmeldung;01.02.2026;31.10.2026;02.07.2026;Sonstige;PANTOPRAZOL BASICS 40 mg magensaftresistente Tabletten;A02BC02;Pantoprazol-Natrium-Sesquihydrat;nein;Basics GmbH;Probleme beim Wirkstoffhersteller;Die PZN 10234064 ist erst seit dem 05.03.2026 lieferunfähig.Die PZN 05373792 ist erst seit dem 02.04.2026 lieferunfähig.Die PZN 03275884 ist erst seit dem 15.06.2026 lieferunfähig.Die PZN 03276381 ist erst seit dem 17.04.2026 lieferunfähig.;N/A;09.04.2026;Nein;magensaftresistente Tablette;versrel
03276381;2168356;LE2026002428;LE2026001385;Änderungsmeldung;01.02.2026;31.10.2026;02.07.2026;Sonstige;PANTOPRAZOL BASICS 40 mg magensaftresistente Tabletten;A02BC02;Pantoprazol-Natrium-Sesquihydrat;nein;Basics GmbH;Probleme beim Wirkstoffhersteller;Die PZN 10234064 ist erst seit dem 05.03.2026 lieferunfähig.Die PZN 05373792 ist erst seit dem 02.04.2026 lieferunfähig.Die PZN 03275884 ist erst seit dem 15.06.2026 lieferunfähig.Die PZN 03276381 ist erst seit dem 17.04.2026 lieferunfähig.;N/A;09.04.2026;Nein;magensaftresistente Tablette;versrel
05373792;2168356;LE2026002428;LE2026001385;Änderungsmeldung;01.02.2026;31.10.2026;02.07.2026;Sonstige;PANTOPRAZOL BASICS 40 mg magensaftresistente Tabletten;A02BC02;Pantoprazol-Natrium-Sesquihydrat;nein;Basics GmbH;Probleme beim Wirkstoffhersteller;Die PZN 10234064 ist erst seit dem 05.03.2026 lieferunfähig.Die PZN 05373792 ist erst seit dem 02.04.2026 lieferunfähig.Die PZN 03275884 ist erst seit dem 15.06.2026 lieferunfähig.Die PZN 03276381 ist erst seit dem 17.04.2026 lieferunfähig.;N/A;09.04.2026;Nein;magensaftresistente Tablette;versrel
10234064;2168356;LE2026002428;LE2026001385;Änderungsmeldung;01.02.2026;31.10.2026;02.07.2026;Sonstige;PANTOPRAZOL BASICS 40 mg magensaftresistente Tabletten;A02BC02;Pantoprazol-Natrium-Sesquihydrat;nein;Basics GmbH;Probleme beim Wirkstoffhersteller;Die PZN 10234064 ist erst seit dem 05.03.2026 lieferunfähig.Die PZN 05373792 ist erst seit dem 02.04.2026 lieferunfähig.Die PZN 03275884 ist erst seit dem 15.06.2026 lieferunfähig.Die PZN 03276381 ist erst seit dem 17.04.2026 lieferunfähig.;N/A;09.04.2026;Nein;magensaftresistente Tablette;versrel
10123790;2182187;LE2026002427;LE2025003217;Änderungsmeldung;09.09.2025;31.12.2027;02.07.2026;Produktionsproblem;Adenosin Altamedics 3 mg/ml Injektionslösung;C01EB10;Adenosin;ja;ALTAMEDICS GmbH;Herstellerwechsel;N/A;N/A;09.09.2025;Nein;Injektionslösung;versrel
10123784;2182188;LE2026002426;LE2024000987;Änderungsmeldung;01.03.2024;31.12.2027;02.07.2026;Produktionsproblem;Adenosin Altamedics 30 mg/10 ml Infusionslösung;C01EB10;Adenosin;ja;ALTAMEDICS GmbH;Herstellerwechsel;N/A;N/A;06.03.2024;Nein;Injektionslösung;weder versrel noch verskri
15379086;2180761;LE2026002424;LE2025002455;Änderungsmeldung;01.07.2025;31.03.2027;02.07.2026;Produktionsproblem;Quetiapin Accord 300 mg Retardtabletten;N05AH04;Quetiapinfumarat (Ph.Eur.);nein;Accord Healthcare B.V.;Probleme in der Herstellung;N/A;N/A;14.07.2025;Nein;Retardtablette;weder versrel noch verskri
15379100;2180761;LE2026002424;LE2025002455;Änderungsmeldung;01.07.2025;31.03.2027;02.07.2026;Produktionsproblem;Quetiapin Accord 300 mg Retardtabletten;N05AH04;Quetiapinfumarat (Ph.Eur.);nein;Accord Healthcare B.V.;Probleme in der Herstellung;N/A;N/A;14.07.2025;Nein;Retardtablette;weder versrel noch verskri
15379117;2180761;LE2026002424;LE2025002455;Änderungsmeldung;01.07.2025;31.03.2027;02.07.2026;Produktionsproblem;Quetiapin Accord 300 mg Retardtabletten;N05AH04;Quetiapinfumarat (Ph.Eur.);nein;Accord Healthcare B.V.;Probleme in der Herstellung;N/A;N/A;14.07.2025;Nein;Retardtablette;weder versrel noch verskri
15378997;2188137;LE2026002423;LE2025002454;Änderungsmeldung;01.07.2025;30.09.2026;02.07.2026;Produktionsproblem;Quetiapin Accord 50 mg Retardtabletten;N05AH04;Quetiapinfumarat (Ph.Eur.);nein;Accord Healthcare B.V.;Probleme in der Herstellung;N/A;N/A;14.07.2025;Nein;Retardtablette;weder versrel noch verskri
15379005;2188137;LE2026002423;LE2025002454;Änderungsmeldung;01.07.2025;30.09.2026;02.07.2026;Produktionsproblem;Quetiapin Accord 50 mg Retardtabletten;N05AH04;Quetiapinfumarat (Ph.Eur.);nein;Accord Healthcare B.V.;Probleme in der Herstellung;N/A;N/A;14.07.2025;Nein;Retardtablette;weder versrel noch verskri
15379011;2188137;LE2026002423;LE2025002454;Änderungsmeldung;01.07.2025;30.09.2026;02.07.2026;Produktionsproblem;Quetiapin Accord 50 mg Retardtabletten;N05AH04;Quetiapinfumarat (Ph.Eur.);nein;Accord Healthcare B.V.;Probleme in der Herstellung;N/A;N/A;14.07.2025;Nein;Retardtablette;weder versrel noch verskri
15379028;2195359;LE2026002422;LE2025003695;Änderungsmeldung;01.10.2025;30.09.2026;02.07.2026;Produktionsproblem;Quetiapin Accord 150mg Retardtabletten;N05AH04;Quetiapinfumarat (Ph.Eur.);nein;Accord Healthcare B.V.;Probleme in der Herstellung;N/A;N/A;22.10.2025;Vorgesehen;Retardtablette;weder versrel noch verskri
15379034;2195359;LE2026002422;LE2025003695;Änderungsmeldung;01.10.2025;30.09.2026;02.07.2026;Produktionsproblem;Quetiapin Accord 150mg Retardtabletten;N05AH04;Quetiapinfumarat (Ph.Eur.);nein;Accord Healthcare B.V.;Probleme in der Herstellung;N/A;N/A;22.10.2025;Vorgesehen;Retardtablette;weder versrel noch verskri
15427773;2195359;LE2026002422;LE2025003695;Änderungsmeldung;01.10.2025;30.09.2026;02.07.2026;Produktionsproblem;Quetiapin Accord 150mg Retardtabletten;N05AH04;Quetiapinfumarat (Ph.Eur.);nein;Accord Healthcare B.V.;Probleme in der Herstellung;N/A;N/A;22.10.2025;Vorgesehen;Retardtablette;weder versrel noch verskri
15379040;2180760;LE2026002421;LE2025003697;Änderungsmeldung;01.10.2025;30.09.2026;02.07.2026;Produktionsproblem;Quetiapin Accord 200 mg Retardtabletten;N05AH04;Quetiapinfumarat (Ph.Eur.);nein;Accord Healthcare B.V.;Probleme in der Herstellung;N/A;N/A;22.10.2025;Vorgesehen;Retardtablette;weder versrel noch verskri
15379057;2180760;LE2026002421;LE2025003697;Änderungsmeldung;01.10.2025;30.09.2026;02.07.2026;Produktionsproblem;Quetiapin Accord 200 mg Retardtabletten;N05AH04;Quetiapinfumarat (Ph.Eur.);nein;Accord Healthcare B.V.;Probleme in der Herstellung;N/A;N/A;22.10.2025;Vorgesehen;Retardtablette;weder versrel noch verskri
15379063;2180760;LE2026002421;LE2025003697;Änderungsmeldung;01.10.2025;30.09.2026;02.07.2026;Produktionsproblem;Quetiapin Accord 200 mg Retardtabletten;N05AH04;Quetiapinfumarat (Ph.Eur.);nein;Accord Healthcare B.V.;Probleme in der Herstellung;N/A;N/A;22.10.2025;Vorgesehen;Retardtablette;weder versrel noch verskri
15379123;2180762;LE2026002420;LE2025003698;Änderungsmeldung;01.10.2025;30.09.2026;02.07.2026;Produktionsproblem;Quetiapin Accord 400 mg Retardtabletten;N05AH04;Quetiapinfumarat (Ph.Eur.);nein;Accord Healthcare B.V.;Probleme in der Herstellung;N/A;N/A;22.10.2025;Vorgesehen;Retardtablette;weder versrel noch verskri
15379152;2180762;LE2026002420;LE2025003698;Änderungsmeldung;01.10.2025;30.09.2026;02.07.2026;Produktionsproblem;Quetiapin Accord 400 mg Retardtabletten;N05AH04;Quetiapinfumarat (Ph.Eur.);nein;Accord Healthcare B.V.;Probleme in der Herstellung;N/A;N/A;22.10.2025;Vorgesehen;Retardtablette;weder versrel noch verskri
15379169;2180762;LE2026002420;LE2025003698;Änderungsmeldung;01.10.2025;30.09.2026;02.07.2026;Produktionsproblem;Quetiapin Accord 400 mg Retardtabletten;N05AH04;Quetiapinfumarat (Ph.Eur.);nein;Accord Healthcare B.V.;Probleme in der Herstellung;N/A;N/A;22.10.2025;Vorgesehen;Retardtablette;weder versrel noch verskri
09684879;2709260;LE2026002417;N/A;Erstmeldung;20.06.2026;17.08.2026;02.07.2026;Sonstige;Revatio 10 mg/ml Pulver zur Herstellung einer Suspension zum Einnehmen - OP32,27g;G04BE03;Sildenafilcitrat;ja;Upjohn EESV;Probleme beim Sonstigen Hersteller;N/A;N/A;02.07.2026;Nein;Pulver zur Herstellung einer Suspension zum Einnehmen;versrel
08859213;2104582;LE2026002411;LE2026000729;Änderungsmeldung;25.02.2026;31.10.2026;01.07.2026;Sonstige;Propranolol AL 80;C07AA05;Propranololhydrochlorid;nein;ALIUD PHARMA GmbH;Erhöhte Nachfrage;N/A;N/A;25.02.2026;Vorgesehen;Tablette;weder versrel noch verskri
00044026;2142618;LE2026002404;LE2026000825;Änderungsmeldung;02.03.2026;10.08.2026;30.06.2026;Produktionsproblem;Aggrastat 250 Mikrogramm/ml Konzentrat zur Herstellung einer Infusionslösung;B01AC17;Tirofibanhydrochlorid-Monohydrat;ja;Advanz Pharma Limited;Probleme in der Herstellung;N/A;Aggrastat 50 Mikrogramm/ml Infusionslösung - Einreichungsnummer: 2142619;03.03.2026;Vorgesehen;Konzentrat zur Herstellung einer Infusionslösung;verskri (auch versrel)
14446426;2201583;LE2026002403;LE2025002591;Änderungsmeldung;10.03.2025;31.12.2027;30.06.2026;Produktionsproblem;Galanaxiro 24 mg Hartkapseln, retardiert;N06DA04;Galantaminhydrobromid;nein;Medical Valley Invest AB HR-Beiname: AXiromed, Xiromed;Probleme in der Herstellung;N/A;N/A;24.07.2025;Nein;Hartkapsel, retardiert;weder versrel noch verskri
14446432;2201583;LE2026002403;LE2025002591;Änderungsmeldung;10.03.2025;31.12.2027;30.06.2026;Produktionsproblem;Galanaxiro 24 mg Hartkapseln, retardiert;N06DA04;Galantaminhydrobromid;nein;Medical Valley Invest AB HR-Beiname: AXiromed, Xiromed;Probleme in der Herstellung;N/A;N/A;24.07.2025;Nein;Hartkapsel, retardiert;weder versrel noch verskri
14446449;2201583;LE2026002403;LE2025002591;Änderungsmeldung;10.03.2025;31.12.2027;30.06.2026;Produktionsproblem;Galanaxiro 24 mg Hartkapseln, retardiert;N06DA04;Galantaminhydrobromid;nein;Medical Valley Invest AB HR-Beiname: AXiromed, Xiromed;Probleme in der Herstellung;N/A;N/A;24.07.2025;Nein;Hartkapsel, retardiert;weder versrel noch verskri
14446389;2201582;LE2026002401;LE2025002590;Änderungsmeldung;10.03.2025;31.12.2027;30.06.2026;Produktionsproblem;Galanaxiro 16 mg Hartkapseln, retardiert;N06DA04;Galantaminhydrobromid;nein;Medical Valley Invest AB HR-Beiname: AXiromed, Xiromed;Probleme in der Herstellung;N/A;N/A;24.07.2025;Nein;Hartkapsel, retardiert;weder versrel noch verskri
14446395;2201582;LE2026002401;LE2025002590;Änderungsmeldung;10.03.2025;31.12.2027;30.06.2026;Produktionsproblem;Galanaxiro 16 mg Hartkapseln, retardiert;N06DA04;Galantaminhydrobromid;nein;Medical Valley Invest AB HR-Beiname: AXiromed, Xiromed;Probleme in der Herstellung;N/A;N/A;24.07.2025;Nein;Hartkapsel, retardiert;weder versrel noch verskri
14446403;2201582;LE2026002401;LE2025002590;Änderungsmeldung;10.03.2025;31.12.2027;30.06.2026;Produktionsproblem;Galanaxiro 16 mg Hartkapseln, retardiert;N06DA04;Galantaminhydrobromid;nein;Medical Valley Invest AB HR-Beiname: AXiromed, Xiromed;Probleme in der Herstellung;N/A;N/A;24.07.2025;Nein;Hartkapsel, retardiert;weder versrel noch verskri
14446343;2201581;LE2026002400;LE2025002589;Änderungsmeldung;10.03.2025;31.12.2027;30.06.2026;Produktionsproblem;Galanaxiro 8 mg Hartkapseln, retardiert;N06DA04;Galantaminhydrobromid;nein;Medical Valley Invest AB HR-Beiname: AXiromed, Xiromed;Probleme in der Herstellung;N/A;N/A;24.07.2025;Nein;Hartkapsel, retardiert;weder versrel noch verskri
14446366;2201581;LE2026002400;LE2025002589;Änderungsmeldung;10.03.2025;31.12.2027;30.06.2026;Produktionsproblem;Galanaxiro 8 mg Hartkapseln, retardiert;N06DA04;Galantaminhydrobromid;nein;Medical Valley Invest AB HR-Beiname: AXiromed, Xiromed;Probleme in der Herstellung;N/A;N/A;24.07.2025;Nein;Hartkapsel, retardiert;weder versrel noch verskri
14446372;2201581;LE2026002400;LE2025002589;Änderungsmeldung;10.03.2025;31.12.2027;30.06.2026;Produktionsproblem;Galanaxiro 8 mg Hartkapseln, retardiert;N06DA04;Galantaminhydrobromid;nein;Medical Valley Invest AB HR-Beiname: AXiromed, Xiromed;Probleme in der Herstellung;N/A;N/A;24.07.2025;Nein;Hartkapsel, retardiert;weder versrel noch verskri
00762661;2158759;LE2026002388;N/A;Erstmeldung;08.06.2026;21.08.2026;30.06.2026;Sonstige;Ramipril HEXAL comp 5 mg/25 mg Tabletten;C09BA05;"Hydrochlorothiazid; Ramipril";nein;H e x a l  Aktiengesellschaft;Erhöhte Nachfrage;N/A;Ramipril HEXAL comp 5 mg/25 mg Tabletten - Einreichungsnummer: 2158759;30.06.2026;Vorgesehen;Tablette;weder versrel noch verskri
02498613;2102411;LE2026002387;N/A;Erstmeldung;30.06.2026;30.09.2026;30.06.2026;Produktionsproblem;Gentamicin-POS;S01AA11;Gentamicinsulfat;nein;URSAPHARM Arzneimittel GmbH;Probleme in der Herstellung;N/A;N/A;30.06.2026;Vorgesehen;Augentropfen;versrel
04887402;2123159;LE2026002384;N/A;Erstmeldung;01.07.2026;31.07.2026;29.06.2026;Produktionsproblem;Uromitexan Multidose;V03AF01;Mesna;ja;Baxter Deutschland GmbH;Probleme bei der Endfreigabe;N/A;N/A;29.06.2026;Vorgesehen;Injektionslösung;verskri (auch versrel)
12549990;2183891;LE2026002380;LE2026000149;Änderungsmeldung;05.01.2026;31.12.2026;29.06.2026;Produktionsproblem;Levetiracetam Holsten 500 mg Filmtabletten;N03AX14;Levetiracetam;nein;Holsten Pharma GmbH - Geschäftsanschrift -;Probleme in der Herstellung;N/A;Levetiracetam Holsten 500 mg Filmtabletten - Einreichungsnummer: 2183891;13.01.2026;Vorgesehen;Filmtablette;versrel
12550013;2183891;LE2026002380;LE2026000149;Änderungsmeldung;05.01.2026;31.12.2026;29.06.2026;Produktionsproblem;Levetiracetam Holsten 500 mg Filmtabletten;N03AX14;Levetiracetam;nein;Holsten Pharma GmbH - Geschäftsanschrift -;Probleme in der Herstellung;N/A;Levetiracetam Holsten 500 mg Filmtabletten - Einreichungsnummer: 2183891;13.01.2026;Vorgesehen;Filmtablette;versrel
07820781;2141202;LE2026002379;LE2026000249;Änderungsmeldung;16.01.2026;22.09.2026;29.06.2026;Sonstige;Bronchospray Autohaler;R03AC02;Salbutamolsulfat;nein;JensonR+ (Ireland) Limited;Erhöhte Nachfrage;N/A;Bronchospray Autohaler - Einreichungsnummer: 2141202;20.01.2026;Vorgesehen;Druckgasinhalation, Suspension;verskri (auch versrel)
02481914;2155003;LE2026002370;LE2026002025;Änderungsmeldung;02.06.2026;30.09.2026;26.06.2026;Sonstige;Aknenormin 10 mg Weichkapseln;D10BA01;Isotretinoin;ja;ALMIRALL HERMAL GmbH;Erhöhte Nachfrage;N/A;N/A;02.06.2026;Vorgesehen;Weichkapsel;versrel
02931493;2155003;LE2026002370;LE2026002025;Änderungsmeldung;02.06.2026;30.09.2026;26.06.2026;Sonstige;Aknenormin 10 mg Weichkapseln;D10BA01;Isotretinoin;ja;ALMIRALL HERMAL GmbH;Erhöhte Nachfrage;N/A;N/A;02.06.2026;Vorgesehen;Weichkapsel;versrel
03655730;2155003;LE2026002370;LE2026002025;Änderungsmeldung;02.06.2026;30.09.2026;26.06.2026;Sonstige;Aknenormin 10 mg Weichkapseln;D10BA01;Isotretinoin;ja;ALMIRALL HERMAL GmbH;Erhöhte Nachfrage;N/A;N/A;02.06.2026;Vorgesehen;Weichkapsel;versrel
03655753;2155003;LE2026002370;LE2026002025;Änderungsmeldung;02.06.2026;30.09.2026;26.06.2026;Sonstige;Aknenormin 10 mg Weichkapseln;D10BA01;Isotretinoin;ja;ALMIRALL HERMAL GmbH;Erhöhte Nachfrage;N/A;N/A;02.06.2026;Vorgesehen;Weichkapsel;versrel
03348850;2108132;LE2026002363;N/A;Erstmeldung;22.06.2026;26.10.2026;26.06.2026;Sonstige;Ismo retard;C01DA14;Isosorbidmononitrat;nein;Riemser Pharma GmbH;Erhöhte Nachfrage;sales much higher than forecasted ;N/A;26.06.2026;Nein;Retardtablette;weder versrel noch verskri
03510090;2171369;LE2026002362;N/A;Erstmeldung;26.06.2026;31.12.2026;26.06.2026;Sonstige;IsoGalen 20 mg Weichkapseln;D10BA01;Isotretinoin;nein;GALENpharma GmbH;Erhöhte Nachfrage;N/A;N/A;26.06.2026;Vorgesehen;Weichkapsel;versrel
03512120;2171369;LE2026002362;N/A;Erstmeldung;26.06.2026;31.12.2026;26.06.2026;Sonstige;IsoGalen 20 mg Weichkapseln;D10BA01;Isotretinoin;nein;GALENpharma GmbH;Erhöhte Nachfrage;N/A;N/A;26.06.2026;Vorgesehen;Weichkapsel;versrel
03512137;2171369;LE2026002362;N/A;Erstmeldung;26.06.2026;31.12.2026;26.06.2026;Sonstige;IsoGalen 20 mg Weichkapseln;D10BA01;Isotretinoin;nein;GALENpharma GmbH;Erhöhte Nachfrage;N/A;N/A;26.06.2026;Vorgesehen;Weichkapsel;versrel
03512143;2171369;LE2026002362;N/A;Erstmeldung;26.06.2026;31.12.2026;26.06.2026;Sonstige;IsoGalen 20 mg Weichkapseln;D10BA01;Isotretinoin;nein;GALENpharma GmbH;Erhöhte Nachfrage;N/A;N/A;26.06.2026;Vorgesehen;Weichkapsel;versrel
03506094;2171368;LE2026002361;N/A;Erstmeldung;26.06.2026;31.12.2026;26.06.2026;Sonstige;IsoGalen 10 mg Weichkapseln;D10BA01;Isotretinoin;nein;GALENpharma GmbH;Erhöhte Nachfrage;N/A;N/A;26.06.2026;Nein;Weichkapsel;versrel
03507231;2171368;LE2026002361;N/A;Erstmeldung;26.06.2026;31.12.2026;26.06.2026;Sonstige;IsoGalen 10 mg Weichkapseln;D10BA01;Isotretinoin;nein;GALENpharma GmbH;Erhöhte Nachfrage;N/A;N/A;26.06.2026;Nein;Weichkapsel;versrel
03508897;2171368;LE2026002361;N/A;Erstmeldung;26.06.2026;31.12.2026;26.06.2026;Sonstige;IsoGalen 10 mg Weichkapseln;D10BA01;Isotretinoin;nein;GALENpharma GmbH;Erhöhte Nachfrage;N/A;N/A;26.06.2026;Nein;Weichkapsel;versrel
03510084;2171368;LE2026002361;N/A;Erstmeldung;26.06.2026;31.12.2026;26.06.2026;Sonstige;IsoGalen 10 mg Weichkapseln;D10BA01;Isotretinoin;nein;GALENpharma GmbH;Erhöhte Nachfrage;N/A;N/A;26.06.2026;Nein;Weichkapsel;versrel
08468139;2174286;LE2026002357;LE2026001381;Änderungsmeldung;01.04.2026;31.12.2026;25.06.2026;Produktionsproblem;OLANZAPIN BASICS 10 mg Tabletten;N05AH03;Olanzapin;nein;Basics GmbH;Sonstige;N/A;N/A;09.04.2026;Nein;Tablette;weder versrel noch verskri
08468145;2174286;LE2026002357;LE2026001381;Änderungsmeldung;01.04.2026;31.12.2026;25.06.2026;Produktionsproblem;OLANZAPIN BASICS 10 mg Tabletten;N05AH03;Olanzapin;nein;Basics GmbH;Sonstige;N/A;N/A;09.04.2026;Nein;Tablette;weder versrel noch verskri
17560536;7000245;LE2026002339;LE2026000916;Änderungsmeldung;21.01.2026;14.08.2026;25.06.2026;Sonstige;Abirateron HEXAL 1000 mg Filmtabletten;L02BX03;Abirateronacetat;nein;H e x a l  Aktiengesellschaft;Erhöhte Nachfrage;N/A;Abirateron HEXAL 1000 mg Filmtabletten - Einreichungsnummer: 7000245;09.03.2026;Vorgesehen;Filmtablette;versrel
17560571;7000245;LE2026002339;LE2026000916;Änderungsmeldung;21.01.2026;14.08.2026;25.06.2026;Sonstige;Abirateron HEXAL 1000 mg Filmtabletten;L02BX03;Abirateronacetat;nein;H e x a l  Aktiengesellschaft;Erhöhte Nachfrage;N/A;Abirateron HEXAL 1000 mg Filmtabletten - Einreichungsnummer: 7000245;09.03.2026;Vorgesehen;Filmtablette;versrel
18312728;2186563;LE2026002319;LE2026001242;Änderungsmeldung;26.03.2026;31.08.2026;24.06.2026;Sonstige;Moxifloxacin Holsten 400 mg Filmtabletten;J01MA14;Moxifloxacinhydrochlorid (Ph.Eur.) ((mit Angaben zum Wasser-Gehalt (1:x)));nein;Holsten Pharma GmbH - Geschäftsanschrift -;Erhöhte Nachfrage;N/A;Moxifloxacin Holsten 400 mg Filmtabletten - Einreichungsnummer: 2186563;31.03.2026;Vorgesehen;Filmtablette;versrel
02136241;2152057;LE2026002316;N/A;Erstmeldung;15.07.2026;21.08.2026;24.06.2026;Sonstige;Seroquel 300 mg Filmtabletten;N05AH04;Quetiapinfumarat (Ph.Eur.);nein;Cheplapharm Arzneimittel GmbH;Erhöhte Nachfrage;demand doubled vs expectations;Seroquel 100 mg Filmtabletten - Einreichungsnummer: 2147292;24.06.2026;Nein;Filmtablette;weder versrel noch verskri
04421460;0008786;LE2026002313;N/A;Erstmeldung;23.06.2026;31.12.2026;23.06.2026;Sonstige;Kanamycin-POS;S01AA24;Kanamycinmonosulfat (Ph.Eur.);nein;URSAPHARM Arzneimittel GmbH;Probleme beim Wirkstoffhersteller;N/A;N/A;23.06.2026;Vorgesehen;Augentropfen;versrel
04421454;0008651;LE2026002312;N/A;Erstmeldung;23.06.2026;31.12.2026;23.06.2026;Sonstige;Kanamycin-POS;S01AA24;Kanamycinmonosulfat (Ph.Eur.);nein;URSAPHARM Arzneimittel GmbH;Probleme beim Wirkstoffhersteller;N/A;N/A;23.06.2026;Vorgesehen;Augensalbe;versrel
06330508;0914987;LE2026002311;LE2025002881;Änderungsmeldung;01.08.2025;31.12.2026;23.06.2026;Sonstige;Doxepin 75 Holsten;N06AA12;Doxepinhydrochlorid (Ph.Eur.);nein;Holsten Pharma GmbH - Geschäftsanschrift -;Erhöhte Nachfrage;N/A;N/A;12.08.2025;Vorgesehen;Filmtablette;versrel
06330514;0914987;LE2026002311;LE2025002881;Änderungsmeldung;01.08.2025;31.12.2026;23.06.2026;Sonstige;Doxepin 75 Holsten;N06AA12;Doxepinhydrochlorid (Ph.Eur.);nein;Holsten Pharma GmbH - Geschäftsanschrift -;Erhöhte Nachfrage;N/A;N/A;12.08.2025;Vorgesehen;Filmtablette;versrel
06330520;0914987;LE2026002311;LE2025002881;Änderungsmeldung;01.08.2025;31.12.2026;23.06.2026;Sonstige;Doxepin 75 Holsten;N06AA12;Doxepinhydrochlorid (Ph.Eur.);nein;Holsten Pharma GmbH - Geschäftsanschrift -;Erhöhte Nachfrage;N/A;N/A;12.08.2025;Vorgesehen;Filmtablette;versrel
06330572;0915001;LE2026002309;LE2025002388;Änderungsmeldung;07.07.2025;31.12.2026;23.06.2026;Produktionsproblem;Doxepin 25 Holsten;N06AA12;Doxepinhydrochlorid (Ph.Eur.);nein;Holsten Pharma GmbH - Geschäftsanschrift -;Änderung des Herstellverfahrens;N/A;N/A;07.07.2025;Vorgesehen;Filmtablette;versrel
06330589;0915001;LE2026002309;LE2025002388;Änderungsmeldung;07.07.2025;31.12.2026;23.06.2026;Produktionsproblem;Doxepin 25 Holsten;N06AA12;Doxepinhydrochlorid (Ph.Eur.);nein;Holsten Pharma GmbH - Geschäftsanschrift -;Änderung des Herstellverfahrens;N/A;N/A;07.07.2025;Vorgesehen;Filmtablette;versrel
06330595;0915001;LE2026002309;LE2025002388;Änderungsmeldung;07.07.2025;31.12.2026;23.06.2026;Produktionsproblem;Doxepin 25 Holsten;N06AA12;Doxepinhydrochlorid (Ph.Eur.);nein;Holsten Pharma GmbH - Geschäftsanschrift -;Änderung des Herstellverfahrens;N/A;N/A;07.07.2025;Vorgesehen;Filmtablette;versrel
14299103;2200934;LE2026002308;N/A;Erstmeldung;15.06.2026;30.09.2026;23.06.2026;Sonstige;Rizatriptan PUREN 10 mg Tabletten;N02CC04;Rizatriptanbenzoat;ja;PUREN Pharma GmbH & Co. KG;Erhöhte Nachfrage;erhöhte Nachfrage am Markt;Rizatriptan PUREN 10 mg Tabletten - Einreichungsnummer: 2200934;23.06.2026;Vorgesehen;Tablette;versrel
07666222;2119724;LE2026002307;LE2025004069;Änderungsmeldung;01.12.2025;31.10.2026;23.06.2026;Sonstige;Minprostin E2 Vaginalgel 1mg;G02AD02;Dinoproston;ja;Pfizer Pharma GmbH;Probleme beim Wirkstoffhersteller;N/A;N/A;14.11.2025;Nein;Vaginalgel;verskri (auch versrel)
17314286;7000455;LE2026002306;N/A;Erstmeldung;01.06.2026;30.09.2026;23.06.2026;Produktionsproblem;Fingolimod PUREN 0,5 mg Hartkapseln;L04AE01;Fingolimodhydrochlorid;ja;PUREN Pharma GmbH & Co. KG;Probleme bei der Endfreigabe;Die Charge könnte nicht freigegeben werden. ;N/A;23.06.2026;Vorgesehen;Hartkapsel;versrel
13838897;2159201;LE2026002301;LE2026000066;Änderungsmeldung;11.12.2025;30.09.2026;23.06.2026;Produktionsproblem;PAMIDRO-cell 3 mg/ml Konzentrat zur Herstellung einer Infusionslösung;M05BA03;Dinatriumpamidronat;nein;STADAPHARM GmbH;Probleme in der Herstellung;N/A;N/A;07.01.2026;Vorgesehen;Konzentrat zur Herstellung einer Infusionslösung;verskri (auch versrel)
13838905;2159201;LE2026002301;LE2026000066;Änderungsmeldung;11.12.2025;30.09.2026;23.06.2026;Produktionsproblem;PAMIDRO-cell 3 mg/ml Konzentrat zur Herstellung einer Infusionslösung;M05BA03;Dinatriumpamidronat;nein;STADAPHARM GmbH;Probleme in der Herstellung;N/A;N/A;07.01.2026;Vorgesehen;Konzentrat zur Herstellung einer Infusionslösung;verskri (auch versrel)
13838940;2159201;LE2026002301;LE2026000066;Änderungsmeldung;11.12.2025;30.09.2026;23.06.2026;Produktionsproblem;PAMIDRO-cell 3 mg/ml Konzentrat zur Herstellung einer Infusionslösung;M05BA03;Dinatriumpamidronat;nein;STADAPHARM GmbH;Probleme in der Herstellung;N/A;N/A;07.01.2026;Vorgesehen;Konzentrat zur Herstellung einer Infusionslösung;verskri (auch versrel)
13838957;2159201;LE2026002301;LE2026000066;Änderungsmeldung;11.12.2025;30.09.2026;23.06.2026;Produktionsproblem;PAMIDRO-cell 3 mg/ml Konzentrat zur Herstellung einer Infusionslösung;M05BA03;Dinatriumpamidronat;nein;STADAPHARM GmbH;Probleme in der Herstellung;N/A;N/A;07.01.2026;Vorgesehen;Konzentrat zur Herstellung einer Infusionslösung;verskri (auch versrel)
13838963;2159201;LE2026002301;LE2026000066;Änderungsmeldung;11.12.2025;30.09.2026;23.06.2026;Produktionsproblem;PAMIDRO-cell 3 mg/ml Konzentrat zur Herstellung einer Infusionslösung;M05BA03;Dinatriumpamidronat;nein;STADAPHARM GmbH;Probleme in der Herstellung;N/A;N/A;07.01.2026;Vorgesehen;Konzentrat zur Herstellung einer Infusionslösung;verskri (auch versrel)
13838986;2159201;LE2026002301;LE2026000066;Änderungsmeldung;11.12.2025;30.09.2026;23.06.2026;Produktionsproblem;PAMIDRO-cell 3 mg/ml Konzentrat zur Herstellung einer Infusionslösung;M05BA03;Dinatriumpamidronat;nein;STADAPHARM GmbH;Probleme in der Herstellung;N/A;N/A;07.01.2026;Vorgesehen;Konzentrat zur Herstellung einer Infusionslösung;verskri (auch versrel)
11304909;2174341;LE2026002300;N/A;Erstmeldung;01.06.2026;31.03.2028;23.06.2026;Produktionsproblem;Ampicillin/Sulbactam PUREN 2000 mg/1000 mg Pulver zur Herstellung einer Infusionslösung;J01CR01;"Ampicillin-Natrium; Sulbactam-Natrium";ja;Eugia Pharma (Malta) Limited;Probleme in der Herstellung;Die Produktion ist für die USA ausgelastet und Eugia hat keine Kapazitäten.;N/A;23.06.2026;Vorgesehen;Pulver zur Herstellung einer Infusionslösung;verskri (auch versrel)
14335046;2201661;LE2026002299;N/A;Erstmeldung;22.06.2026;30.09.2026;23.06.2026;Sonstige;Valaciclovir PUREN 500 mg Filmtabletten;J05AB11;Valaciclovirhydrochlorid-Hydrat;ja;PUREN Pharma GmbH & Co. KG;Erhöhte Nachfrage;Erhöhte Nachfrage am Markt;N/A;23.06.2026;Vorgesehen;Filmtablette;versrel
14335052;2201661;LE2026002299;N/A;Erstmeldung;22.06.2026;30.09.2026;23.06.2026;Sonstige;Valaciclovir PUREN 500 mg Filmtabletten;J05AB11;Valaciclovirhydrochlorid-Hydrat;ja;PUREN Pharma GmbH & Co. KG;Erhöhte Nachfrage;Erhöhte Nachfrage am Markt;N/A;23.06.2026;Vorgesehen;Filmtablette;versrel
19557627;7011033;LE2026002298;N/A;Erstmeldung;15.06.2026;30.10.2026;23.06.2026;Produktionsproblem;Teriflunomid PUREN 14 mg Filmtabletten;L04AK02;Teriflunomid;ja;PUREN Pharma GmbH & Co. KG;Probleme in der Herstellung;Produktionsslotengpass;Teriflunomid PUREN 14 mg Filmtabletten - Einreichungsnummer: 7011033;23.06.2026;Vorgesehen;Filmtablette;versrel
13816625;2199163;LE2026002297;N/A;Erstmeldung;22.06.2026;28.10.2026;23.06.2026;Produktionsproblem;Ibuprofen PUREN 800 mg Filmtabletten;M01AE01;Ibuprofen;ja;PUREN Pharma GmbH & Co. KG;Probleme in der Herstellung;Ressourcenengpass;Ibuprofen PUREN 800 mg Filmtabletten - Einreichungsnummer: 2199163;23.06.2026;Vorgesehen;Filmtablette;versrel
13816708;2199162;LE2026002296;N/A;Erstmeldung;22.06.2026;30.09.2026;23.06.2026;Produktionsproblem;Ibuprofen PUREN 600 mg Filmtabletten;M01AE01;Ibuprofen;ja;PUREN Pharma GmbH & Co. KG;Probleme in der Herstellung;Produktionsverzögerung;Ibuprofen PUREN 600 mg Filmtabletten - Einreichungsnummer: 2199162;23.06.2026;Vorgesehen;Filmtablette;versrel
10113225;2187325;LE2026002293;N/A;Erstmeldung;22.06.2026;30.10.2026;23.06.2026;Produktionsproblem;Escitalopram Aurobindo 20 mg Filmtabletten;N06AB10;Escitalopramoxalat;ja;PUREN Pharma GmbH & Co. KG;Probleme in der Herstellung;Ressourcenengpass;Escitalopram Aurobindo 20 mg Filmtabletten - Einreichungsnummer: 2187325;23.06.2026;Vorgesehen;Filmtablette;versrel
14853031;2200818;LE2026002292;LE2025003401;Änderungsmeldung;01.09.2025;01.10.2026;23.06.2026;Sonstige;Aprepitant AL 125 mg und 80 mg Hartkapseln;A04AD12;Aprepitant;nein;ALIUD PHARMA GmbH;Erhöhte Nachfrage;N/A;N/A;25.09.2025;Vorgesehen;Hartkapsel,Hartkapsel;versrel
12482240;2198352;LE2026002290;N/A;Erstmeldung;23.06.2026;30.10.2026;23.06.2026;Produktionsproblem;Entecavir PUREN 0,5 mg Filmtabletten;J05AF10;Entecavir-Monohydrat;ja;PUREN Pharma GmbH & Co. KG;Probleme in der Herstellung;Produktionsslotengpass;Entecavir PUREN 0,5 mg Filmtabletten - Einreichungsnummer: 2198352;23.06.2026;Vorgesehen;Filmtablette;versrel
14853025;2200644;LE2026002289;LE2025000486;Änderungsmeldung;01.11.2024;30.08.2026;23.06.2026;Sonstige;Aprepitant AL 80 mg Hartkapseln;A04AD12;Aprepitant;nein;ALIUD PHARMA GmbH;Erhöhte Nachfrage;N/A;N/A;11.02.2025;Vorgesehen;Hartkapsel;versrel
11297428;2196306;LE2026002288;N/A;Erstmeldung;22.06.2026;30.09.2026;23.06.2026;Produktionsproblem;Atorvastatin PUREN 40 mg Filmtabletten;C10AA05;Atorvastatin-Calcium-Trihydrat (Ph.Eur.);ja;PUREN Pharma GmbH & Co. KG;Probleme in der Herstellung;Produktionsverzögerung;Atorvastatin PUREN 40 mg Filmtabletten - Einreichungsnummer: 2196306;23.06.2026;Vorgesehen;Filmtablette;versrel
01061162;2149852;LE2026002286;LE2024004407;Änderungsmeldung;01.10.2024;30.09.2026;23.06.2026;Sonstige;ISMN AL 100 retard;C01DA14;Isosorbidmononitrat;nein;ALIUD PHARMA GmbH;Erhöhte Nachfrage;N/A;N/A;05.12.2024;Vorgesehen;Retardtablette;weder versrel noch verskri
04948931;2125092;LE2026002285;LE2024004408;Änderungsmeldung;01.10.2024;30.09.2026;23.06.2026;Sonstige;ISMN AL40 retard;C01DA14;Isosorbidmononitrat;nein;ALIUD PHARMA GmbH;Erhöhte Nachfrage;N/A;N/A;05.12.2024;Vorgesehen;Hartkapsel, retardiert;weder versrel noch verskri
03295007;2103121;LE2026002284;LE2024004020;Änderungsmeldung;31.10.2024;30.09.2026;23.06.2026;Sonstige;Oxazepam AL 10;N05BA04;Oxazepam;nein;ALIUD PHARMA GmbH;Erhöhte Nachfrage;N/A;N/A;05.11.2024;Vorgesehen;Tablette;weder versrel noch verskri
03295013;2103121;LE2026002284;LE2024004020;Änderungsmeldung;31.10.2024;30.09.2026;23.06.2026;Sonstige;Oxazepam AL 10;N05BA04;Oxazepam;nein;ALIUD PHARMA GmbH;Erhöhte Nachfrage;N/A;N/A;05.11.2024;Vorgesehen;Tablette;weder versrel noch verskri
14299161;2201023;LE2026002283;LE2026001721;Änderungsmeldung;30.04.2026;30.11.2026;23.06.2026;Produktionsproblem;Rizatriptan PUREN 5 mg Schmelztabletten;N02CC04;Rizatriptanbenzoat;ja;PUREN Pharma GmbH & Co. KG;Probleme in der Herstellung;Ressourcenengpass bei der Produktion;Rizatriptan PUREN 5 mg Schmelztabletten - Einreichungsnummer: 2201023;05.05.2026;Vorgesehen;Schmelztablette;versrel
14299184;2201023;LE2026002283;LE2026001721;Änderungsmeldung;30.04.2026;30.11.2026;23.06.2026;Produktionsproblem;Rizatriptan PUREN 5 mg Schmelztabletten;N02CC04;Rizatriptanbenzoat;ja;PUREN Pharma GmbH & Co. KG;Probleme in der Herstellung;Ressourcenengpass bei der Produktion;Rizatriptan PUREN 5 mg Schmelztabletten - Einreichungsnummer: 2201023;05.05.2026;Vorgesehen;Schmelztablette;versrel
00000000;2190452;LE2026002281;LE2021003324;Änderungsmeldung;01.10.2018;31.12.2026;23.06.2026;Sonstige;Cefixim AL 100 mg/5 ml Pulver zur Herstellung einer Suspension zum Einnehmen;J01DD08;Cefixim 3 H<2>O;ja;ALIUD PHARMA GmbH;Erhöhte Nachfrage;N/A;N/A;24.10.2018;Ja;Pulver zur Herstellung einer Suspension zum Einnehmen;verskri (auch versrel)
09474165;2190452;LE2026002281;LE2021003324;Änderungsmeldung;01.10.2018;31.12.2026;23.06.2026;Sonstige;Cefixim AL 100 mg/5 ml Pulver zur Herstellung einer Suspension zum Einnehmen;J01DD08;Cefixim 3 H<2>O;ja;ALIUD PHARMA GmbH;Erhöhte Nachfrage;N/A;N/A;24.10.2018;Ja;Pulver zur Herstellung einer Suspension zum Einnehmen;verskri (auch versrel)
09474171;2190452;LE2026002281;LE2021003324;Änderungsmeldung;01.10.2018;31.12.2026;23.06.2026;Sonstige;Cefixim AL 100 mg/5 ml Pulver zur Herstellung einer Suspension zum Einnehmen;J01DD08;Cefixim 3 H<2>O;ja;ALIUD PHARMA GmbH;Erhöhte Nachfrage;N/A;N/A;24.10.2018;Ja;Pulver zur Herstellung einer Suspension zum Einnehmen;verskri (auch versrel)
00417036;2178495;LE2026002276;N/A;Erstmeldung;10.06.2026;04.09.2026;22.06.2026;Sonstige;Rizatriptan Glenmark 5 mg Schmelztabletten;N02CC04;Rizatriptanbenzoat;nein;Glenmark Arzneimittel GmbH;Erhöhte Nachfrage;N/A;N/A;22.06.2026;Nein;Schmelztablette;versrel
13423251;2191463;LE2026002270;N/A;Erstmeldung;22.06.2026;30.09.2026;22.06.2026;Sonstige;Levosert 20 Mikrogramm/24 Stunden intrauterines Wirkstofffreisetzungssystem;G02BA03;Levonorgestrel;nein;Gedeon Richter Plc.;Sonstige;N/A;Mirena - Einreichungsnummer: 2141880;22.06.2026;Vorgesehen;Intrauterines Wirkstofffreisetzungssystem;verskri (auch versrel)
18139000;2204982;LE2026002269;LE2026002267;Erstmeldung;22.06.2026;31.12.2026;22.06.2026;Sonstige;Levosert One 20 Mikrogramm/24 Stunden intrauterines Wirkstofffreisetzungssystem;G02BA03;Levonorgestrel;nein;Gedeon Richter Plc.;Sonstige;N/A;Mirena - Einreichungsnummer: 2141880;22.06.2026;Vorgesehen;Intrauterines Wirkstofffreisetzungssystem;verskri (auch versrel)
09237784;2200857;LE2026002254;LE2025000478;Änderungsmeldung;27.01.2025;31.08.2026;19.06.2026;Produktionsproblem;Quetiapin Heumann retard 200 mg Retardtabletten;N05AH04;Quetiapinfumarat (Ph.Eur.);nein;Heumann Pharma GmbH & Co. Generica KG;Probleme in der Herstellung;N/A;N/A;10.02.2025;Vorgesehen;Retardtablette;weder versrel noch verskri
09237809;2200857;LE2026002254;LE2025000478;Änderungsmeldung;27.01.2025;31.08.2026;19.06.2026;Produktionsproblem;Quetiapin Heumann retard 200 mg Retardtabletten;N05AH04;Quetiapinfumarat (Ph.Eur.);nein;Heumann Pharma GmbH & Co. Generica KG;Probleme in der Herstellung;N/A;N/A;10.02.2025;Vorgesehen;Retardtablette;weder versrel noch verskri
09237815;2200857;LE2026002254;LE2025000478;Änderungsmeldung;27.01.2025;31.08.2026;19.06.2026;Produktionsproblem;Quetiapin Heumann retard 200 mg Retardtabletten;N05AH04;Quetiapinfumarat (Ph.Eur.);nein;Heumann Pharma GmbH & Co. Generica KG;Probleme in der Herstellung;N/A;N/A;10.02.2025;Vorgesehen;Retardtablette;weder versrel noch verskri
09232887;2200856;LE2026002253;LE2025000477;Änderungsmeldung;27.01.2025;31.08.2026;19.06.2026;Produktionsproblem;Quetiapin Heumann retard 150 mg Retardtabletten;N05AH04;Quetiapinfumarat (Ph.Eur.);nein;Heumann Pharma GmbH & Co. Generica KG;Probleme in der Herstellung;N/A;N/A;10.02.2025;Vorgesehen;Retardtablette;weder versrel noch verskri
09232901;2200856;LE2026002253;LE2025000477;Änderungsmeldung;27.01.2025;31.08.2026;19.06.2026;Produktionsproblem;Quetiapin Heumann retard 150 mg Retardtabletten;N05AH04;Quetiapinfumarat (Ph.Eur.);nein;Heumann Pharma GmbH & Co. Generica KG;Probleme in der Herstellung;N/A;N/A;10.02.2025;Vorgesehen;Retardtablette;weder versrel noch verskri
09232918;2200856;LE2026002253;LE2025000477;Änderungsmeldung;27.01.2025;31.08.2026;19.06.2026;Produktionsproblem;Quetiapin Heumann retard 150 mg Retardtabletten;N05AH04;Quetiapinfumarat (Ph.Eur.);nein;Heumann Pharma GmbH & Co. Generica KG;Probleme in der Herstellung;N/A;N/A;10.02.2025;Vorgesehen;Retardtablette;weder versrel noch verskri
09232835;2200855;LE2026002251;LE2025000476;Änderungsmeldung;27.01.2025;31.08.2026;19.06.2026;Produktionsproblem;Quetiapin Heumann retard 50 mg Retardtabletten;N05AH04;Quetiapinfumarat (Ph.Eur.);nein;Heumann Pharma GmbH & Co. Generica KG;Probleme in der Herstellung;N/A;N/A;10.02.2025;Vorgesehen;Retardtablette;weder versrel noch verskri
09232858;2200855;LE2026002251;LE2025000476;Änderungsmeldung;27.01.2025;31.08.2026;19.06.2026;Produktionsproblem;Quetiapin Heumann retard 50 mg Retardtabletten;N05AH04;Quetiapinfumarat (Ph.Eur.);nein;Heumann Pharma GmbH & Co. Generica KG;Probleme in der Herstellung;N/A;N/A;10.02.2025;Vorgesehen;Retardtablette;weder versrel noch verskri
09232864;2200855;LE2026002251;LE2025000476;Änderungsmeldung;27.01.2025;31.08.2026;19.06.2026;Produktionsproblem;Quetiapin Heumann retard 50 mg Retardtabletten;N05AH04;Quetiapinfumarat (Ph.Eur.);nein;Heumann Pharma GmbH & Co. Generica KG;Probleme in der Herstellung;N/A;N/A;10.02.2025;Vorgesehen;Retardtablette;weder versrel noch verskri
09232924;2200859;LE2026002250;LE2025000480;Änderungsmeldung;27.01.2025;31.08.2026;19.06.2026;Produktionsproblem;Quetiapin Heumann retard 400 mg Retardtabletten;N05AH04;Quetiapinfumarat (Ph.Eur.);nein;Heumann Pharma GmbH & Co. Generica KG;Probleme in der Herstellung;N/A;N/A;10.02.2025;Vorgesehen;Retardtablette;weder versrel noch verskri
09232982;2200859;LE2026002250;LE2025000480;Änderungsmeldung;27.01.2025;31.08.2026;19.06.2026;Produktionsproblem;Quetiapin Heumann retard 400 mg Retardtabletten;N05AH04;Quetiapinfumarat (Ph.Eur.);nein;Heumann Pharma GmbH & Co. Generica KG;Probleme in der Herstellung;N/A;N/A;10.02.2025;Vorgesehen;Retardtablette;weder versrel noch verskri
09232999;2200859;LE2026002250;LE2025000480;Änderungsmeldung;27.01.2025;31.08.2026;19.06.2026;Produktionsproblem;Quetiapin Heumann retard 400 mg Retardtabletten;N05AH04;Quetiapinfumarat (Ph.Eur.);nein;Heumann Pharma GmbH & Co. Generica KG;Probleme in der Herstellung;N/A;N/A;10.02.2025;Vorgesehen;Retardtablette;weder versrel noch verskri
09237838;2200858;LE2026002249;LE2025000479;Änderungsmeldung;27.01.2025;31.08.2026;19.06.2026;Produktionsproblem;Quetiapin Heumann retard 300 mg Retardtabletten;N05AH04;Quetiapinfumarat (Ph.Eur.);nein;Heumann Pharma GmbH & Co. Generica KG;Probleme in der Herstellung;N/A;N/A;10.02.2025;Vorgesehen;Retardtablette;weder versrel noch verskri
09237844;2200858;LE2026002249;LE2025000479;Änderungsmeldung;27.01.2025;31.08.2026;19.06.2026;Produktionsproblem;Quetiapin Heumann retard 300 mg Retardtabletten;N05AH04;Quetiapinfumarat (Ph.Eur.);nein;Heumann Pharma GmbH & Co. Generica KG;Probleme in der Herstellung;N/A;N/A;10.02.2025;Vorgesehen;Retardtablette;weder versrel noch verskri
09237867;2200858;LE2026002249;LE2025000479;Änderungsmeldung;27.01.2025;31.08.2026;19.06.2026;Produktionsproblem;Quetiapin Heumann retard 300 mg Retardtabletten;N05AH04;Quetiapinfumarat (Ph.Eur.);nein;Heumann Pharma GmbH & Co. Generica KG;Probleme in der Herstellung;N/A;N/A;10.02.2025;Vorgesehen;Retardtablette;weder versrel noch verskri
11377423;2198648;LE2026002248;LE2026001513;Änderungsmeldung;23.02.2026;20.08.2026;19.06.2026;Produktionsproblem;Brimo-Vision sine 2 mg/ml Augentropfen, Lösung im Einzeldosisbehältnis;S01EA05;Brimonidintartrat;nein;OmniVision GmbH;Sonstige;Grund des Lieferengpasses: Kapazitätsengpass in der Produktion beim registrierten Fertigprodukthersteller.Die 120er Packungsgröße wird am 19.06.2026 wieder lieferbar sein. Die 30er Packungsgröße voraussichtlich am 20.08.2026.;N/A;21.04.2026;Nein;Augentropfen, Lösung im Einzeldosisbehältnis;versrel
06195016;2193162;LE2026002246;LE2025000826;Änderungsmeldung;24.02.2025;31.08.2026;19.06.2026;Produktionsproblem;Galantamin Heumann 16 mg Hartkapseln, retardiert;N06DA04;Galantaminhydrobromid;nein;Heumann Pharma GmbH & Co. Generica KG;Probleme in der Herstellung;N/A;N/A;10.03.2025;Vorgesehen;Hartkapsel, retardiert;weder versrel noch verskri
09632859;2193162;LE2026002246;LE2025000826;Änderungsmeldung;24.02.2025;31.08.2026;19.06.2026;Produktionsproblem;Galantamin Heumann 16 mg Hartkapseln, retardiert;N06DA04;Galantaminhydrobromid;nein;Heumann Pharma GmbH & Co. Generica KG;Probleme in der Herstellung;N/A;N/A;10.03.2025;Vorgesehen;Hartkapsel, retardiert;weder versrel noch verskri
09632871;2193162;LE2026002246;LE2025000826;Änderungsmeldung;24.02.2025;31.08.2026;19.06.2026;Produktionsproblem;Galantamin Heumann 16 mg Hartkapseln, retardiert;N06DA04;Galantaminhydrobromid;nein;Heumann Pharma GmbH & Co. Generica KG;Probleme in der Herstellung;N/A;N/A;10.03.2025;Vorgesehen;Hartkapsel, retardiert;weder versrel noch verskri
06195401;2193163;LE2026002245;LE2025000827;Änderungsmeldung;24.02.2025;31.08.2026;19.06.2026;Produktionsproblem;Galantamin Heumann 24 mg Hartkapseln, retardiert;N06DA04;Galantaminhydrobromid;nein;Heumann Pharma GmbH & Co. Generica KG;Probleme in der Herstellung;N/A;N/A;10.03.2025;Vorgesehen;Hartkapsel, retardiert;weder versrel noch verskri
09632888;2193163;LE2026002245;LE2025000827;Änderungsmeldung;24.02.2025;31.08.2026;19.06.2026;Produktionsproblem;Galantamin Heumann 24 mg Hartkapseln, retardiert;N06DA04;Galantaminhydrobromid;nein;Heumann Pharma GmbH & Co. Generica KG;Probleme in der Herstellung;N/A;N/A;10.03.2025;Vorgesehen;Hartkapsel, retardiert;weder versrel noch verskri
09632902;2193163;LE2026002245;LE2025000827;Änderungsmeldung;24.02.2025;31.08.2026;19.06.2026;Produktionsproblem;Galantamin Heumann 24 mg Hartkapseln, retardiert;N06DA04;Galantaminhydrobromid;nein;Heumann Pharma GmbH & Co. Generica KG;Probleme in der Herstellung;N/A;N/A;10.03.2025;Vorgesehen;Hartkapsel, retardiert;weder versrel noch verskri
07621780;2170263;LE2026002212;N/A;Erstmeldung;02.06.2026;15.04.2027;17.06.2026;Produktionsproblem;Risperidon Mylan 1 mg Filmtabletten;N05AX08;Risperidon;nein;Viatris Germany GmbH;Probleme in der Herstellung;keine weiteren Angaben;N/A;17.06.2026;Nein;Filmtablette;verskri (auch versrel)
07621917;2170265;LE2026002211;N/A;Erstmeldung;02.06.2026;15.04.2027;17.06.2026;Produktionsproblem;Risperidon Mylan 3 mg Filmtabletten;N05AX08;Risperidon;nein;Viatris Germany GmbH;Probleme in der Herstellung;keine weiteren Angaben;N/A;17.06.2026;Nein;Filmtablette;verskri (auch versrel)
07621863;2170264;LE2026002210;N/A;Erstmeldung;02.06.2026;15.04.2027;17.06.2026;Produktionsproblem;Risperidon Mylan 2 mg Filmtabletten;N05AX08;Risperidon;nein;Viatris Germany GmbH;Probleme in der Herstellung;keine weiteren Angaben;N/A;17.06.2026;Nein;Filmtablette;verskri (auch versrel)
07621969;2170266;LE2026002208;N/A;Erstmeldung;02.06.2026;15.04.2027;17.06.2026;Produktionsproblem;Risperidon Mylan 4 mg Filmtabletten;N05AX08;Risperidon;nein;Viatris Germany GmbH;Probleme in der Herstellung;keine weiteren Angaben;N/A;17.06.2026;Nein;Filmtablette;verskri (auch versrel)
18380049;7001287;LE2026002203;N/A;Erstmeldung;16.06.2026;31.12.2026;17.06.2026;Produktionsproblem;Amlodipin/Valsartan/HCT Holsten 10 mg/160 mg/12,5 mg Filmtabletten;TERM_ID_NA_2090002384;"Amlodipinbesilat; Hydrochlorothiazid; Valsartan";nein;Holsten Pharma GmbH - Geschäftsanschrift -;Probleme in der Herstellung;N/A;N/A;17.06.2026;Vorgesehen;Filmtablette;weder versrel noch verskri
19222855;7015031;LE2026002202;LE2026001851;Änderungsmeldung;17.06.2026;31.12.2026;17.06.2026;Sonstige;Emblaveo;J01DF51;"Avibactam-Natrium; Aztreonam";ja;Pfizer Europe MA EEIG;Unzureichende Produktionskapazitäten;Der Beginn des Lieferengpasses wurde auf den 17.06.2026 geändert (initial 03.08.2026), da wir damit rechnen können, im Laufe des heutigen Tages leerzulaufen.;N/A;20.05.2026;Nein;Pulver für ein Konzentrat zur Herstellung einer Infusionslösung;verskri (auch versrel)
10998703;0176696;LE2026002201;N/A;Erstmeldung;19.05.2026;03.09.2026;17.06.2026;Produktionsproblem;Thilorbin;S01HA30;"Fluorescein-Natrium (Ph.Eur.); Oxybuprocainhydrochlorid";ja;OmniVision GmbH;Probleme in der Herstellung;N/A;N/A;17.06.2026;Ja;Augentropfen;weder versrel noch verskri
14313642;2202260;LE2026002194;LE2025003859;Änderungsmeldung;01.10.2025;21.10.2026;16.06.2026;Produktionsproblem;Aprepitant Zentiva 80 mg und 125 mg Hartkapseln;A04AD12;Aprepitant;nein;Zentiva Pharma GmbH;Probleme in der Herstellung;Notwendige Variations wurden dem Zulassungsinhaber vom Lohnhersteller nicht rechtzeitig angekündigt.;N/A;03.11.2025;Vorgesehen;Hartkapsel,Hartkapsel;versrel
14141879;2138185;LE2026002192;LE2026002019;Änderungsmeldung;01.06.2026;29.01.2027;16.06.2026;Sonstige;Dexa-inject mibe 4 mg/ml;H02AB02;Dexamethasondihydrogenphosphat-Dinatrium (Ph.Eur.);ja;Mibe GmbH Arzneimittel;Sonstige;N/A;Dexa-inject mibe 4 mg/ml - Einreichungsnummer: 2138185;02.06.2026;Nein;Injektionslösung;verskri (auch versrel)
04007849;2141364;LE2026002190;LE2026002022;Änderungsmeldung;01.06.2026;29.01.2027;16.06.2026;Sonstige;Dexamethason 1,5 mg Jenapharm;H02AB02;Dexamethason;ja;Mibe GmbH Arzneimittel;Sonstige;N/A;N/A;02.06.2026;Nein;Tablette;verskri (auch versrel)
14141891;2138439;LE2026002189;N/A;Erstmeldung;15.06.2026;29.01.2027;16.06.2026;Sonstige;Dexa-inject mibe 8 mg/ml;H02AB02;Dexamethasondihydrogenphosphat-Dinatrium (Ph.Eur.);ja;Mibe GmbH Arzneimittel;Sonstige;N/A;Dexa-inject mibe 8 mg/ml - Einreichungsnummer: 2138439;16.06.2026;Nein;Injektionslösung;verskri (auch versrel)
10071892;2195200;LE2026002188;LE2025000406;Änderungsmeldung;31.10.2024;30.09.2026;16.06.2026;Produktionsproblem;Quetiapin - 1 A Pharma 50 mg Retardtabletten;N05AH04;Quetiapinfumarat (Ph.Eur.);nein;1 A Pharma GmbH;Probleme in der Herstellung;N/A;N/A;03.02.2025;Vorgesehen;Retardtablette;weder versrel noch verskri
10071900;2195200;LE2026002188;LE2025000406;Änderungsmeldung;31.10.2024;30.09.2026;16.06.2026;Produktionsproblem;Quetiapin - 1 A Pharma 50 mg Retardtabletten;N05AH04;Quetiapinfumarat (Ph.Eur.);nein;1 A Pharma GmbH;Probleme in der Herstellung;N/A;N/A;03.02.2025;Vorgesehen;Retardtablette;weder versrel noch verskri
10071917;2195200;LE2026002188;LE2025000406;Änderungsmeldung;31.10.2024;30.09.2026;16.06.2026;Produktionsproblem;Quetiapin - 1 A Pharma 50 mg Retardtabletten;N05AH04;Quetiapinfumarat (Ph.Eur.);nein;1 A Pharma GmbH;Probleme in der Herstellung;N/A;N/A;03.02.2025;Vorgesehen;Retardtablette;weder versrel noch verskri
17560499;2205277;LE2026002187;LE2026001611;Änderungsmeldung;11.02.2026;07.08.2026;16.06.2026;Sonstige;Abirateron HEXAL 500 mg Filmtabletten;L02BX03;Abirateronacetat;nein;H e x a l  Aktiengesellschaft;Sonstige;N/A;N/A;28.04.2026;Nein;Filmtablette;versrel
09637644;2190548;LE2026002186;LE2025000409;Änderungsmeldung;18.12.2024;30.09.2026;16.06.2026;Produktionsproblem;Quetiapin HEXAL 150 mg Retardtabletten;N05AH04;Quetiapinfumarat (Ph.Eur.);nein;H e x a l  Aktiengesellschaft;Probleme in der Herstellung;N/A;N/A;03.02.2025;Vorgesehen;Retardtablette;weder versrel noch verskri
09637650;2190548;LE2026002186;LE2025000409;Änderungsmeldung;18.12.2024;30.09.2026;16.06.2026;Produktionsproblem;Quetiapin HEXAL 150 mg Retardtabletten;N05AH04;Quetiapinfumarat (Ph.Eur.);nein;H e x a l  Aktiengesellschaft;Probleme in der Herstellung;N/A;N/A;03.02.2025;Vorgesehen;Retardtablette;weder versrel noch verskri
09637667;2190548;LE2026002186;LE2025000409;Änderungsmeldung;18.12.2024;30.09.2026;16.06.2026;Produktionsproblem;Quetiapin HEXAL 150 mg Retardtabletten;N05AH04;Quetiapinfumarat (Ph.Eur.);nein;H e x a l  Aktiengesellschaft;Probleme in der Herstellung;N/A;N/A;03.02.2025;Vorgesehen;Retardtablette;weder versrel noch verskri
00000000;2114031;LE2026002176;LE2024001865;Änderungsmeldung;01.05.2024;27.08.2026;16.06.2026;Sonstige;Amoxicillin AL TS;J01CA04;Amoxicillin-Trihydrat;nein;ALIUD PHARMA GmbH;Erhöhte Nachfrage;N/A;N/A;15.05.2024;Vorgesehen;Pulver zur Herstellung einer Suspension zum Einnehmen;verskri (auch versrel)
04751588;2114031;LE2026002176;LE2024001865;Änderungsmeldung;01.05.2024;27.08.2026;16.06.2026;Sonstige;Amoxicillin AL TS;J01CA04;Amoxicillin-Trihydrat;nein;ALIUD PHARMA GmbH;Erhöhte Nachfrage;N/A;N/A;15.05.2024;Vorgesehen;Pulver zur Herstellung einer Suspension zum Einnehmen;verskri (auch versrel)
09424428;2114031;LE2026002176;LE2024001865;Änderungsmeldung;01.05.2024;27.08.2026;16.06.2026;Sonstige;Amoxicillin AL TS;J01CA04;Amoxicillin-Trihydrat;nein;ALIUD PHARMA GmbH;Erhöhte Nachfrage;N/A;N/A;15.05.2024;Vorgesehen;Pulver zur Herstellung einer Suspension zum Einnehmen;verskri (auch versrel)
14307736;2105540;LE2026002172;LE2025003294;Änderungsmeldung;01.09.2025;24.08.2026;15.06.2026;Produktionsproblem;Clonistada 0,15 mg Tabletten;C02AC01;Clonidinhydrochlorid;nein;STADAPHARM GmbH;Probleme in der Herstellung;N/A;N/A;18.09.2025;Vorgesehen;Tablette;versrel
06637750;2104740;LE2026002166;LE2026000496;Änderungsmeldung;04.02.2026;31.12.2026;15.06.2026;Sonstige;Prostavasin 20 µg;C01EA01;Alprostadil;ja;Amdipharm Limited;Erhöhte Nachfrage;N/A;Prostavasin 20 µg - Einreichungsnummer: 2104740;04.02.2026;Vorgesehen;Trockensubstanz;versrel
19551949;2716087;LE2026002164;N/A;Erstmeldung;15.06.2026;31.12.2026;15.06.2026;Sonstige;Xarelto 1 mg/ml Granulat zur Herstellung einer Suspension zum Einnehmen;B01AF01;Rivaroxaban;ja;Bayer Aktiengesellschaft;Sonstige;N/A;N/A;15.06.2026;Nein;Granulat zur Herstellung einer Suspension zum Einnehmen;versrel
18190834;2199063;LE2026002145;LE2025001933;Änderungsmeldung;02.06.2025;30.11.2026;12.06.2026;Produktionsproblem;Bortezomib STADA 2,5 mg/ml Injektionslösung;L01XX32;Bortezomibmannitol;nein;STADAPHARM GmbH;Probleme in der Herstellung;N/A;Bortezomib STADA 2,5 mg/ml Injektionslösung - Einreichungsnummer: 7008327;05.06.2025;Vorgesehen;Injektionslösung;versrel
13570650;2199510;LE2026002142;LE2026000846;Änderungsmeldung;01.01.2026;15.08.2026;12.06.2026;Produktionsproblem;Busulfan-ratiopharm 6 mg/ml Konzentrat zur Herstellung einer Infusionslösung;L01AB01;Busulfan;ja;ratiopharm GmbH;Probleme in der Herstellung;N/A;N/A;04.03.2026;Vorgesehen;Konzentrat zur Herstellung einer Infusionslösung;verskri (auch versrel)
03131688;2143570;LE2026002141;N/A;Erstmeldung;01.06.2026;31.08.2026;12.06.2026;Sonstige;Cabaseril 2 mg;N04BC06;Cabergolin;ja;Pfizer Pharma GmbH;Probleme beim Wirkstoffhersteller;N/A;Cabaseril 1 mg - Einreichungsnummer: 2143569;12.06.2026;Nein;Tablette;versrel
07729690;2143570;LE2026002141;N/A;Erstmeldung;01.06.2026;31.08.2026;12.06.2026;Sonstige;Cabaseril 2 mg;N04BC06;Cabergolin;ja;Pfizer Pharma GmbH;Probleme beim Wirkstoffhersteller;N/A;Cabaseril 1 mg - Einreichungsnummer: 2143569;12.06.2026;Nein;Tablette;versrel
03131613;2143569;LE2026002140;N/A;Erstmeldung;01.06.2026;31.08.2026;12.06.2026;Sonstige;Cabaseril 1 mg;N04BC06;Cabergolin;ja;Pfizer Pharma GmbH;Probleme beim Wirkstoffhersteller;N/A;N/A;12.06.2026;Nein;Tablette;versrel
07729655;2143569;LE2026002140;N/A;Erstmeldung;01.06.2026;31.08.2026;12.06.2026;Sonstige;Cabaseril 1 mg;N04BC06;Cabergolin;ja;Pfizer Pharma GmbH;Probleme beim Wirkstoffhersteller;N/A;N/A;12.06.2026;Nein;Tablette;versrel
16396342;2205267;LE2026002137;LE2024003787;Änderungsmeldung;25.11.2025;30.07.2026;12.06.2026;Sonstige;Levetiracetam - 1 A Pharma 1500 mg Filmtabletten;N03AX14;Levetiracetam;nein;1 A Pharma GmbH;Sonstige;N/A;N/A;15.10.2024;Vorgesehen;Filmtablette;weder versrel noch verskri
04174139;2170562;LE2026002131;LE2025003331;Änderungsmeldung;19.09.2025;13.12.2026;12.06.2026;Sonstige;Seroquel Prolong 200 mg Retardtabletten;N05AH04;Quetiapinfumarat (Ph.Eur.);nein;Cheplapharm Arzneimittel GmbH;Erhöhte Nachfrage;Competitors stockout;N/A;19.09.2025;Nein;Retardtablette;weder versrel noch verskri
04174412;2170562;LE2026002131;LE2025003331;Änderungsmeldung;19.09.2025;13.12.2026;12.06.2026;Sonstige;Seroquel Prolong 200 mg Retardtabletten;N05AH04;Quetiapinfumarat (Ph.Eur.);nein;Cheplapharm Arzneimittel GmbH;Erhöhte Nachfrage;Competitors stockout;N/A;19.09.2025;Nein;Retardtablette;weder versrel noch verskri
13881321;2198054;LE2026002130;LE2026000700;Änderungsmeldung;18.02.2026;14.08.2026;11.06.2026;Sonstige;Telmisartan Micro Labs 20 mg Tabletten;C09CA07;Telmisartan;ja;Micro Labs GmbH;Erhöhte Nachfrage;N/A;N/A;23.02.2026;Nein;Tablette;weder versrel noch verskri
04644852;0065494;LE2026002124;LE2025002594;Änderungsmeldung;15.07.2025;02.11.2026;11.06.2026;Produktionsproblem;Skid 100mg;J01AA08;Minocyclinhydrochlorid-Dihydrat (Ph.Eur.);nein;Winthrop Arzneimittel GmbH;Sonstige;Anpassung des Herstellung;N/A;25.07.2025;Vorgesehen;Filmtablette;verskri (auch versrel)
14244266;2202466;LE2026002120;LE2024002630;Änderungsmeldung;15.07.2024;30.09.2026;11.06.2026;Produktionsproblem;Atomoxetin beta 100 mg Hartkapseln;N06BA09;Atomoxetinhydrochlorid;nein;betapharm Arzneimittel GmbH;Probleme in der Herstellung;N/A;N/A;15.07.2024;Vorgesehen;Hartkapsel;weder versrel noch verskri
01214335;2138719;LE2026002115;LE2026000747;Änderungsmeldung;19.02.2026;31.07.2026;10.06.2026;Sonstige;Aminoven 10 %;B05BA01;"Alanin; Arginin; Glycin; Histidin; Isoleucin; Leucin; Lysinacetat; Methionin; Phenylalanin; Prolin; Serin; Taurin; Threonin; Tryptophan; Tyrosin; Valin";ja;Fresenius Kabi Deutschland GmbH;Erhöhte Nachfrage;N/A;N/A;26.02.2026;Ja;Infusionslösung;weder versrel noch verskri
01214358;2138719;LE2026002115;LE2026000747;Änderungsmeldung;19.02.2026;31.07.2026;10.06.2026;Sonstige;Aminoven 10 %;B05BA01;"Alanin; Arginin; Glycin; Histidin; Isoleucin; Leucin; Lysinacetat; Methionin; Phenylalanin; Prolin; Serin; Taurin; Threonin; Tryptophan; Tyrosin; Valin";ja;Fresenius Kabi Deutschland GmbH;Erhöhte Nachfrage;N/A;N/A;26.02.2026;Ja;Infusionslösung;weder versrel noch verskri
08452629;2130589;LE2026002114;LE2026000745;Änderungsmeldung;19.02.2026;31.07.2026;10.06.2026;Sonstige;Aminoven infant 10%;B05BA;"Acetylcystein; Alanin; Arginin; Glycin; Histidin; Isoleucin; L-Äpfelsäure; Leucin; Lysinacetat; Methionin; N-Acetyltyrosin (Ph.Eur.); Phenylalanin; Prolin; Serin; Taurin; Threonin; Tryptophan; Valin";ja;Fresenius Kabi Deutschland GmbH;Erhöhte Nachfrage;N/A;N/A;26.02.2026;Ja;Infusionslösung;weder versrel noch verskri
10382161;2130589;LE2026002114;LE2026000745;Änderungsmeldung;19.02.2026;31.07.2026;10.06.2026;Sonstige;Aminoven infant 10%;B05BA;"Acetylcystein; Alanin; Arginin; Glycin; Histidin; Isoleucin; L-Äpfelsäure; Leucin; Lysinacetat; Methionin; N-Acetyltyrosin (Ph.Eur.); Phenylalanin; Prolin; Serin; Taurin; Threonin; Tryptophan; Valin";ja;Fresenius Kabi Deutschland GmbH;Erhöhte Nachfrage;N/A;N/A;26.02.2026;Ja;Infusionslösung;weder versrel noch verskri
06977730;2113931;LE2026002113;LE2026001589;Änderungsmeldung;22.04.2026;31.07.2026;10.06.2026;Produktionsproblem;Nephrotect;B05BA01;"Acetylcystein; Alanin; Arginin; Glycin; Histidin; Isoleucin; Leucin; Lysinacetat; Methionin; N-Glycyl-L-tyrosin-Dihydrat; Phenylalanin; Prolin; Serin; Threonin; Tryptophan; Tyrosin; Valin";ja;Fresenius Kabi Deutschland GmbH;Probleme bei der Endfreigabe;N/A;N/A;27.04.2026;Vorgesehen;Infusionslösung;weder versrel noch verskri
06977747;2113931;LE2026002113;LE2026001589;Änderungsmeldung;22.04.2026;31.07.2026;10.06.2026;Produktionsproblem;Nephrotect;B05BA01;"Acetylcystein; Alanin; Arginin; Glycin; Histidin; Isoleucin; Leucin; Lysinacetat; Methionin; N-Glycyl-L-tyrosin-Dihydrat; Phenylalanin; Prolin; Serin; Threonin; Tryptophan; Tyrosin; Valin";ja;Fresenius Kabi Deutschland GmbH;Probleme bei der Endfreigabe;N/A;N/A;27.04.2026;Vorgesehen;Infusionslösung;weder versrel noch verskri
00278333;2160028;LE2026002112;LE2026001591;Änderungsmeldung;02.04.2026;31.08.2026;10.06.2026;Produktionsproblem;SMOFlipid 200 mg/ml Emulsion zur Infusion;B05BA02;"Mittelkettige Triglyceride; Omega-3-Säuren-reiches Fischöl ((mit Angaben zur Zusammensetzung)); Raffiniertes Olivenöl; Raffiniertes Sojaöl (Ph.Eur.)";ja;Fresenius Kabi Deutschland GmbH;Probleme bei der Endfreigabe;N/A;N/A;27.04.2026;Vorgesehen;Emulsion zur Infusion;weder versrel noch verskri
03731632;2160028;LE2026002112;LE2026001591;Änderungsmeldung;02.04.2026;31.08.2026;10.06.2026;Produktionsproblem;SMOFlipid 200 mg/ml Emulsion zur Infusion;B05BA02;"Mittelkettige Triglyceride; Omega-3-Säuren-reiches Fischöl ((mit Angaben zur Zusammensetzung)); Raffiniertes Olivenöl; Raffiniertes Sojaöl (Ph.Eur.)";ja;Fresenius Kabi Deutschland GmbH;Probleme bei der Endfreigabe;N/A;N/A;27.04.2026;Vorgesehen;Emulsion zur Infusion;weder versrel noch verskri
03731649;2160028;LE2026002112;LE2026001591;Änderungsmeldung;02.04.2026;31.08.2026;10.06.2026;Produktionsproblem;SMOFlipid 200 mg/ml Emulsion zur Infusion;B05BA02;"Mittelkettige Triglyceride; Omega-3-Säuren-reiches Fischöl ((mit Angaben zur Zusammensetzung)); Raffiniertes Olivenöl; Raffiniertes Sojaöl (Ph.Eur.)";ja;Fresenius Kabi Deutschland GmbH;Probleme bei der Endfreigabe;N/A;N/A;27.04.2026;Vorgesehen;Emulsion zur Infusion;weder versrel noch verskri
17205367;2202947;LE2026002106;LE2025001771;Änderungsmeldung;19.05.2025;01.09.2026;10.06.2026;Produktionsproblem;Arsentrioxid STADA 1 mg/ml Konzentrat zur Herstellung einer Infusionslösung;L01XX27;Arsen(III)-oxid;nein;STADAPHARM GmbH;Probleme in der Herstellung;N/A;N/A;23.05.2025;Vorgesehen;Konzentrat zur Herstellung einer Infusionslösung;weder versrel noch verskri
13167747;2182719;LE2026002105;LE2026001231;Änderungsmeldung;01.04.2026;03.08.2026;09.06.2026;Produktionsproblem;Bronchospasmin 10 ml Injektionslösung;R03CC14;Reproterolhydrochlorid;ja;Viatris Healthcare GmbH;Probleme in der Herstellung;N/A;N/A;30.03.2026;Nein;Injektionslösung;weder versrel noch verskri
18167551;2203902;LE2026002104;LE2024004050;Änderungsmeldung;05.11.2024;30.09.2026;09.06.2026;Produktionsproblem;Fosfomycin Eberth 2 g Pulver zur Herstellung einer Infusionslösung;J01XX01;Fosfomycin-Natrium (Ph.Eur.);ja;Dr. Friedrich Eberth Arzneimittel GmbH;Sonstige;n.a.;Fosfomycin Eberth 2 g Pulver zur Herstellung einer Infusionslösung - Einreichungsnummer: 2203902;06.11.2024;Vorgesehen;Pulver zur Herstellung einer Injektions-/Infusionslösung;verskri (auch versrel)
18167568;2203903;LE2026002103;LE2024004051;Änderungsmeldung;05.11.2024;30.09.2026;09.06.2026;Produktionsproblem;Fosfomycin Eberth 4 g Pulver zur Herstellung einer Infusionslösung;J01XX01;Fosfomycin-Natrium (Ph.Eur.);ja;Dr. Friedrich Eberth Arzneimittel GmbH;Sonstige;n.a.;N/A;06.11.2024;Vorgesehen;Pulver zur Herstellung einer Injektions-/Infusionslösung;verskri (auch versrel)
17582874;2203600;LE2026002102;LE2024004630;Änderungsmeldung;18.12.2024;30.09.2026;09.06.2026;Sonstige;Teicoplanin Eberth 200 mg Pulver zur Herstellung einer Injektions-/Infusionslösung oder einer Lösung zum Einnehmen;J01XA02;Teicoplanin;ja;Dr. Friedrich Eberth Arzneimittel GmbH;Sonstige;n.a.;N/A;20.12.2024;Vorgesehen;Pulver zur Herstellung einer Injektions- bzw. Infusionslösung oder einer Lösung zum Einnehmen;verskri (auch versrel)
17582880;2203601;LE2026002101;LE2024004631;Änderungsmeldung;18.12.2024;30.09.2026;09.06.2026;Sonstige;Teicoplanin Eberth 400 mg Pulver zur Herstellung einer Injektions-/Infusionslösung oder einer Lösung zum Einnehmen;J01XA02;Teicoplanin;ja;Dr. Friedrich Eberth Arzneimittel GmbH;Sonstige;n.a.;N/A;20.12.2024;Vorgesehen;Pulver zur Herstellung einer Injektions- bzw. Infusionslösung oder einer Lösung zum Einnehmen;verskri (auch versrel)
08820369;2707487;LE2026002080;LE2025004156;Änderungsmeldung;01.11.2024;30.11.2026;08.06.2026;Sonstige;Bronchitol 40 mg Hartkapsel mit Pulver zur Inhalation - OP10(1x10);R05CB16;Mannitol (Ph.Eur.);ja;Pharmaxis Europe Limited;Sonstige;Bronchitol 40 mg Hartkapsel mit Pulver zur Inhalation ist indiziert zur Behandlung von Mukoviszidose bei Erwachsenen als Zusatztherapie zur bestmöglichen Standardbehandlung.Bronchitol wird seit Oktober 2023 in folgenden EU/EWR-Ländern vermarktet: Österreich, Tschechische Republik, Dänemark, Deutschland, Griechenland, Ungarn, Irland, Italien, Schweden und Norwegen.;Bronchitol 40 mg Hartkapsel mit Pulver zur Inhalation - OP280(28x10) - Einreichungsnummer: 2707486;25.11.2025;Nein;Hartkapsel mit Pulver zur Inhalation;weder versrel noch verskri
04806958;2186297;LE2026002078;N/A;Erstmeldung;05.06.2026;31.08.2026;06.06.2026;Produktionsproblem;Hydrocortison-POS N 1 %;S01BA02;Hydrocortisonacetat (Ph.Eur.);nein;URSAPHARM Arzneimittel GmbH;Probleme in der Herstellung;N/A;N/A;06.06.2026;Vorgesehen;Augensalbe;versrel
11083928;2191318;LE2026002074;LE2025004378;Änderungsmeldung;04.08.2025;31.12.2026;05.06.2026;Sonstige;ATORVASTATIN BASICS 30 mg Filmtabletten;C10AA05;Atorvastatin-Calcium-Trihydrat (Ph.Eur.);nein;Basics GmbH;Probleme beim Wirkstoffhersteller;;N/A;05.12.2025;Nein;Filmtablette;versrel
09947215;2195204;LE2026002073;LE2025000405;Änderungsmeldung;31.01.2025;30.09.2026;05.06.2026;Produktionsproblem;Quetiapin - 1 A Pharma 400 mg Retardtabletten;N05AH04;Quetiapinfumarat (Ph.Eur.);nein;1 A Pharma GmbH;Probleme in der Herstellung;N/A;N/A;03.02.2025;Vorgesehen;Retardtablette;weder versrel noch verskri
09947238;2195204;LE2026002073;LE2025000405;Änderungsmeldung;31.01.2025;30.09.2026;05.06.2026;Produktionsproblem;Quetiapin - 1 A Pharma 400 mg Retardtabletten;N05AH04;Quetiapinfumarat (Ph.Eur.);nein;1 A Pharma GmbH;Probleme in der Herstellung;N/A;N/A;03.02.2025;Vorgesehen;Retardtablette;weder versrel noch verskri
09947244;2195204;LE2026002073;LE2025000405;Änderungsmeldung;31.01.2025;30.09.2026;05.06.2026;Produktionsproblem;Quetiapin - 1 A Pharma 400 mg Retardtabletten;N05AH04;Quetiapinfumarat (Ph.Eur.);nein;1 A Pharma GmbH;Probleme in der Herstellung;N/A;N/A;03.02.2025;Vorgesehen;Retardtablette;weder versrel noch verskri
11192037;2195201;LE2026002072;LE2025000402;Änderungsmeldung;14.12.2024;30.09.2026;05.06.2026;Produktionsproblem;Quetiapin - 1 A Pharma 150 mg Retardtabletten;N05AH04;Quetiapinfumarat (Ph.Eur.);nein;1 A Pharma GmbH;Probleme in der Herstellung;N/A;N/A;03.02.2025;Vorgesehen;Retardtablette;weder versrel noch verskri
11192043;2195201;LE2026002072;LE2025000402;Änderungsmeldung;14.12.2024;30.09.2026;05.06.2026;Produktionsproblem;Quetiapin - 1 A Pharma 150 mg Retardtabletten;N05AH04;Quetiapinfumarat (Ph.Eur.);nein;1 A Pharma GmbH;Probleme in der Herstellung;N/A;N/A;03.02.2025;Vorgesehen;Retardtablette;weder versrel noch verskri
11192066;2195201;LE2026002072;LE2025000402;Änderungsmeldung;14.12.2024;30.09.2026;05.06.2026;Produktionsproblem;Quetiapin - 1 A Pharma 150 mg Retardtabletten;N05AH04;Quetiapinfumarat (Ph.Eur.);nein;1 A Pharma GmbH;Probleme in der Herstellung;N/A;N/A;03.02.2025;Vorgesehen;Retardtablette;weder versrel noch verskri
09637609;2190547;LE2026002071;LE2025000408;Änderungsmeldung;09.11.2024;30.09.2026;05.06.2026;Produktionsproblem;Quetiapin HEXAL 50 mg Retardtabletten;N05AH04;Quetiapinfumarat (Ph.Eur.);nein;H e x a l  Aktiengesellschaft;Probleme in der Herstellung;N/A;N/A;03.02.2025;Vorgesehen;Retardtablette;weder versrel noch verskri
09637615;2190547;LE2026002071;LE2025000408;Änderungsmeldung;09.11.2024;30.09.2026;05.06.2026;Produktionsproblem;Quetiapin HEXAL 50 mg Retardtabletten;N05AH04;Quetiapinfumarat (Ph.Eur.);nein;H e x a l  Aktiengesellschaft;Probleme in der Herstellung;N/A;N/A;03.02.2025;Vorgesehen;Retardtablette;weder versrel noch verskri
09637621;2190547;LE2026002071;LE2025000408;Änderungsmeldung;09.11.2024;30.09.2026;05.06.2026;Produktionsproblem;Quetiapin HEXAL 50 mg Retardtabletten;N05AH04;Quetiapinfumarat (Ph.Eur.);nein;H e x a l  Aktiengesellschaft;Probleme in der Herstellung;N/A;N/A;03.02.2025;Vorgesehen;Retardtablette;weder versrel noch verskri
09637756;2190551;LE2026002070;LE2025000412;Änderungsmeldung;20.11.2024;30.09.2026;05.06.2026;Produktionsproblem;Quetiapin HEXAL 400 mg Retardtabletten;N05AH04;Quetiapinfumarat (Ph.Eur.);nein;H e x a l  Aktiengesellschaft;Probleme in der Herstellung;N/A;N/A;03.02.2025;Vorgesehen;Retardtablette;weder versrel noch verskri
09637673;2190549;LE2026002069;LE2025000410;Änderungsmeldung;17.12.2024;30.09.2026;05.06.2026;Produktionsproblem;Quetiapin HEXAL 200 mg Retardtabletten;N05AH04;Quetiapinfumarat (Ph.Eur.);nein;H e x a l  Aktiengesellschaft;Probleme in der Herstellung;N/A;N/A;03.02.2025;Vorgesehen;Retardtablette;weder versrel noch verskri
09637696;2190549;LE2026002069;LE2025000410;Änderungsmeldung;17.12.2024;30.09.2026;05.06.2026;Produktionsproblem;Quetiapin HEXAL 200 mg Retardtabletten;N05AH04;Quetiapinfumarat (Ph.Eur.);nein;H e x a l  Aktiengesellschaft;Probleme in der Herstellung;N/A;N/A;03.02.2025;Vorgesehen;Retardtablette;weder versrel noch verskri
09637704;2190549;LE2026002069;LE2025000410;Änderungsmeldung;17.12.2024;30.09.2026;05.06.2026;Produktionsproblem;Quetiapin HEXAL 200 mg Retardtabletten;N05AH04;Quetiapinfumarat (Ph.Eur.);nein;H e x a l  Aktiengesellschaft;Probleme in der Herstellung;N/A;N/A;03.02.2025;Vorgesehen;Retardtablette;weder versrel noch verskri
16536292;2205901;LE2026002068;LE2025000407;Änderungsmeldung;06.11.2024;30.09.2026;05.06.2026;Produktionsproblem;Quetiapin - 1 A Pharma 600 mg Retardtabletten;N05AH04;Quetiapinfumarat (Ph.Eur.);nein;1 A Pharma GmbH;Probleme in der Herstellung;N/A;N/A;03.02.2025;Vorgesehen;Retardtablette;weder versrel noch verskri
16536300;2205901;LE2026002068;LE2025000407;Änderungsmeldung;06.11.2024;30.09.2026;05.06.2026;Produktionsproblem;Quetiapin - 1 A Pharma 600 mg Retardtabletten;N05AH04;Quetiapinfumarat (Ph.Eur.);nein;1 A Pharma GmbH;Probleme in der Herstellung;N/A;N/A;03.02.2025;Vorgesehen;Retardtablette;weder versrel noch verskri
16536317;2205901;LE2026002068;LE2025000407;Änderungsmeldung;06.11.2024;30.09.2026;05.06.2026;Produktionsproblem;Quetiapin - 1 A Pharma 600 mg Retardtabletten;N05AH04;Quetiapinfumarat (Ph.Eur.);nein;1 A Pharma GmbH;Probleme in der Herstellung;N/A;N/A;03.02.2025;Vorgesehen;Retardtablette;weder versrel noch verskri
09947161;2195203;LE2026002067;LE2025000404;Änderungsmeldung;30.11.2024;30.09.2026;05.06.2026;Produktionsproblem;Quetiapin - 1 A Pharma 300 mg Retardtabletten;N05AH04;Quetiapinfumarat (Ph.Eur.);nein;1 A Pharma GmbH;Probleme in der Herstellung;N/A;N/A;03.02.2025;Vorgesehen;Retardtablette;weder versrel noch verskri
09947178;2195203;LE2026002067;LE2025000404;Änderungsmeldung;30.11.2024;30.09.2026;05.06.2026;Produktionsproblem;Quetiapin - 1 A Pharma 300 mg Retardtabletten;N05AH04;Quetiapinfumarat (Ph.Eur.);nein;1 A Pharma GmbH;Probleme in der Herstellung;N/A;N/A;03.02.2025;Vorgesehen;Retardtablette;weder versrel noch verskri
09947184;2195203;LE2026002067;LE2025000404;Änderungsmeldung;30.11.2024;30.09.2026;05.06.2026;Produktionsproblem;Quetiapin - 1 A Pharma 300 mg Retardtabletten;N05AH04;Quetiapinfumarat (Ph.Eur.);nein;1 A Pharma GmbH;Probleme in der Herstellung;N/A;N/A;03.02.2025;Vorgesehen;Retardtablette;weder versrel noch verskri
09947126;2195202;LE2026002066;LE2025000403;Änderungsmeldung;14.12.2024;30.09.2026;05.06.2026;Produktionsproblem;Quetiapin - 1 A Pharma 200 mg Retardtabletten;N05AH04;Quetiapinfumarat (Ph.Eur.);nein;1 A Pharma GmbH;Probleme in der Herstellung;N/A;N/A;03.02.2025;Vorgesehen;Retardtablette;weder versrel noch verskri
09947149;2195202;LE2026002066;LE2025000403;Änderungsmeldung;14.12.2024;30.09.2026;05.06.2026;Produktionsproblem;Quetiapin - 1 A Pharma 200 mg Retardtabletten;N05AH04;Quetiapinfumarat (Ph.Eur.);nein;1 A Pharma GmbH;Probleme in der Herstellung;N/A;N/A;03.02.2025;Vorgesehen;Retardtablette;weder versrel noch verskri
09947155;2195202;LE2026002066;LE2025000403;Änderungsmeldung;14.12.2024;30.09.2026;05.06.2026;Produktionsproblem;Quetiapin - 1 A Pharma 200 mg Retardtabletten;N05AH04;Quetiapinfumarat (Ph.Eur.);nein;1 A Pharma GmbH;Probleme in der Herstellung;N/A;N/A;03.02.2025;Vorgesehen;Retardtablette;weder versrel noch verskri
11510595;2613314;LE2026002038;LE2026000812;Änderungsmeldung;20.02.2026;31.07.2026;03.06.2026;Produktionsproblem;IQYMUNE;J06BA02;Immunglobulin G vom Menschen;ja;Laboratoire Francais du Fractionnement et des Biotechnologies;Probleme in der Herstellung;N/A;Kiovig - Einreichungsnummer: 2670220;02.03.2026;Ja;Infusionslösung;verskri (auch versrel)
11510626;2613314;LE2026002038;LE2026000812;Änderungsmeldung;20.02.2026;31.07.2026;03.06.2026;Produktionsproblem;IQYMUNE;J06BA02;Immunglobulin G vom Menschen;ja;Laboratoire Francais du Fractionnement et des Biotechnologies;Probleme in der Herstellung;N/A;Kiovig - Einreichungsnummer: 2670220;02.03.2026;Ja;Infusionslösung;verskri (auch versrel)
03495433;0792053;LE2026002032;LE2026001910;Änderungsmeldung;08.06.2026;14.10.2026;03.06.2026;Sonstige;Oxytocin 5 I.E. Hexal;H01BB02;Oxytocin;ja;H e x a l  Aktiengesellschaft;Sonstige;N/A;Oxytocin 10 I.E. Hexal - Einreichungsnummer: 0792024;27.05.2026;Vorgesehen;Injektionslösung/Konzentrat zur Herstellung einer Infusionslösung;verskri (auch versrel)
00173717;2152697;LE2026002029;LE2024002088;Änderungsmeldung;01.06.2024;31.12.2026;03.06.2026;Sonstige;Flucoderm Kapseln 50 mg;J02AC01;Fluconazol;nein;Dermapharm Aktiengesellschaft;Sonstige;N/A;Flucoderm Kapseln 50 mg - Einreichungsnummer: 2152697;05.06.2024;Nein;Hartkapsel;weder versrel noch verskri
09266716;2181736;LE2026002027;N/A;Erstmeldung;30.06.2026;31.03.2027;02.06.2026;Sonstige;Cisatracurium-hameln 2 mg/ml Injektionslösung/Infusionslösung;M03AC11;Cisatracuriumbesilat;ja;hameln pharma gmbh;Sonstige;Transfer verzögert sich aus Kapazitätsgründen;Cisatracurium-hameln 2 mg/ml Injektionslösung/Infusionslösung - Einreichungsnummer: 2181736;02.06.2026;Vorgesehen;Injektions-/Infusionslösung;versrel
09381914;2184387;LE2026002014;LE2025000789;Änderungsmeldung;25.02.2025;15.09.2026;02.06.2026;Sonstige;Galantamin-neuraxpharm 24 mg Hartkapseln, retardiert;N06DA04;Galantaminhydrobromid;nein;neuraxpharm Arzneimittel GmbH;Unzureichende Produktionskapazitäten;N/A;N/A;06.03.2025;Nein;Hartkapsel, retardiert;weder versrel noch verskri
09381771;2184386;LE2026002012;LE2025000788;Änderungsmeldung;11.02.2025;15.09.2026;02.06.2026;Sonstige;Galantamin-neuraxpharm 16 mg Hartkapseln, retardiert;N06DA04;Galantaminhydrobromid;nein;neuraxpharm Arzneimittel GmbH;Unzureichende Produktionskapazitäten;N/A;N/A;06.03.2025;Nein;Hartkapsel, retardiert;weder versrel noch verskri
09381788;2184386;LE2026002012;LE2025000788;Änderungsmeldung;11.02.2025;15.09.2026;02.06.2026;Sonstige;Galantamin-neuraxpharm 16 mg Hartkapseln, retardiert;N06DA04;Galantaminhydrobromid;nein;neuraxpharm Arzneimittel GmbH;Unzureichende Produktionskapazitäten;N/A;N/A;06.03.2025;Nein;Hartkapsel, retardiert;weder versrel noch verskri
09381819;2184386;LE2026002012;LE2025000788;Änderungsmeldung;11.02.2025;15.09.2026;02.06.2026;Sonstige;Galantamin-neuraxpharm 16 mg Hartkapseln, retardiert;N06DA04;Galantaminhydrobromid;nein;neuraxpharm Arzneimittel GmbH;Unzureichende Produktionskapazitäten;N/A;N/A;06.03.2025;Nein;Hartkapsel, retardiert;weder versrel noch verskri
09381742;2184385;LE2026002010;LE2025000786;Änderungsmeldung;02.01.2025;15.09.2026;02.06.2026;Sonstige;Galantamin-neuraxpharm 8 mg Hartkapseln, retardiert;N06DA04;Galantaminhydrobromid;nein;neuraxpharm Arzneimittel GmbH;Unzureichende Produktionskapazitäten;N/A;N/A;06.03.2025;Nein;Hartkapsel, retardiert;weder versrel noch verskri
14289547;2184385;LE2026002010;LE2025000786;Änderungsmeldung;02.01.2025;15.09.2026;02.06.2026;Sonstige;Galantamin-neuraxpharm 8 mg Hartkapseln, retardiert;N06DA04;Galantaminhydrobromid;nein;neuraxpharm Arzneimittel GmbH;Unzureichende Produktionskapazitäten;N/A;N/A;06.03.2025;Nein;Hartkapsel, retardiert;weder versrel noch verskri
14289553;2184385;LE2026002010;LE2025000786;Änderungsmeldung;02.01.2025;15.09.2026;02.06.2026;Sonstige;Galantamin-neuraxpharm 8 mg Hartkapseln, retardiert;N06DA04;Galantaminhydrobromid;nein;neuraxpharm Arzneimittel GmbH;Unzureichende Produktionskapazitäten;N/A;N/A;06.03.2025;Nein;Hartkapsel, retardiert;weder versrel noch verskri
09445784;2197690;LE2026002008;LE2024004255;Änderungsmeldung;29.08.2024;31.12.2026;02.06.2026;Sonstige;Quetiapin-neuraxpharm 50 mg Retardtabletten;N05AH04;Quetiapinfumarat (Ph.Eur.);nein;neuraxpharm Arzneimittel GmbH;Probleme beim Sonstigen Hersteller;n/a;N/A;26.11.2024;Nein;Retardtablette;weder versrel noch verskri
09445790;2197690;LE2026002008;LE2024004255;Änderungsmeldung;29.08.2024;31.12.2026;02.06.2026;Sonstige;Quetiapin-neuraxpharm 50 mg Retardtabletten;N05AH04;Quetiapinfumarat (Ph.Eur.);nein;neuraxpharm Arzneimittel GmbH;Probleme beim Sonstigen Hersteller;n/a;N/A;26.11.2024;Nein;Retardtablette;weder versrel noch verskri
09445809;2197690;LE2026002008;LE2024004255;Änderungsmeldung;29.08.2024;31.12.2026;02.06.2026;Sonstige;Quetiapin-neuraxpharm 50 mg Retardtabletten;N05AH04;Quetiapinfumarat (Ph.Eur.);nein;neuraxpharm Arzneimittel GmbH;Probleme beim Sonstigen Hersteller;n/a;N/A;26.11.2024;Nein;Retardtablette;weder versrel noch verskri
12345827;2197691;LE2026002006;LE2024004256;Änderungsmeldung;27.08.2024;31.12.2026;02.06.2026;Sonstige;Quetiapin-neuraxpharm 150 mg Retardtabletten;N05AH04;Quetiapinfumarat (Ph.Eur.);nein;neuraxpharm Arzneimittel GmbH;Probleme beim Sonstigen Hersteller;N/A;N/A;26.11.2024;Nein;Retardtablette;weder versrel noch verskri
12345879;2197691;LE2026002006;LE2024004256;Änderungsmeldung;27.08.2024;31.12.2026;02.06.2026;Sonstige;Quetiapin-neuraxpharm 150 mg Retardtabletten;N05AH04;Quetiapinfumarat (Ph.Eur.);nein;neuraxpharm Arzneimittel GmbH;Probleme beim Sonstigen Hersteller;N/A;N/A;26.11.2024;Nein;Retardtablette;weder versrel noch verskri
12345891;2197691;LE2026002006;LE2024004256;Änderungsmeldung;27.08.2024;31.12.2026;02.06.2026;Sonstige;Quetiapin-neuraxpharm 150 mg Retardtabletten;N05AH04;Quetiapinfumarat (Ph.Eur.);nein;neuraxpharm Arzneimittel GmbH;Probleme beim Sonstigen Hersteller;N/A;N/A;26.11.2024;Nein;Retardtablette;weder versrel noch verskri
09445821;2197692;LE2026002004;LE2024004257;Änderungsmeldung;05.11.2024;31.12.2026;02.06.2026;Sonstige;Quetiapin-neuraxpharm 200 mg Retardtabletten;N05AH04;Quetiapinfumarat (Ph.Eur.);nein;neuraxpharm Arzneimittel GmbH;Probleme beim Sonstigen Hersteller;n/a;N/A;26.11.2024;Nein;Retardtablette;weder versrel noch verskri
09445838;2197692;LE2026002004;LE2024004257;Änderungsmeldung;05.11.2024;31.12.2026;02.06.2026;Sonstige;Quetiapin-neuraxpharm 200 mg Retardtabletten;N05AH04;Quetiapinfumarat (Ph.Eur.);nein;neuraxpharm Arzneimittel GmbH;Probleme beim Sonstigen Hersteller;n/a;N/A;26.11.2024;Nein;Retardtablette;weder versrel noch verskri
09445844;2197692;LE2026002004;LE2024004257;Änderungsmeldung;05.11.2024;31.12.2026;02.06.2026;Sonstige;Quetiapin-neuraxpharm 200 mg Retardtabletten;N05AH04;Quetiapinfumarat (Ph.Eur.);nein;neuraxpharm Arzneimittel GmbH;Probleme beim Sonstigen Hersteller;n/a;N/A;26.11.2024;Nein;Retardtablette;weder versrel noch verskri
09445867;2197693;LE2026002003;LE2024004258;Änderungsmeldung;12.09.2024;31.12.2026;02.06.2026;Sonstige;Quetiapin-neuraxpharm 300 mg Retardtabletten;N05AH04;Quetiapinfumarat (Ph.Eur.);nein;neuraxpharm Arzneimittel GmbH;Probleme beim Sonstigen Hersteller;n/a;N/A;26.11.2024;Nein;Retardtablette;weder versrel noch verskri
09445873;2197693;LE2026002003;LE2024004258;Änderungsmeldung;12.09.2024;31.12.2026;02.06.2026;Sonstige;Quetiapin-neuraxpharm 300 mg Retardtabletten;N05AH04;Quetiapinfumarat (Ph.Eur.);nein;neuraxpharm Arzneimittel GmbH;Probleme beim Sonstigen Hersteller;n/a;N/A;26.11.2024;Nein;Retardtablette;weder versrel noch verskri
09445896;2197693;LE2026002003;LE2024004258;Änderungsmeldung;12.09.2024;31.12.2026;02.06.2026;Sonstige;Quetiapin-neuraxpharm 300 mg Retardtabletten;N05AH04;Quetiapinfumarat (Ph.Eur.);nein;neuraxpharm Arzneimittel GmbH;Probleme beim Sonstigen Hersteller;n/a;N/A;26.11.2024;Nein;Retardtablette;weder versrel noch verskri
09445910;2197694;LE2026002002;LE2024004259;Änderungsmeldung;26.11.2024;31.12.2026;02.06.2026;Sonstige;Quetiapin-neuraxpharm 400 mg Retardtabletten;N05AH04;Quetiapinfumarat (Ph.Eur.);nein;neuraxpharm Arzneimittel GmbH;Probleme beim Sonstigen Hersteller;n/a;N/A;26.11.2024;Nein;Retardtablette;weder versrel noch verskri
09445927;2197694;LE2026002002;LE2024004259;Änderungsmeldung;26.11.2024;31.12.2026;02.06.2026;Sonstige;Quetiapin-neuraxpharm 400 mg Retardtabletten;N05AH04;Quetiapinfumarat (Ph.Eur.);nein;neuraxpharm Arzneimittel GmbH;Probleme beim Sonstigen Hersteller;n/a;N/A;26.11.2024;Nein;Retardtablette;weder versrel noch verskri
09445933;2197694;LE2026002002;LE2024004259;Änderungsmeldung;26.11.2024;31.12.2026;02.06.2026;Sonstige;Quetiapin-neuraxpharm 400 mg Retardtabletten;N05AH04;Quetiapinfumarat (Ph.Eur.);nein;neuraxpharm Arzneimittel GmbH;Probleme beim Sonstigen Hersteller;n/a;N/A;26.11.2024;Nein;Retardtablette;weder versrel noch verskri
16398364;2203803;LE2026002001;LE2024004260;Änderungsmeldung;23.07.2024;31.12.2026;02.06.2026;Sonstige;Quetiapin-neuraxpharm 600 mg Retardtabletten;N05AH04;Quetiapinfumarat (Ph.Eur.);nein;neuraxpharm Arzneimittel GmbH;Probleme beim Sonstigen Hersteller;n/a;N/A;26.11.2024;Nein;Retardtablette;weder versrel noch verskri
16398370;2203803;LE2026002001;LE2024004260;Änderungsmeldung;23.07.2024;31.12.2026;02.06.2026;Sonstige;Quetiapin-neuraxpharm 600 mg Retardtabletten;N05AH04;Quetiapinfumarat (Ph.Eur.);nein;neuraxpharm Arzneimittel GmbH;Probleme beim Sonstigen Hersteller;n/a;N/A;26.11.2024;Nein;Retardtablette;weder versrel noch verskri
16398387;2203803;LE2026002001;LE2024004260;Änderungsmeldung;23.07.2024;31.12.2026;02.06.2026;Sonstige;Quetiapin-neuraxpharm 600 mg Retardtabletten;N05AH04;Quetiapinfumarat (Ph.Eur.);nein;neuraxpharm Arzneimittel GmbH;Probleme beim Sonstigen Hersteller;n/a;N/A;26.11.2024;Nein;Retardtablette;weder versrel noch verskri
00000000;2128548;LE2026001999;N/A;Erstmeldung;10.08.2026;28.08.2026;01.06.2026;Sonstige;MIBG (I123) Injection DRN 5379;V09FX, V09IX;Iobenguan ((123)I);nein;Curium Netherlands B.V. HR-Beiname: Mallinckrodt Pharmaceuicals, Curium, Curiumpharma, Mallinckrodt Medical;Sonstige;N/A;N/A;01.06.2026;Ja;Injektionslösung;weder versrel noch verskri
00000000;2119013;LE2026001998;N/A;Erstmeldung;10.08.2026;28.08.2026;01.06.2026;Sonstige;Sodium Iodide (I 123) Injection DRN 5375;V09FX;Natriumiodid ((123)I);nein;Curium Netherlands B.V. HR-Beiname: Mallinckrodt Pharmaceuicals, Curium, Curiumpharma, Mallinckrodt Medical;Sonstige;N/A;N/A;01.06.2026;Ja;Injektionslösung;weder versrel noch verskri
13350569;2197411;LE2026001973;LE2025004313;Änderungsmeldung;01.12.2025;05.08.2026;01.06.2026;Sonstige;Everolimus-ratiopharm 2,5 mg Tabletten;L01EG02;Everolimus;nein;ratiopharm GmbH;Erhöhte Nachfrage;N/A;N/A;03.12.2025;Vorgesehen;Tablette;versrel
04250018;0192577;LE2026001933;LE2025004422;Änderungsmeldung;08.12.2025;31.08.2026;28.05.2026;Sonstige;Isozid 0,5 N;J04AC01;Isoniazid;nein;Riemser Pharma GmbH;Erhöhte Nachfrage;short-term increase in demand + delay in production at CMO;N/A;09.12.2025;Nein;Pulver zur Herstellung einer Infusionslösung;verskri (auch versrel)
03480006;2140379;LE2026001919;LE2026000464;Änderungsmeldung;18.11.2025;31.12.2026;27.05.2026;Sonstige;Mitem 20mg;L01DC03;Mitomycin;ja;Substipharm;Sonstige;Verzögerung in der Lieferkette;Mitem 20mg - Einreichungsnummer: 2140379;03.02.2026;Nein;Pulver zur Herstellung einer Injektions- bzw. Infusionslösung oder einer Lösung zur intravesikalen Anwendung,Lösungsmittel;verskri (auch versrel)
05395701;2164820;LE2026001899;N/A;Erstmeldung;01.05.2026;07.09.2026;26.05.2026;Sonstige;Topiramat-Hormosan 50 mg Filmtabletten;N03AX11;Topiramat;nein;Hormosan Pharma Gesellschaft mit beschränkter Haftung;Erhöhte Nachfrage;N/A;N/A;26.05.2026;Vorgesehen;Filmtablette;versrel
12569107;2197700;LE2026001898;N/A;Erstmeldung;01.05.2026;31.08.2026;26.05.2026;Sonstige;Levetiracetam-Hormosan 100 mg/ml Lösung zum Einnehmen;N03AX14;Levetiracetam;nein;Hormosan Pharma Gesellschaft mit beschränkter Haftung;Erhöhte Nachfrage;N/A;N/A;26.05.2026;Vorgesehen;Lösung zum Einnehmen;versrel
11145925;2190552;LE2026001897;N/A;Erstmeldung;01.05.2026;30.11.2026;26.05.2026;Sonstige;Quetiapin-Hormosan 50 mg Retardtabletten;N05AH04;Quetiapinfumarat (Ph.Eur.);nein;Hormosan Pharma Gesellschaft mit beschränkter Haftung;Erhöhte Nachfrage;N/A;N/A;26.05.2026;Vorgesehen;Retardtablette;weder versrel noch verskri
11145931;2190552;LE2026001897;N/A;Erstmeldung;01.05.2026;30.11.2026;26.05.2026;Sonstige;Quetiapin-Hormosan 50 mg Retardtabletten;N05AH04;Quetiapinfumarat (Ph.Eur.);nein;Hormosan Pharma Gesellschaft mit beschränkter Haftung;Erhöhte Nachfrage;N/A;N/A;26.05.2026;Vorgesehen;Retardtablette;weder versrel noch verskri
03277618;2164689;LE2026001880;N/A;Erstmeldung;22.05.2026;31.08.2026;22.05.2026;Produktionsproblem;Ciprofloxacin Kabi 200 mg/100 ml Infusionslösung;J01MA02;Ciprofloxacinsulfat (1:1);ja;Fresenius Kabi Deutschland GmbH;Probleme in der Herstellung;30% der regulären Menge verfügbar, Alternativlieferanten vorhanden;Ciprofloxacin 2 mg/ml Infusionslösung - Einreichungsnummer: 2170351;22.05.2026;Vorgesehen;Infusionslösung;verskri (auch versrel)
03277624;2164690;LE2026001879;N/A;Erstmeldung;22.05.2026;31.08.2026;22.05.2026;Produktionsproblem;Ciprofloxacin Kabi 400 mg/200 ml Infusionslösung;J01MA02;Ciprofloxacinsulfat (1:1);ja;Fresenius Kabi Deutschland GmbH;Probleme in der Herstellung;60% der regulären Menge verfügbar, Alternativlieferanten verfügbar;Ciprofloxacin 2 mg/ml Infusionslösung - Einreichungsnummer: 2170351;22.05.2026;Vorgesehen;Infusionslösung;verskri (auch versrel)
10550552;2190399;LE2026001873;N/A;Erstmeldung;23.04.2026;05.08.2026;22.05.2026;Sonstige;Cyclophosphamid HEXAL 500 mg;L01AA01;Cyclophosphamid Monohydrat;nein;H e x a l  Aktiengesellschaft;Erhöhte Nachfrage;N/A;N/A;22.05.2026;Vorgesehen;Pulver zur Herstellung einer Injektions- /Infusionslösung;verskri (auch versrel)
02077202;0688195;LE2026001857;LE2025000510;Änderungsmeldung;02.12.2024;31.08.2026;21.05.2026;Produktionsproblem;Methyldopa STADA 250mg Filmtablette;C02AB01;Methyldopa (Ph.Eur.);nein;STADAPHARM GmbH;Probleme in der Herstellung;Betrifft auch das Produkt METHYLDOPA SD 250MG FTA 100PC AL DE(PZN 11010823);N/A;12.02.2025;Vorgesehen;Filmtablette;verskri (auch versrel)
08999339;0688195;LE2026001857;LE2025000510;Änderungsmeldung;02.12.2024;31.08.2026;21.05.2026;Produktionsproblem;Methyldopa STADA 250mg Filmtablette;C02AB01;Methyldopa (Ph.Eur.);nein;STADAPHARM GmbH;Probleme in der Herstellung;Betrifft auch das Produkt METHYLDOPA SD 250MG FTA 100PC AL DE(PZN 11010823);N/A;12.02.2025;Vorgesehen;Filmtablette;verskri (auch versrel)
00168768;2142660;LE2026001853;LE2025003687;Änderungsmeldung;22.10.2025;31.08.2026;21.05.2026;Sonstige;Flutamid AL 250;L02BB01;Flutamid;nein;ALIUD PHARMA GmbH;Erhöhte Nachfrage;Keine Wiederverfügbarkeit, da Marktrückzug geplant!;N/A;22.10.2025;Vorgesehen;Tablette;weder versrel noch verskri
00168797;2142660;LE2026001853;LE2025003687;Änderungsmeldung;22.10.2025;31.08.2026;21.05.2026;Sonstige;Flutamid AL 250;L02BB01;Flutamid;nein;ALIUD PHARMA GmbH;Erhöhte Nachfrage;Keine Wiederverfügbarkeit, da Marktrückzug geplant!;N/A;22.10.2025;Vorgesehen;Tablette;weder versrel noch verskri
01268325;0073275;LE2026001845;LE2025001986;Änderungsmeldung;11.06.2025;18.12.2026;20.05.2026;Sonstige;Calcium-EAP;A12AA;(2-Aminoethyl)dihydrogenphosphat-Calciumsalz (1:1);nein;Dr. Franz Köhler Chemie GmbH;Sonstige;Die Qualitätskontrolle ist zum aktuellen Zeitpunkt nicht abschließend möglich.;Calciumgluconat B.Braun 10% Injektionslösung - Einreichungsnummer: 0697892;12.06.2025;Vorgesehen;Injektionslösung;weder versrel noch verskri
01268331;0073275;LE2026001845;LE2025001986;Änderungsmeldung;11.06.2025;18.12.2026;20.05.2026;Sonstige;Calcium-EAP;A12AA;(2-Aminoethyl)dihydrogenphosphat-Calciumsalz (1:1);nein;Dr. Franz Köhler Chemie GmbH;Sonstige;Die Qualitätskontrolle ist zum aktuellen Zeitpunkt nicht abschließend möglich.;Calciumgluconat B.Braun 10% Injektionslösung - Einreichungsnummer: 0697892;12.06.2025;Vorgesehen;Injektionslösung;weder versrel noch verskri
19877622;7010913;LE2026001841;N/A;Erstmeldung;01.04.2026;03.08.2026;19.05.2026;Sonstige;Pazopanib Viatris 400 mg Filmtabletten;L01EX03;Pazopanibhydrochlorid;nein;Viatris Germany GmbH;Sonstige;N/A;N/A;19.05.2026;Nein;Filmtablette;verskri (auch versrel)
19877645;7010913;LE2026001841;N/A;Erstmeldung;01.04.2026;03.08.2026;19.05.2026;Sonstige;Pazopanib Viatris 400 mg Filmtabletten;L01EX03;Pazopanibhydrochlorid;nein;Viatris Germany GmbH;Sonstige;N/A;N/A;19.05.2026;Nein;Filmtablette;verskri (auch versrel)
19877639;7010912;LE2026001840;N/A;Erstmeldung;01.04.2026;03.08.2026;19.05.2026;Sonstige;Pazopanib Viatris 200 mg Filmtabletten;L01EX03;Pazopanibhydrochlorid;nein;Viatris Germany GmbH;Sonstige;N/A;N/A;19.05.2026;Nein;Filmtablette;verskri (auch versrel)
19877651;7010912;LE2026001840;N/A;Erstmeldung;01.04.2026;03.08.2026;19.05.2026;Sonstige;Pazopanib Viatris 200 mg Filmtabletten;L01EX03;Pazopanibhydrochlorid;nein;Viatris Germany GmbH;Sonstige;N/A;N/A;19.05.2026;Nein;Filmtablette;verskri (auch versrel)
04172809;2170561;LE2026001819;LE2026000707;Änderungsmeldung;18.02.2026;07.11.2026;13.05.2026;Sonstige;Seroquel Prolong 50 mg Retardtabletten;N05AH04;Quetiapinfumarat (Ph.Eur.);nein;Cheplapharm Arzneimittel GmbH;Erhöhte Nachfrage;Generics out of stock;N/A;24.02.2026;Nein;Retardtablette;weder versrel noch verskri
04172815;2170561;LE2026001819;LE2026000707;Änderungsmeldung;18.02.2026;07.11.2026;13.05.2026;Sonstige;Seroquel Prolong 50 mg Retardtabletten;N05AH04;Quetiapinfumarat (Ph.Eur.);nein;Cheplapharm Arzneimittel GmbH;Erhöhte Nachfrage;Generics out of stock;N/A;24.02.2026;Nein;Retardtablette;weder versrel noch verskri
01015601;2111605;LE2026001795;N/A;Erstmeldung;11.05.2026;15.01.2027;11.05.2026;Sonstige;Diltiazem AbZ 90mg Retardtabletten;C08DB01;Diltiazemhydrochlorid;nein;AbZ-Pharma GmbH;Sonstige;N/A;N/A;11.05.2026;Vorgesehen;Retardtablette;weder versrel noch verskri
01015593;2111603;LE2026001794;N/A;Erstmeldung;11.05.2026;15.01.2027;11.05.2026;Sonstige;Diltiazem AbZ 60 mg Tabletten;C08DB01;Diltiazemhydrochlorid;nein;AbZ-Pharma GmbH;Sonstige;N/A;N/A;11.05.2026;Vorgesehen;Tablette;weder versrel noch verskri
06896397;2137031;LE2026001793;N/A;Erstmeldung;11.05.2026;15.01.2027;11.05.2026;Sonstige;Diltiazem-ratiopharm 60 mg Tabletten;C08DB01;Diltiazemhydrochlorid;nein;ratiopharm GmbH;Sonstige;N/A;N/A;11.05.2026;Vorgesehen;Tablette;weder versrel noch verskri
01225037;3001935;LE2026001790;N/A;Erstmeldung;04.05.2026;11.01.2027;11.05.2026;Produktionsproblem;ARA-cell 100 mg/ml Konzentrat zur Herstellung einer Infusionslösung;L01BC01;Cytarabin;nein;STADAPHARM GmbH;Probleme in der Herstellung;N/A;N/A;11.05.2026;Vorgesehen;Konzentrat zur Herstellung einer Infusionslösung;verskri (auch versrel)
08654480;3001935;LE2026001790;N/A;Erstmeldung;04.05.2026;11.01.2027;11.05.2026;Produktionsproblem;ARA-cell 100 mg/ml Konzentrat zur Herstellung einer Infusionslösung;L01BC01;Cytarabin;nein;STADAPHARM GmbH;Probleme in der Herstellung;N/A;N/A;11.05.2026;Vorgesehen;Konzentrat zur Herstellung einer Infusionslösung;verskri (auch versrel)
06983044;2144694;LE2026001789;LE2026001148;Änderungsmeldung;07.10.2025;11.01.2027;11.05.2026;Produktionsproblem;ARA-cell 1000mg Infusionslösung;L01BC01;Cytarabin;nein;STADAPHARM GmbH;Probleme in der Herstellung;N/A;N/A;24.03.2026;Vorgesehen;Infusionslösung;verskri (auch versrel)
06983073;2144695;LE2026001788;LE2026001149;Änderungsmeldung;14.03.2026;11.01.2027;11.05.2026;Produktionsproblem;ARA-cell 4000mg Infusionslösung;L01BC01;Cytarabin;nein;STADAPHARM GmbH;Probleme in der Herstellung;N/A;N/A;24.03.2026;Vorgesehen;Infusionslösung;verskri (auch versrel)
01313244;2131989;LE2026001780;LE2026001778;Änderungsmeldung;04.05.2026;31.12.2026;08.05.2026;Produktionsproblem;DISOPRIVAN 2%;N01AX10;Propofol;ja;Aspen Pharma Trading Limited;Probleme in der Herstellung;N/A;DISOPRIVAN 1% - Einreichungsnummer: 2131362;08.05.2026;Nein;Emulsion zur Injektion;versrel
07588338;2131362;LE2026001779;N/A;Erstmeldung;01.05.2026;31.12.2026;08.05.2026;Produktionsproblem;DISOPRIVAN 1%;N01AX10;Propofol;ja;Aspen Pharma Trading Limited;Probleme in der Herstellung;N/A;DISOPRIVAN 1% - Einreichungsnummer: 2131362;08.05.2026;Nein;Emulsion zur Injektion;versrel
18302397;7000421;LE2026001772;LE2026000079;Änderungsmeldung;09.12.2025;07.03.2027;07.05.2026;Produktionsproblem;Paliperidon Advanz Pharma 150 mg Depot-Injektionssuspension in einer Fertigspritze;N05AX13;Paliperidonpalmitat;nein;Advanz Pharma Limited;Probleme in der Herstellung;Nach einer kürzlich durchgeführten Inspektion durch die US-amerikanische Arzneimittelbehörde FDA in 2025 hat Pharmathen die Produktion und den Vertrieb seiner langwirksamen injizierbaren Produkte freiwillig ausgesetzt und führt derzeit notwendige Modernisierungsmaßnahmen in der Produktionsstätte durch.;N/A;07.01.2026;Vorgesehen;Depot-Injektionssuspension in der Fertigspritze;weder versrel noch verskri
18302380;7000420;LE2026001771;LE2026000078;Änderungsmeldung;09.12.2025;07.03.2027;07.05.2026;Produktionsproblem;Paliperidon Advanz Pharma 100 mg Depot-Injektionssuspension in einer Fertigspritze;N05AX13;Paliperidonpalmitat;nein;Advanz Pharma Limited;Probleme in der Herstellung;N/A;N/A;07.01.2026;Vorgesehen;Depot-Injektionssuspension in der Fertigspritze;weder versrel noch verskri
18302351;7000417;LE2026001770;LE2026000072;Änderungsmeldung;09.12.2025;07.03.2027;07.05.2026;Produktionsproblem;Paliperidon Advanz Pharma 25 mg Depot-Injektionssuspension in einer Fertigspritze;N05AX13;Paliperidonpalmitat;nein;Advanz Pharma Limited;Probleme in der Herstellung;Nach einer kürzlich durchgeführten Inspektion durch die US-amerikanische Arzneimittelbehörde FDA in 2025 hat Pharmathen die Produktion und den Vertrieb seiner langwirksamen injizierbaren Produkte freiwillig ausgesetzt und führt derzeit notwendige Modernisierungsmaßnahmen in der Produktionsstätte durch.;N/A;07.01.2026;Vorgesehen;Depot-Injektionssuspension in der Fertigspritze;weder versrel noch verskri
18302368;7000418;LE2026001769;LE2026000073;Änderungsmeldung;09.12.2025;07.03.2027;07.05.2026;Produktionsproblem;Paliperidon Advanz Pharma 50 mg Depot-Injektionssuspension in einer Fertigspritze;N05AX13;Paliperidonpalmitat;nein;Advanz Pharma Limited;Probleme in der Herstellung;Nach einer kürzlich durchgeführten Inspektion durch die US-amerikanische Arzneimittelbehörde FDA in 2025 hat Pharmathen die Produktion und den Vertrieb seiner langwirksamen injizierbaren Produkte freiwillig ausgesetzt und führt derzeit notwendige Modernisierungsmaßnahmen in der Produktionsstätte durch.;N/A;07.01.2026;Vorgesehen;Depot-Injektionssuspension in der Fertigspritze;weder versrel noch verskri
18302374;7000419;LE2026001768;LE2026000074;Änderungsmeldung;09.12.2025;07.03.2027;07.05.2026;Produktionsproblem;Paliperidon Advanz Pharma 75 mg Depot-Injektionssuspension in einer Fertigspritze;N05AX13;Paliperidonpalmitat;nein;Advanz Pharma Limited;Probleme in der Herstellung;Nach einer kürzlich durchgeführten Inspektion durch die US-amerikanische Arzneimittelbehörde FDA in 2025 hat Pharmathen die Produktion und den Vertrieb seiner langwirksamen injizierbaren Produkte freiwillig ausgesetzt und führt derzeit notwendige Modernisierungsmaßnahmen in der Produktionsstätte durch.;N/A;07.01.2026;Vorgesehen;Depot-Injektionssuspension in der Fertigspritze;weder versrel noch verskri
08845234;2181441;LE2026001761;LE2026001374;Änderungsmeldung;02.04.2026;31.12.2026;07.05.2026;Sonstige;ESOMEPRAZOL BASICS 40 mg magensaftresistente Tabletten;A02BC05;Esomeprazol-Hemimagnesium;nein;Basics GmbH;Probleme beim Wirkstoffhersteller;Die PZN 8845257 ist erst seit dem 07.05.2026 lieferunfähig.;N/A;09.04.2026;Nein;magensaftresistente Tablette;weder versrel noch verskri
08845240;2181441;LE2026001761;LE2026001374;Änderungsmeldung;02.04.2026;31.12.2026;07.05.2026;Sonstige;ESOMEPRAZOL BASICS 40 mg magensaftresistente Tabletten;A02BC05;Esomeprazol-Hemimagnesium;nein;Basics GmbH;Probleme beim Wirkstoffhersteller;Die PZN 8845257 ist erst seit dem 07.05.2026 lieferunfähig.;N/A;09.04.2026;Nein;magensaftresistente Tablette;weder versrel noch verskri
08845257;2181441;LE2026001761;LE2026001374;Änderungsmeldung;02.04.2026;31.12.2026;07.05.2026;Sonstige;ESOMEPRAZOL BASICS 40 mg magensaftresistente Tabletten;A02BC05;Esomeprazol-Hemimagnesium;nein;Basics GmbH;Probleme beim Wirkstoffhersteller;Die PZN 8845257 ist erst seit dem 07.05.2026 lieferunfähig.;N/A;09.04.2026;Nein;magensaftresistente Tablette;weder versrel noch verskri
19339787;2199886;LE2026001759;LE2026000542;Änderungsmeldung;09.02.2026;07.08.2026;07.05.2026;Sonstige;Dapson Zentiva 50 mg Tabletten;D10AX05, J04BA02;Dapson;nein;Zentiva Pharma GmbH;Erhöhte Nachfrage;erhöhte Nachfrage nach Engpass bei Mitbewerber;N/A;09.02.2026;Vorgesehen;Tablette;verskri (auch versrel)
14352470;2196159;LE2026001738;LE2024002963;Änderungsmeldung;31.07.2024;30.09.2026;05.05.2026;Sonstige;Atomoxe - 1 A Pharma 60 mg Hartkapseln;N06BA09;Atomoxetinhydrochlorid;nein;1 A Pharma GmbH;Sonstige;N/A;N/A;07.08.2024;Nein;Hartkapsel;weder versrel noch verskri
14352487;2196159;LE2026001738;LE2024002963;Änderungsmeldung;31.07.2024;30.09.2026;05.05.2026;Sonstige;Atomoxe - 1 A Pharma 60 mg Hartkapseln;N06BA09;Atomoxetinhydrochlorid;nein;1 A Pharma GmbH;Sonstige;N/A;N/A;07.08.2024;Nein;Hartkapsel;weder versrel noch verskri
14352257;2196157;LE2026001737;LE2024002961;Änderungsmeldung;31.07.2024;30.09.2026;05.05.2026;Sonstige;Atomoxe - 1 A Pharma 25 mg Hartkapseln;N06BA09;Atomoxetinhydrochlorid;nein;1 A Pharma GmbH;Sonstige;N/A;N/A;07.08.2024;Nein;Hartkapsel;weder versrel noch verskri
14352292;2196157;LE2026001737;LE2024002961;Änderungsmeldung;31.07.2024;30.09.2026;05.05.2026;Sonstige;Atomoxe - 1 A Pharma 25 mg Hartkapseln;N06BA09;Atomoxetinhydrochlorid;nein;1 A Pharma GmbH;Sonstige;N/A;N/A;07.08.2024;Nein;Hartkapsel;weder versrel noch verskri
14352435;2196157;LE2026001737;LE2024002961;Änderungsmeldung;31.07.2024;30.09.2026;05.05.2026;Sonstige;Atomoxe - 1 A Pharma 25 mg Hartkapseln;N06BA09;Atomoxetinhydrochlorid;nein;1 A Pharma GmbH;Sonstige;N/A;N/A;07.08.2024;Nein;Hartkapsel;weder versrel noch verskri
14352234;2196156;LE2026001736;LE2024002960;Änderungsmeldung;31.07.2024;30.09.2026;05.05.2026;Sonstige;Atomoxe - 1 A Pharma 18 mg Hartkapseln;N06BA09;Atomoxetinhydrochlorid;nein;1 A Pharma GmbH;Sonstige;N/A;N/A;07.08.2024;Nein;Hartkapsel;weder versrel noch verskri
14352211;2196155;LE2026001735;LE2024002958;Änderungsmeldung;31.07.2024;30.09.2026;05.05.2026;Sonstige;Atomoxe - 1 A Pharma 10 mg Hartkapseln;N06BA09;Atomoxetinhydrochlorid;nein;1 A Pharma GmbH;Sonstige;N/A;N/A;07.08.2024;Nein;Hartkapsel;weder versrel noch verskri
14352228;2196155;LE2026001735;LE2024002958;Änderungsmeldung;31.07.2024;30.09.2026;05.05.2026;Sonstige;Atomoxe - 1 A Pharma 10 mg Hartkapseln;N06BA09;Atomoxetinhydrochlorid;nein;1 A Pharma GmbH;Sonstige;N/A;N/A;07.08.2024;Nein;Hartkapsel;weder versrel noch verskri
14352518;2196161;LE2026001734;LE2024002959;Änderungsmeldung;31.07.2024;30.09.2026;05.05.2026;Sonstige;Atomoxe - 1 A Pharma 100 mg Hartkapseln;N06BA09;Atomoxetinhydrochlorid;nein;1 A Pharma GmbH;Sonstige;N/A;N/A;07.08.2024;Nein;Hartkapsel;weder versrel noch verskri
14352694;2196161;LE2026001734;LE2024002959;Änderungsmeldung;31.07.2024;30.09.2026;05.05.2026;Sonstige;Atomoxe - 1 A Pharma 100 mg Hartkapseln;N06BA09;Atomoxetinhydrochlorid;nein;1 A Pharma GmbH;Sonstige;N/A;N/A;07.08.2024;Nein;Hartkapsel;weder versrel noch verskri
09487400;2182714;LE2026001705;LE2025001519;Änderungsmeldung;02.05.2025;31.07.2026;05.05.2026;Produktionsproblem;Ribavirin-ratiopharm 200 mg Filmtabletten;TERM_ID_NA_2090004158;Ribavirin;nein;ratiopharm GmbH;Probleme in der Herstellung;N/A;N/A;05.05.2025;Vorgesehen;Filmtablette;verskri (auch versrel)
09487417;2182714;LE2026001705;LE2025001519;Änderungsmeldung;02.05.2025;31.07.2026;05.05.2026;Produktionsproblem;Ribavirin-ratiopharm 200 mg Filmtabletten;TERM_ID_NA_2090004158;Ribavirin;nein;ratiopharm GmbH;Probleme in der Herstellung;N/A;N/A;05.05.2025;Vorgesehen;Filmtablette;verskri (auch versrel)
09487423;2182714;LE2026001705;LE2025001519;Änderungsmeldung;02.05.2025;31.07.2026;05.05.2026;Produktionsproblem;Ribavirin-ratiopharm 200 mg Filmtabletten;TERM_ID_NA_2090004158;Ribavirin;nein;ratiopharm GmbH;Probleme in der Herstellung;N/A;N/A;05.05.2025;Vorgesehen;Filmtablette;verskri (auch versrel)
09487452;2182715;LE2026001704;LE2025002275;Änderungsmeldung;30.06.2025;31.07.2026;05.05.2026;Sonstige;Ribavirin-ratiopharm 400 mg Filmtabletten;TERM_ID_NA_2090004158;Ribavirin;nein;ratiopharm GmbH;Probleme beim Sonstigen Hersteller;N/A;N/A;02.07.2025;Vorgesehen;Filmtablette;verskri (auch versrel)
09300086;2184225;LE2026001703;LE2025000778;Änderungsmeldung;01.03.2025;24.07.2026;05.05.2026;Sonstige;Galantamin-ratiopharm 8 mg Hartkapseln, retardiert;N06DA04;Galantaminhydrobromid;nein;ratiopharm GmbH;Erhöhte Nachfrage;N/A;N/A;06.03.2025;Vorgesehen;Hartkapsel, retardiert;weder versrel noch verskri
08755442;2184226;LE2026001702;LE2025000776;Änderungsmeldung;01.03.2025;24.07.2026;05.05.2026;Sonstige;Galantamin-ratiopharm 16 mg Hartkapseln, retardiert;N06DA04;Galantaminhydrobromid;nein;ratiopharm GmbH;Erhöhte Nachfrage;N/A;N/A;06.03.2025;Vorgesehen;Hartkapsel, retardiert;weder versrel noch verskri
08755494;2184226;LE2026001702;LE2025000776;Änderungsmeldung;01.03.2025;24.07.2026;05.05.2026;Sonstige;Galantamin-ratiopharm 16 mg Hartkapseln, retardiert;N06DA04;Galantaminhydrobromid;nein;ratiopharm GmbH;Erhöhte Nachfrage;N/A;N/A;06.03.2025;Vorgesehen;Hartkapsel, retardiert;weder versrel noch verskri
09300092;2184226;LE2026001702;LE2025000776;Änderungsmeldung;01.03.2025;24.07.2026;05.05.2026;Sonstige;Galantamin-ratiopharm 16 mg Hartkapseln, retardiert;N06DA04;Galantaminhydrobromid;nein;ratiopharm GmbH;Erhöhte Nachfrage;N/A;N/A;06.03.2025;Vorgesehen;Hartkapsel, retardiert;weder versrel noch verskri
08755519;2184227;LE2026001701;LE2025000777;Änderungsmeldung;01.03.2025;24.07.2026;05.05.2026;Sonstige;Galantamin-ratiopharm 24 mg Hartkapseln, retardiert;N06DA04;Galantaminhydrobromid;nein;ratiopharm GmbH;Erhöhte Nachfrage;N/A;N/A;06.03.2025;Vorgesehen;Hartkapsel, retardiert;weder versrel noch verskri
08755554;2184227;LE2026001701;LE2025000777;Änderungsmeldung;01.03.2025;24.07.2026;05.05.2026;Sonstige;Galantamin-ratiopharm 24 mg Hartkapseln, retardiert;N06DA04;Galantaminhydrobromid;nein;ratiopharm GmbH;Erhöhte Nachfrage;N/A;N/A;06.03.2025;Vorgesehen;Hartkapsel, retardiert;weder versrel noch verskri
09300100;2184227;LE2026001701;LE2025000777;Änderungsmeldung;01.03.2025;24.07.2026;05.05.2026;Sonstige;Galantamin-ratiopharm 24 mg Hartkapseln, retardiert;N06DA04;Galantaminhydrobromid;nein;ratiopharm GmbH;Erhöhte Nachfrage;N/A;N/A;06.03.2025;Vorgesehen;Hartkapsel, retardiert;weder versrel noch verskri
01058846;0428117;LE2026001691;LE2025001267;Änderungsmeldung;30.01.2025;31.12.2026;04.05.2026;Sonstige;Ubretid Tabletten;N07AA03;Distigminbromid;nein;Cheplapharm Arzneimittel GmbH;Probleme beim Wirkstoffhersteller;N/A;N/A;11.04.2025;Nein;Tablette;versrel
02499765;0428117;LE2026001691;LE2025001267;Änderungsmeldung;30.01.2025;31.12.2026;04.05.2026;Sonstige;Ubretid Tabletten;N07AA03;Distigminbromid;nein;Cheplapharm Arzneimittel GmbH;Probleme beim Wirkstoffhersteller;N/A;N/A;11.04.2025;Nein;Tablette;versrel
20083293;2670699;LE2026001683;LE2025003773;Änderungsmeldung;17.09.2025;26.06.2028;04.05.2026;Produktionsproblem;Scintimun;V09HA03;Besilesomab;nein;TELIX INNOVATIONS Rechtsform: S.A.;Probleme in der Herstellung;Please refer to the EMA shortage extension notification submitted to EMA on 22 April 2026 through ESMP portal;EFDEGE 1 GBq/ml, Injektionslösung - Einreichungsnummer: 2159726;28.10.2025;Nein;Pulver,Pulver;weder versrel noch verskri
07590714;2129347;LE2026001669;LE2024003131;Änderungsmeldung;22.08.2024;31.07.2026;04.05.2026;Produktionsproblem;Fluoropos;S01BA07;Fluorometholon;nein;URSAPHARM Arzneimittel GmbH;Probleme in der Herstellung;N/A;N/A;22.08.2024;Vorgesehen;Augentropfen;weder versrel noch verskri
00165209;2157937;LE2026001667;LE2025000007;Änderungsmeldung;21.11.2024;31.07.2026;04.05.2026;Produktionsproblem;Predni-POS 1 %;S01BA04;Prednisolonacetat;nein;URSAPHARM Arzneimittel GmbH;Probleme bei der Endfreigabe;N/A;N/A;03.01.2025;Vorgesehen;Augentropfensuspension;versrel
08774669;0403399;LE2026001666;LE2026000465;Änderungsmeldung;03.02.2026;31.07.2026;04.05.2026;Produktionsproblem;Predni-POS 0,5%;S01BA04;Prednisolonacetat;nein;URSAPHARM Arzneimittel GmbH;Probleme in der Herstellung;N/A;N/A;03.02.2026;Vorgesehen;Augentropfensuspension;versrel
09280231;2180767;LE2026001663;LE2025004605;Änderungsmeldung;15.12.2025;31.03.2028;04.05.2026;Sonstige;Dexafluid 1 mg/ml Augentropfen;S01BA01;Dexamethasondihydrogenphosphat-Dinatrium (Ph.Eur.);nein;Mibe GmbH Arzneimittel;Sonstige;N/A;N/A;18.12.2025;Nein;Augentropfen;verskri (auch versrel)
07577926;2131179;LE2026001635;LE2025004143;Änderungsmeldung;20.11.2025;30.09.2026;29.04.2026;Produktionsproblem;Mivacron 20mg;M03AC10;Mivacuriumchlorid;ja;Aspen Pharma Trading Limited;Probleme in der Herstellung;N/A;N/A;24.11.2025;Nein;Flüssige Verdünnung zur Injektion;weder versrel noch verskri
00748098;0008875;LE2026001626;N/A;Erstmeldung;29.04.2026;31.07.2026;29.04.2026;Produktionsproblem;Neosynephrin-POS 5%;S01FB01;Phenylephrinhydrochlorid;nein;URSAPHARM Arzneimittel GmbH;Probleme in der Herstellung;N/A;N/A;29.04.2026;Vorgesehen;Augentropfen;versrel
00748106;0608486;LE2026001594;N/A;Erstmeldung;27.04.2026;31.07.2026;27.04.2026;Produktionsproblem;Neosynephrin-POS 10%;S01FB01;Phenylephrinhydrochlorid;nein;URSAPHARM Arzneimittel GmbH;Probleme bei der Endfreigabe;N/A;N/A;27.04.2026;Vorgesehen;Augentropfen;versrel
02765132;2102829;LE2026001590;N/A;Erstmeldung;22.04.2026;31.07.2026;27.04.2026;Produktionsproblem;Aminosteril N-Hepa 8%;B05BA01;"Acetylcystein; Alanin; Arginin; Essigsäure 99%; Glycin; Histidin; Isoleucin; Leucin; Lysinacetat; Methionin; Phenylalanin; Prolin; Serin; Threonin; Tryptophan; Valin";ja;Fresenius Kabi Deutschland GmbH;Probleme bei der Endfreigabe;N/A;N/A;27.04.2026;Vorgesehen;Infusionslösung;weder versrel noch verskri
00627414;0070615;LE2026001560;LE2025004146;Änderungsmeldung;24.11.2025;31.10.2026;24.04.2026;Produktionsproblem;Tardocillin 1200;J01CE08;Benzylpenicillin-Benzathin-Tetrahydrat (Ph.Eur.) ((mit Angaben zum Dispergier- oder Suspendiermittel));ja;INFECTOPHARM Arzneimittel und Consilium GmbH;Probleme in der Herstellung;N/A;Tardocillin 1200 - Einreichungsnummer: 0070615;24.11.2025;Nein;Injektionssuspension;verskri (auch versrel)
00627443;0070615;LE2026001560;LE2025004146;Änderungsmeldung;24.11.2025;31.10.2026;24.04.2026;Produktionsproblem;Tardocillin 1200;J01CE08;Benzylpenicillin-Benzathin-Tetrahydrat (Ph.Eur.) ((mit Angaben zum Dispergier- oder Suspendiermittel));ja;INFECTOPHARM Arzneimittel und Consilium GmbH;Probleme in der Herstellung;N/A;Tardocillin 1200 - Einreichungsnummer: 0070615;24.11.2025;Nein;Injektionssuspension;verskri (auch versrel)
01005181;0070615;LE2026001560;LE2025004146;Änderungsmeldung;24.11.2025;31.10.2026;24.04.2026;Produktionsproblem;Tardocillin 1200;J01CE08;Benzylpenicillin-Benzathin-Tetrahydrat (Ph.Eur.) ((mit Angaben zum Dispergier- oder Suspendiermittel));ja;INFECTOPHARM Arzneimittel und Consilium GmbH;Probleme in der Herstellung;N/A;Tardocillin 1200 - Einreichungsnummer: 0070615;24.11.2025;Nein;Injektionssuspension;verskri (auch versrel)
01686353;2125465;LE2026001532;LE2026000094;Änderungsmeldung;22.04.2026;30.09.2026;22.04.2026;Produktionsproblem;Dimaval;TERM_ID_NA_2090009606;(RS)-2,3-Bis(sulfanyl)propan-1-sulfonsäure-Natriumsalz-Monohydrat;ja;H e y l Chemisch-pharmazeutische Fabrik GmbH & Co. KG;Probleme in der Herstellung;N/A;Dimaval (DMPS) 100 mg Hartkapseln - Einreichungsnummer: 0813507;08.01.2026;Nein;Injektionslösung;weder versrel noch verskri
01686399;2125465;LE2026001532;LE2026000094;Änderungsmeldung;22.04.2026;30.09.2026;22.04.2026;Produktionsproblem;Dimaval;TERM_ID_NA_2090009606;(RS)-2,3-Bis(sulfanyl)propan-1-sulfonsäure-Natriumsalz-Monohydrat;ja;H e y l Chemisch-pharmazeutische Fabrik GmbH & Co. KG;Probleme in der Herstellung;N/A;Dimaval (DMPS) 100 mg Hartkapseln - Einreichungsnummer: 0813507;08.01.2026;Nein;Injektionslösung;weder versrel noch verskri
19158620;7011298;LE2026001526;N/A;Erstmeldung;21.04.2026;16.11.2026;22.04.2026;Sonstige;Dabigatranetexilat Viatris 150 mg Hartkapseln;B01AE07;Dabigatranetexilatmesilat;nein;Viatris Germany GmbH;Erhöhte Nachfrage;N/A;N/A;22.04.2026;Nein;Hartkapsel;versrel
19158637;7011298;LE2026001526;N/A;Erstmeldung;21.04.2026;16.11.2026;22.04.2026;Sonstige;Dabigatranetexilat Viatris 150 mg Hartkapseln;B01AE07;Dabigatranetexilatmesilat;nein;Viatris Germany GmbH;Erhöhte Nachfrage;N/A;N/A;22.04.2026;Nein;Hartkapsel;versrel
06081206;2170564;LE2026001453;LE2026001091;Änderungsmeldung;11.03.2026;30.10.2026;16.04.2026;Sonstige;Seroquel Prolong 400 mg Retardtabletten;N05AH04;Quetiapinfumarat (Ph.Eur.);nein;Cheplapharm Arzneimittel GmbH;Erhöhte Nachfrage;Competitors stockout;N/A;23.03.2026;Nein;Retardtablette;weder versrel noch verskri
06081212;2170564;LE2026001453;LE2026001091;Änderungsmeldung;11.03.2026;30.10.2026;16.04.2026;Sonstige;Seroquel Prolong 400 mg Retardtabletten;N05AH04;Quetiapinfumarat (Ph.Eur.);nein;Cheplapharm Arzneimittel GmbH;Erhöhte Nachfrage;Competitors stockout;N/A;23.03.2026;Nein;Retardtablette;weder versrel noch verskri
04543944;0820163;LE2026001391;N/A;Erstmeldung;10.04.2026;30.06.2027;10.04.2026;Sonstige;INFECTOMYCIN 600 Saft;J01FA01;Erythromycinestolat;ja;INFECTOPHARM Arzneimittel und Consilium GmbH;Sonstige;N/A;INFECTOMYCIN 400 Saft - Einreichungsnummer: 0610075;10.04.2026;Nein;Pulver zur Herstellung einer Suspension zum Einnehmen;verskri (auch versrel)
03746740;0245368;LE2026001388;LE2025002434;Änderungsmeldung;15.07.2025;15.07.2028;10.04.2026;Produktionsproblem;Atosil Injektionslösung N;R06AD02;Promethazinhydrochlorid;ja;Desitin Arzneimittel GmbH;Herstellerwechsel;Transfer;N/A;11.07.2025;Nein;Injektionslösung;versrel
00720906;0244831;LE2026001387;LE2024004244;Änderungsmeldung;15.11.2024;15.05.2028;10.04.2026;Produktionsproblem;Neurocil Ampullen;N05AA02;Levomepromazinhydrochlorid;ja;Desitin Arzneimittel GmbH;Herstellerwechsel;n.a.;N/A;25.11.2024;Nein;Injektionslösung;weder versrel noch verskri
00421799;0016828;LE2026001386;LE2025004145;Änderungsmeldung;24.11.2025;15.03.2028;10.04.2026;Produktionsproblem;Glianimon 2 ml;N05AD07;Benperidol;ja;Desitin Arzneimittel GmbH;Herstellerwechsel;n.a.;N/A;24.11.2025;Nein;Injektionslösung;weder versrel noch verskri
08837565;2174283;LE2026001382;N/A;Erstmeldung;02.04.2026;31.12.2026;09.04.2026;Sonstige;OLANZAPIN BASICS 2,5 mg Tabletten;N05AH03;Olanzapin;nein;Basics GmbH;Probleme beim Wirkstoffhersteller;N/A;N/A;09.04.2026;Nein;Tablette;weder versrel noch verskri
09482986;2183809;LE2026001380;N/A;Erstmeldung;02.04.2026;31.12.2026;09.04.2026;Sonstige;LEVETIRACETAM BASICS 750 mg Filmtabletten;N03AX14;Levetiracetam;nein;Basics GmbH;Probleme beim Wirkstoffhersteller;N/A;N/A;09.04.2026;Nein;Filmtablette;versrel
09482897;2183807;LE2026001379;LE2026000900;Änderungsmeldung;01.01.2025;31.12.2026;09.04.2026;Sonstige;LEVETIRACETAM BASICS 250 mg Filmtabletten;N03AX14;Levetiracetam;nein;Basics GmbH;Probleme beim Wirkstoffhersteller;N/A;N/A;06.03.2026;Nein;Filmtablette;versrel
09482905;2183807;LE2026001379;LE2026000900;Änderungsmeldung;01.01.2025;31.12.2026;09.04.2026;Sonstige;LEVETIRACETAM BASICS 250 mg Filmtabletten;N03AX14;Levetiracetam;nein;Basics GmbH;Probleme beim Wirkstoffhersteller;N/A;N/A;06.03.2026;Nein;Filmtablette;versrel
09482911;2183807;LE2026001379;LE2026000900;Änderungsmeldung;01.01.2025;31.12.2026;09.04.2026;Sonstige;LEVETIRACETAM BASICS 250 mg Filmtabletten;N03AX14;Levetiracetam;nein;Basics GmbH;Probleme beim Wirkstoffhersteller;N/A;N/A;06.03.2026;Nein;Filmtablette;versrel
09482992;2183810;LE2026001378;LE2026000901;Änderungsmeldung;02.12.2025;31.12.2026;09.04.2026;Sonstige;LEVETIRACETAM BASICS 1000 mg Filmtabletten;N03AX14;Levetiracetam;nein;Basics GmbH;Probleme beim Wirkstoffhersteller;Die PZN 9483000 ist erst seit dem 20.01.2026 lieferunfähig.;N/A;06.03.2026;Nein;Filmtablette;versrel
09483000;2183810;LE2026001378;LE2026000901;Änderungsmeldung;02.12.2025;31.12.2026;09.04.2026;Sonstige;LEVETIRACETAM BASICS 1000 mg Filmtabletten;N03AX14;Levetiracetam;nein;Basics GmbH;Probleme beim Wirkstoffhersteller;Die PZN 9483000 ist erst seit dem 20.01.2026 lieferunfähig.;N/A;06.03.2026;Nein;Filmtablette;versrel
09483017;2183810;LE2026001378;LE2026000901;Änderungsmeldung;02.12.2025;31.12.2026;09.04.2026;Sonstige;LEVETIRACETAM BASICS 1000 mg Filmtabletten;N03AX14;Levetiracetam;nein;Basics GmbH;Probleme beim Wirkstoffhersteller;Die PZN 9483000 ist erst seit dem 20.01.2026 lieferunfähig.;N/A;06.03.2026;Nein;Filmtablette;versrel
13426841;2197280;LE2026001377;LE2026000535;Änderungsmeldung;06.11.2025;31.12.2026;09.04.2026;Sonstige;ISOTRETINOIN BASICS 20 mg Weichkapseln;D10BA01;Isotretinoin;nein;Basics GmbH;Unzureichende Produktionskapazitäten;Die PZN 13426887 ist erst seit dem 02.01.2026 lieferunfähig.Die PZN 13426841 ist erst seit dem 07.01.2026 lieferunfähig.Die PZN 13426870 ist erst seit dem 04.05.2026 lieferunfähig.;N/A;06.02.2026;Nein;Weichkapsel;versrel
13426864;2197280;LE2026001377;LE2026000535;Änderungsmeldung;06.11.2025;31.12.2026;09.04.2026;Sonstige;ISOTRETINOIN BASICS 20 mg Weichkapseln;D10BA01;Isotretinoin;nein;Basics GmbH;Unzureichende Produktionskapazitäten;Die PZN 13426887 ist erst seit dem 02.01.2026 lieferunfähig.Die PZN 13426841 ist erst seit dem 07.01.2026 lieferunfähig.Die PZN 13426870 ist erst seit dem 04.05.2026 lieferunfähig.;N/A;06.02.2026;Nein;Weichkapsel;versrel
13426870;2197280;LE2026001377;LE2026000535;Änderungsmeldung;06.11.2025;31.12.2026;09.04.2026;Sonstige;ISOTRETINOIN BASICS 20 mg Weichkapseln;D10BA01;Isotretinoin;nein;Basics GmbH;Unzureichende Produktionskapazitäten;Die PZN 13426887 ist erst seit dem 02.01.2026 lieferunfähig.Die PZN 13426841 ist erst seit dem 07.01.2026 lieferunfähig.Die PZN 13426870 ist erst seit dem 04.05.2026 lieferunfähig.;N/A;06.02.2026;Nein;Weichkapsel;versrel
13426887;2197280;LE2026001377;LE2026000535;Änderungsmeldung;06.11.2025;31.12.2026;09.04.2026;Sonstige;ISOTRETINOIN BASICS 20 mg Weichkapseln;D10BA01;Isotretinoin;nein;Basics GmbH;Unzureichende Produktionskapazitäten;Die PZN 13426887 ist erst seit dem 02.01.2026 lieferunfähig.Die PZN 13426841 ist erst seit dem 07.01.2026 lieferunfähig.Die PZN 13426870 ist erst seit dem 04.05.2026 lieferunfähig.;N/A;06.02.2026;Nein;Weichkapsel;versrel
13426769;2197279;LE2026001376;LE2026000534;Änderungsmeldung;11.10.2025;31.12.2026;09.04.2026;Sonstige;ISOTRETINOIN BASICS 10 mg Weichkapseln;D10BA01;Isotretinoin;nein;Basics GmbH;Unzureichende Produktionskapazitäten;Die PZN 13426806 ist erst seit dem 25.11.2025 lieferunfähig.Die PZN 13426769 ist erst seit dem 01.12.2025 lieferunfähig.Die PZN 13426812 ist erst seit dem 02.04.2026 lieferunfähig.;N/A;06.02.2026;Nein;Weichkapsel;versrel
13426806;2197279;LE2026001376;LE2026000534;Änderungsmeldung;11.10.2025;31.12.2026;09.04.2026;Sonstige;ISOTRETINOIN BASICS 10 mg Weichkapseln;D10BA01;Isotretinoin;nein;Basics GmbH;Unzureichende Produktionskapazitäten;Die PZN 13426806 ist erst seit dem 25.11.2025 lieferunfähig.Die PZN 13426769 ist erst seit dem 01.12.2025 lieferunfähig.Die PZN 13426812 ist erst seit dem 02.04.2026 lieferunfähig.;N/A;06.02.2026;Nein;Weichkapsel;versrel
13426812;2197279;LE2026001376;LE2026000534;Änderungsmeldung;11.10.2025;31.12.2026;09.04.2026;Sonstige;ISOTRETINOIN BASICS 10 mg Weichkapseln;D10BA01;Isotretinoin;nein;Basics GmbH;Unzureichende Produktionskapazitäten;Die PZN 13426806 ist erst seit dem 25.11.2025 lieferunfähig.Die PZN 13426769 ist erst seit dem 01.12.2025 lieferunfähig.Die PZN 13426812 ist erst seit dem 02.04.2026 lieferunfähig.;N/A;06.02.2026;Nein;Weichkapsel;versrel
13426829;2197279;LE2026001376;LE2026000534;Änderungsmeldung;11.10.2025;31.12.2026;09.04.2026;Sonstige;ISOTRETINOIN BASICS 10 mg Weichkapseln;D10BA01;Isotretinoin;nein;Basics GmbH;Unzureichende Produktionskapazitäten;Die PZN 13426806 ist erst seit dem 25.11.2025 lieferunfähig.Die PZN 13426769 ist erst seit dem 01.12.2025 lieferunfähig.Die PZN 13426812 ist erst seit dem 02.04.2026 lieferunfähig.;N/A;06.02.2026;Nein;Weichkapsel;versrel
16940395;2205414;LE2026001375;N/A;Erstmeldung;02.04.2026;31.07.2026;09.04.2026;Sonstige;FAMPRIDIN BASICS 10 mg Retardtabletten;N07XX07;Fampridin;nein;Basics GmbH;Probleme beim Wirkstoffhersteller;N/A;N/A;09.04.2026;Nein;Retardtablette;versrel
16940403;2205414;LE2026001375;N/A;Erstmeldung;02.04.2026;31.07.2026;09.04.2026;Sonstige;FAMPRIDIN BASICS 10 mg Retardtabletten;N07XX07;Fampridin;nein;Basics GmbH;Probleme beim Wirkstoffhersteller;N/A;N/A;09.04.2026;Nein;Retardtablette;versrel
16940426;2205414;LE2026001375;N/A;Erstmeldung;02.04.2026;31.07.2026;09.04.2026;Sonstige;FAMPRIDIN BASICS 10 mg Retardtabletten;N07XX07;Fampridin;nein;Basics GmbH;Probleme beim Wirkstoffhersteller;N/A;N/A;09.04.2026;Nein;Retardtablette;versrel
15744367;2200519;LE2026001373;LE2025001820;Änderungsmeldung;22.05.2025;31.12.2026;09.04.2026;Produktionsproblem;ESOMEPRAZOL BASICS 40 mg magensaftresistente Hartkapseln;A02BC05;Esomeprazol-Hemimagnesium;nein;Basics GmbH;Probleme in der Herstellung;Die PZN 15744367 ist erst seit dem 18.11.2025 lieferunfähig.Die PZN 15744396 ist erst seit dem 12.02.2026 lieferunfähig.Die PZN 15744404 ist erst seit dem 09.04.2026 lieferunfähig.;N/A;27.05.2025;Nein;magensaftresistente Hartkapsel;weder versrel noch verskri
15744373;2200519;LE2026001373;LE2025001820;Änderungsmeldung;22.05.2025;31.12.2026;09.04.2026;Produktionsproblem;ESOMEPRAZOL BASICS 40 mg magensaftresistente Hartkapseln;A02BC05;Esomeprazol-Hemimagnesium;nein;Basics GmbH;Probleme in der Herstellung;Die PZN 15744367 ist erst seit dem 18.11.2025 lieferunfähig.Die PZN 15744396 ist erst seit dem 12.02.2026 lieferunfähig.Die PZN 15744404 ist erst seit dem 09.04.2026 lieferunfähig.;N/A;27.05.2025;Nein;magensaftresistente Hartkapsel;weder versrel noch verskri
15744396;2200519;LE2026001373;LE2025001820;Änderungsmeldung;22.05.2025;31.12.2026;09.04.2026;Produktionsproblem;ESOMEPRAZOL BASICS 40 mg magensaftresistente Hartkapseln;A02BC05;Esomeprazol-Hemimagnesium;nein;Basics GmbH;Probleme in der Herstellung;Die PZN 15744367 ist erst seit dem 18.11.2025 lieferunfähig.Die PZN 15744396 ist erst seit dem 12.02.2026 lieferunfähig.Die PZN 15744404 ist erst seit dem 09.04.2026 lieferunfähig.;N/A;27.05.2025;Nein;magensaftresistente Hartkapsel;weder versrel noch verskri
15744404;2200519;LE2026001373;LE2025001820;Änderungsmeldung;22.05.2025;31.12.2026;09.04.2026;Produktionsproblem;ESOMEPRAZOL BASICS 40 mg magensaftresistente Hartkapseln;A02BC05;Esomeprazol-Hemimagnesium;nein;Basics GmbH;Probleme in der Herstellung;Die PZN 15744367 ist erst seit dem 18.11.2025 lieferunfähig.Die PZN 15744396 ist erst seit dem 12.02.2026 lieferunfähig.Die PZN 15744404 ist erst seit dem 09.04.2026 lieferunfähig.;N/A;27.05.2025;Nein;magensaftresistente Hartkapsel;weder versrel noch verskri
15744321;2200518;LE2026001371;LE2025001819;Änderungsmeldung;22.05.2025;31.12.2026;09.04.2026;Produktionsproblem;ESOMEPRAZOL BASICS 20 mg magensaftresistente Hartkapseln;A02BC05;Esomeprazol-Hemimagnesium;nein;Basics GmbH;Probleme in der Herstellung;Die PZN 15744321 ist erst seit dem 08.01.2026 lieferunfähig.Die PZN 15744344 ist erst seit dem 12.02.2026 lieferunfähig.Die PZN 15744350 ist erst seit dem 20.02.2026 lieferunfähig.;N/A;27.05.2025;Nein;magensaftresistente Hartkapsel;weder versrel noch verskri
15744338;2200518;LE2026001371;LE2025001819;Änderungsmeldung;22.05.2025;31.12.2026;09.04.2026;Produktionsproblem;ESOMEPRAZOL BASICS 20 mg magensaftresistente Hartkapseln;A02BC05;Esomeprazol-Hemimagnesium;nein;Basics GmbH;Probleme in der Herstellung;Die PZN 15744321 ist erst seit dem 08.01.2026 lieferunfähig.Die PZN 15744344 ist erst seit dem 12.02.2026 lieferunfähig.Die PZN 15744350 ist erst seit dem 20.02.2026 lieferunfähig.;N/A;27.05.2025;Nein;magensaftresistente Hartkapsel;weder versrel noch verskri
15744344;2200518;LE2026001371;LE2025001819;Änderungsmeldung;22.05.2025;31.12.2026;09.04.2026;Produktionsproblem;ESOMEPRAZOL BASICS 20 mg magensaftresistente Hartkapseln;A02BC05;Esomeprazol-Hemimagnesium;nein;Basics GmbH;Probleme in der Herstellung;Die PZN 15744321 ist erst seit dem 08.01.2026 lieferunfähig.Die PZN 15744344 ist erst seit dem 12.02.2026 lieferunfähig.Die PZN 15744350 ist erst seit dem 20.02.2026 lieferunfähig.;N/A;27.05.2025;Nein;magensaftresistente Hartkapsel;weder versrel noch verskri
15744350;2200518;LE2026001371;LE2025001819;Änderungsmeldung;22.05.2025;31.12.2026;09.04.2026;Produktionsproblem;ESOMEPRAZOL BASICS 20 mg magensaftresistente Hartkapseln;A02BC05;Esomeprazol-Hemimagnesium;nein;Basics GmbH;Probleme in der Herstellung;Die PZN 15744321 ist erst seit dem 08.01.2026 lieferunfähig.Die PZN 15744344 ist erst seit dem 12.02.2026 lieferunfähig.Die PZN 15744350 ist erst seit dem 20.02.2026 lieferunfähig.;N/A;27.05.2025;Nein;magensaftresistente Hartkapsel;weder versrel noch verskri
09482762;2175287;LE2026001368;LE2025004381;Änderungsmeldung;11.02.2025;31.12.2026;09.04.2026;Sonstige;CANDESARTAN BASICS 4 mg Tabletten;C09CA06;Candesartancilexetil;nein;Basics GmbH;Probleme beim Wirkstoffhersteller;Die PZN 09482785 ist erst seit dem 12.02.2026 lieferunfähig.;N/A;05.12.2025;Nein;Tablette;weder versrel noch verskri
09482779;2175287;LE2026001368;LE2025004381;Änderungsmeldung;11.02.2025;31.12.2026;09.04.2026;Sonstige;CANDESARTAN BASICS 4 mg Tabletten;C09CA06;Candesartancilexetil;nein;Basics GmbH;Probleme beim Wirkstoffhersteller;Die PZN 09482785 ist erst seit dem 12.02.2026 lieferunfähig.;N/A;05.12.2025;Nein;Tablette;weder versrel noch verskri
09482785;2175287;LE2026001368;LE2025004381;Änderungsmeldung;11.02.2025;31.12.2026;09.04.2026;Sonstige;CANDESARTAN BASICS 4 mg Tabletten;C09CA06;Candesartancilexetil;nein;Basics GmbH;Probleme beim Wirkstoffhersteller;Die PZN 09482785 ist erst seit dem 12.02.2026 lieferunfähig.;N/A;05.12.2025;Nein;Tablette;weder versrel noch verskri
09482868;2180052;LE2026001367;LE2025004384;Änderungsmeldung;24.11.2025;31.12.2026;09.04.2026;Sonstige;CANDESARTAN BASICS 32 mg Tabletten;C09CA06;Candesartancilexetil;nein;Basics GmbH;Probleme beim Wirkstoffhersteller;Die PZN 09482880 ist erst seit dem 12.02.2026 lieferunfähig.;N/A;05.12.2025;Nein;Tablette;weder versrel noch verskri
09482874;2180052;LE2026001367;LE2025004384;Änderungsmeldung;24.11.2025;31.12.2026;09.04.2026;Sonstige;CANDESARTAN BASICS 32 mg Tabletten;C09CA06;Candesartancilexetil;nein;Basics GmbH;Probleme beim Wirkstoffhersteller;Die PZN 09482880 ist erst seit dem 12.02.2026 lieferunfähig.;N/A;05.12.2025;Nein;Tablette;weder versrel noch verskri
09482880;2180052;LE2026001367;LE2025004384;Änderungsmeldung;24.11.2025;31.12.2026;09.04.2026;Sonstige;CANDESARTAN BASICS 32 mg Tabletten;C09CA06;Candesartancilexetil;nein;Basics GmbH;Probleme beim Wirkstoffhersteller;Die PZN 09482880 ist erst seit dem 12.02.2026 lieferunfähig.;N/A;05.12.2025;Nein;Tablette;weder versrel noch verskri
09482839;2175289;LE2026001366;LE2025004383;Änderungsmeldung;20.11.2025;31.12.2026;09.04.2026;Sonstige;CANDESARTAN BASICS 16 mg Tabletten;C09CA06;Candesartancilexetil;nein;Basics GmbH;Probleme beim Wirkstoffhersteller;Die PZN 09482845 ist erst seit dem 23.02.2026 lieferunfähig.Die PZN 09482839 ist erst seit dem 14.04.2026 lieferunfähig.;N/A;05.12.2025;Nein;Tablette;weder versrel noch verskri
09482845;2175289;LE2026001366;LE2025004383;Änderungsmeldung;20.11.2025;31.12.2026;09.04.2026;Sonstige;CANDESARTAN BASICS 16 mg Tabletten;C09CA06;Candesartancilexetil;nein;Basics GmbH;Probleme beim Wirkstoffhersteller;Die PZN 09482845 ist erst seit dem 23.02.2026 lieferunfähig.Die PZN 09482839 ist erst seit dem 14.04.2026 lieferunfähig.;N/A;05.12.2025;Nein;Tablette;weder versrel noch verskri
09482851;2175289;LE2026001366;LE2025004383;Änderungsmeldung;20.11.2025;31.12.2026;09.04.2026;Sonstige;CANDESARTAN BASICS 16 mg Tabletten;C09CA06;Candesartancilexetil;nein;Basics GmbH;Probleme beim Wirkstoffhersteller;Die PZN 09482845 ist erst seit dem 23.02.2026 lieferunfähig.Die PZN 09482839 ist erst seit dem 14.04.2026 lieferunfähig.;N/A;05.12.2025;Nein;Tablette;weder versrel noch verskri
09482791;2175288;LE2026001365;LE2025004382;Änderungsmeldung;22.11.2025;31.12.2026;09.04.2026;Sonstige;CANDESARTAN BASICS 8 mg Tabletten;C09CA06;Candesartancilexetil;nein;Basics GmbH;Probleme beim Wirkstoffhersteller;Die PZN 09482822 ist erst seit dem 12.02.2026 lieferunfähig.Die PZN 09482791 ist erst seit dem 09.04.2026 lieferunfähig.;N/A;05.12.2025;Nein;Tablette;weder versrel noch verskri
09482816;2175288;LE2026001365;LE2025004382;Änderungsmeldung;22.11.2025;31.12.2026;09.04.2026;Sonstige;CANDESARTAN BASICS 8 mg Tabletten;C09CA06;Candesartancilexetil;nein;Basics GmbH;Probleme beim Wirkstoffhersteller;Die PZN 09482822 ist erst seit dem 12.02.2026 lieferunfähig.Die PZN 09482791 ist erst seit dem 09.04.2026 lieferunfähig.;N/A;05.12.2025;Nein;Tablette;weder versrel noch verskri
09482822;2175288;LE2026001365;LE2025004382;Änderungsmeldung;22.11.2025;31.12.2026;09.04.2026;Sonstige;CANDESARTAN BASICS 8 mg Tabletten;C09CA06;Candesartancilexetil;nein;Basics GmbH;Probleme beim Wirkstoffhersteller;Die PZN 09482822 ist erst seit dem 12.02.2026 lieferunfähig.Die PZN 09482791 ist erst seit dem 09.04.2026 lieferunfähig.;N/A;05.12.2025;Nein;Tablette;weder versrel noch verskri
11083957;2191319;LE2026001362;LE2026000964;Änderungsmeldung;05.03.2026;31.12.2026;09.04.2026;Sonstige;ATORVASTATIN BASICS 60 mg Filmtabletten;C10AA05;Atorvastatin-Calcium-Trihydrat (Ph.Eur.);nein;Basics GmbH;Probleme beim Wirkstoffhersteller;Die PZN 11083957 ist erst seit dem 24.03.2026 lieferunfähig.Die PZN 11083963 ist erst seit dem 27.03.2026 lieferunfähig.;N/A;13.03.2026;Nein;Filmtablette;versrel
11083963;2191319;LE2026001362;LE2026000964;Änderungsmeldung;05.03.2026;31.12.2026;09.04.2026;Sonstige;ATORVASTATIN BASICS 60 mg Filmtabletten;C10AA05;Atorvastatin-Calcium-Trihydrat (Ph.Eur.);nein;Basics GmbH;Probleme beim Wirkstoffhersteller;Die PZN 11083957 ist erst seit dem 24.03.2026 lieferunfähig.Die PZN 11083963 ist erst seit dem 27.03.2026 lieferunfähig.;N/A;13.03.2026;Nein;Filmtablette;versrel
11083992;2191319;LE2026001362;LE2026000964;Änderungsmeldung;05.03.2026;31.12.2026;09.04.2026;Sonstige;ATORVASTATIN BASICS 60 mg Filmtabletten;C10AA05;Atorvastatin-Calcium-Trihydrat (Ph.Eur.);nein;Basics GmbH;Probleme beim Wirkstoffhersteller;Die PZN 11083957 ist erst seit dem 24.03.2026 lieferunfähig.Die PZN 11083963 ist erst seit dem 27.03.2026 lieferunfähig.;N/A;13.03.2026;Nein;Filmtablette;versrel
00524329;2184305;LE2026001361;LE2025003633;Änderungsmeldung;13.06.2025;31.12.2026;09.04.2026;Sonstige;ATORVASTATIN BASICS 80 mg Filmtabletten;C10AA05;Atorvastatin-Calcium-Trihydrat (Ph.Eur.);nein;Basics GmbH;Probleme beim Wirkstoffhersteller;Die PZN 524329 ist erst seit dem 07.10.2025 lieferunfähig.;N/A;17.10.2025;Nein;Filmtablette;versrel
00524335;2184305;LE2026001361;LE2025003633;Änderungsmeldung;13.06.2025;31.12.2026;09.04.2026;Sonstige;ATORVASTATIN BASICS 80 mg Filmtabletten;C10AA05;Atorvastatin-Calcium-Trihydrat (Ph.Eur.);nein;Basics GmbH;Probleme beim Wirkstoffhersteller;Die PZN 524329 ist erst seit dem 07.10.2025 lieferunfähig.;N/A;17.10.2025;Nein;Filmtablette;versrel
02418028;2118422;LE2026001349;LE2025002693;Änderungsmeldung;01.08.2025;31.12.2026;08.04.2026;Sonstige;Cyclocaps Salbutamol 400 µg;R03AC02;Salbutamolsulfat;ja;PB Pharma GmbH;Erhöhte Nachfrage;N/A;Cyclocaps Salbutamol 200 µg - Einreichungsnummer: 2118421;31.07.2025;Vorgesehen;Hartkapsel mit Pulver zur Inhalation;versrel
00730721;2146411;LE2026001348;LE2025002691;Änderungsmeldung;01.08.2025;31.12.2026;08.04.2026;Sonstige;Cyclocaps Budesonid 200 µg;R03BA02;Budesonid;ja;PB Pharma GmbH;Erhöhte Nachfrage;N/A;Cyclocaps Budesonid 400 µg - Einreichungsnummer: 2146412;31.07.2025;Vorgesehen;Pulver zur Inhalation;weder versrel noch verskri
02417945;2146411;LE2026001348;LE2025002691;Änderungsmeldung;01.08.2025;31.12.2026;08.04.2026;Sonstige;Cyclocaps Budesonid 200 µg;R03BA02;Budesonid;ja;PB Pharma GmbH;Erhöhte Nachfrage;N/A;Cyclocaps Budesonid 400 µg - Einreichungsnummer: 2146412;31.07.2025;Vorgesehen;Pulver zur Inhalation;weder versrel noch verskri
08907751;2146411;LE2026001348;LE2025002691;Änderungsmeldung;01.08.2025;31.12.2026;08.04.2026;Sonstige;Cyclocaps Budesonid 200 µg;R03BA02;Budesonid;ja;PB Pharma GmbH;Erhöhte Nachfrage;N/A;Cyclocaps Budesonid 400 µg - Einreichungsnummer: 2146412;31.07.2025;Vorgesehen;Pulver zur Inhalation;weder versrel noch verskri
08701127;2125817;LE2026001347;LE2025002687;Änderungsmeldung;01.08.2025;31.12.2026;08.04.2026;Sonstige;Cyclocaps Beclometason 200 µg;R03BA01;Beclometasondipropionat (Ph.Eur.);ja;PB Pharma GmbH;Erhöhte Nachfrage;N/A;Cyclocaps Beclometason 200 µg - Einreichungsnummer: 2125817;31.07.2025;Vorgesehen;Hartkapsel mit Pulver zur Inhalation;versrel
08907596;2125817;LE2026001347;LE2025002687;Änderungsmeldung;01.08.2025;31.12.2026;08.04.2026;Sonstige;Cyclocaps Beclometason 200 µg;R03BA01;Beclometasondipropionat (Ph.Eur.);ja;PB Pharma GmbH;Erhöhte Nachfrage;N/A;Cyclocaps Beclometason 200 µg - Einreichungsnummer: 2125817;31.07.2025;Vorgesehen;Hartkapsel mit Pulver zur Inhalation;versrel
08701156;2125818;LE2026001346;LE2025002688;Änderungsmeldung;01.08.2025;31.12.2026;08.04.2026;Sonstige;Cyclocaps Beclometason 400 µg;R03BA01;Beclometasondipropionat (Ph.Eur.);ja;PB Pharma GmbH;Erhöhte Nachfrage;N/A;Cyclocaps Beclometason 200 µg - Einreichungsnummer: 2125817;31.07.2025;Vorgesehen;Hartkapsel mit Pulver zur Inhalation;versrel
04380494;2154530;LE2026001321;LE2025004033;Änderungsmeldung;05.11.2025;30.10.2026;07.04.2026;Produktionsproblem;Claversal Micropellets 1,5 g;A07EC02;Mesalazin;nein;Recordati Pharma GmbH;GMP Mängel;Schließung der Produktionsstätte Valpharma aufgrund critical findings im Audit durch AIFA. Eine Reauditierung soll im April erfolgen. ;N/A;12.11.2025;Vorgesehen;magensaftresistentes Granulat;versrel
04380519;2154530;LE2026001321;LE2025004033;Änderungsmeldung;05.11.2025;30.10.2026;07.04.2026;Produktionsproblem;Claversal Micropellets 1,5 g;A07EC02;Mesalazin;nein;Recordati Pharma GmbH;GMP Mängel;Schließung der Produktionsstätte Valpharma aufgrund critical findings im Audit durch AIFA. Eine Reauditierung soll im April erfolgen. ;N/A;12.11.2025;Vorgesehen;magensaftresistentes Granulat;versrel
17209023;2203667;LE2026001289;LE2025004700;Änderungsmeldung;09.11.2025;02.02.2027;31.03.2026;Produktionsproblem;Mytolac 60 mg Injektionslösung in einer Fertigspritze;H01CB03;Lanreotidacetat (1:x) ((mit Angaben zum Essigsäure-Gehalt));nein;Amdipharm Limited;Probleme bei der Endfreigabe;Nach einer kürzlich durchgeführten Inspektion durch die US-amerikanische Arzneimittelbehörde FDA im November 2025 hat Pharmathen die Produktion und den Vertrieb seiner langwirksamen injizierbaren Produkte (LAI) freiwillig ausgesetzt und führt derzeit notwendige Modernisierungsmaßnahmen in der Produktionsstätte durch, was zu einem Ausverkauf der LAI-Produkte geführt hat.;N/A;29.12.2025;Vorgesehen;Injektionslösung in einer Fertigspritze;weder versrel noch verskri
17209046;2203667;LE2026001289;LE2025004700;Änderungsmeldung;09.11.2025;02.02.2027;31.03.2026;Produktionsproblem;Mytolac 60 mg Injektionslösung in einer Fertigspritze;H01CB03;Lanreotidacetat (1:x) ((mit Angaben zum Essigsäure-Gehalt));nein;Amdipharm Limited;Probleme bei der Endfreigabe;Nach einer kürzlich durchgeführten Inspektion durch die US-amerikanische Arzneimittelbehörde FDA im November 2025 hat Pharmathen die Produktion und den Vertrieb seiner langwirksamen injizierbaren Produkte (LAI) freiwillig ausgesetzt und führt derzeit notwendige Modernisierungsmaßnahmen in der Produktionsstätte durch, was zu einem Ausverkauf der LAI-Produkte geführt hat.;N/A;29.12.2025;Vorgesehen;Injektionslösung in einer Fertigspritze;weder versrel noch verskri
03065112;2104496;LE2026001204;LE2025002723;Änderungsmeldung;21.07.2025;31.10.2026;27.03.2026;Produktionsproblem;Minprostin E2 Vaginaltabletten;G02AD02;Dinoproston;ja;Pfizer Pharma GmbH;Sonstige;N/A;Minprostin E2 Vaginalgel 1mg - Einreichungsnummer: 2119724;01.08.2025;Nein;Vaginaltablette;verskri (auch versrel)
03572665;2113120;LE2026001203;LE2026000089;Änderungsmeldung;23.01.2026;31.10.2026;27.03.2026;Sonstige;Prepidil Gel;G02AD02;Dinoproston;ja;Pfizer Pharma GmbH;Erhöhte Nachfrage;N/A;N/A;08.01.2026;Ja;Gel;verskri (auch versrel)
02753057;2144805;LE2026001195;LE2024001139;Änderungsmeldung;16.03.2023;15.01.2028;26.03.2026;Sonstige;Muse 1000 mikrogramm;G04BE01;Alprostadil;nein;Viatris Healthcare GmbH;Sonstige;N/A;N/A;15.03.2024;Nein;Stäbchen zur Anwendung in der Harnröhre;weder versrel noch verskri
03441130;2144805;LE2026001195;LE2024001139;Änderungsmeldung;16.03.2023;15.01.2028;26.03.2026;Sonstige;Muse 1000 mikrogramm;G04BE01;Alprostadil;nein;Viatris Healthcare GmbH;Sonstige;N/A;N/A;15.03.2024;Nein;Stäbchen zur Anwendung in der Harnröhre;weder versrel noch verskri
04192551;2144805;LE2026001195;LE2024001139;Änderungsmeldung;16.03.2023;15.01.2028;26.03.2026;Sonstige;Muse 1000 mikrogramm;G04BE01;Alprostadil;nein;Viatris Healthcare GmbH;Sonstige;N/A;N/A;15.03.2024;Nein;Stäbchen zur Anwendung in der Harnröhre;weder versrel noch verskri
02752885;2144804;LE2026001194;LE2024001140;Änderungsmeldung;16.03.2023;15.01.2028;26.03.2026;Sonstige;Muse 500 mikrogramm;G04BE01;Alprostadil;nein;Viatris Healthcare GmbH;Sonstige;Alternativpräparat: Sildenafil Filmtabletten;N/A;15.03.2024;Nein;Stäbchen zur Anwendung in der Harnröhre;weder versrel noch verskri
03441124;2144804;LE2026001194;LE2024001140;Änderungsmeldung;16.03.2023;15.01.2028;26.03.2026;Sonstige;Muse 500 mikrogramm;G04BE01;Alprostadil;nein;Viatris Healthcare GmbH;Sonstige;Alternativpräparat: Sildenafil Filmtabletten;N/A;15.03.2024;Nein;Stäbchen zur Anwendung in der Harnröhre;weder versrel noch verskri
04192545;2144804;LE2026001194;LE2024001140;Änderungsmeldung;16.03.2023;15.01.2028;26.03.2026;Sonstige;Muse 500 mikrogramm;G04BE01;Alprostadil;nein;Viatris Healthcare GmbH;Sonstige;Alternativpräparat: Sildenafil Filmtabletten;N/A;15.03.2024;Nein;Stäbchen zur Anwendung in der Harnröhre;weder versrel noch verskri
06324726;2130124;LE2026001185;N/A;Erstmeldung;27.03.2026;31.12.2026;25.03.2026;Sonstige;Adrekar;C01EB;Adenosin;ja;Sanofi-Aventis Deutschland GmbH;Unzureichende Produktionskapazitäten;Eingeschränkte Lieferfähigkeit;N/A;25.03.2026;Nein;Injektionslösung;verskri (auch versrel)
07558248;2135297;LE2026001165;N/A;Erstmeldung;25.03.2026;30.09.2026;25.03.2026;Sonstige;Nifedipin AL T 20 retard;C08CA05;Nifedipin;nein;ALIUD PHARMA GmbH;Erhöhte Nachfrage;N/A;N/A;25.03.2026;Vorgesehen;Retardtablette;versrel
08715460;2135297;LE2026001165;N/A;Erstmeldung;25.03.2026;30.09.2026;25.03.2026;Sonstige;Nifedipin AL T 20 retard;C08CA05;Nifedipin;nein;ALIUD PHARMA GmbH;Erhöhte Nachfrage;N/A;N/A;25.03.2026;Vorgesehen;Retardtablette;versrel
08715477;2135297;LE2026001165;N/A;Erstmeldung;25.03.2026;30.09.2026;25.03.2026;Sonstige;Nifedipin AL T 20 retard;C08CA05;Nifedipin;nein;ALIUD PHARMA GmbH;Erhöhte Nachfrage;N/A;N/A;25.03.2026;Vorgesehen;Retardtablette;versrel
11010846;2152640;LE2026001161;N/A;Erstmeldung;15.04.2025;31.12.2026;25.03.2026;Sonstige;Nifedipin STADA uno 40 mg Retardtabletten;C08CA05;Nifedipin;nein;STADAPHARM GmbH;Sonstige;Der Artikel befindet sich derzeit im Status keine Nachbestellung, ohne dass eine Ausphasung vorgesehen ist.;N/A;25.03.2026;Vorgesehen;Retardtablette;versrel
14063263;2193900;LE2026001104;LE2026000499;Änderungsmeldung;27.01.2026;31.12.2026;24.03.2026;Sonstige;Takrozem 1 mg/g Salbe;D11AH01;Tacrolimus-Monohydrat;nein;Pierre Fabre Medicament;Unzureichende Produktionskapazitäten;Schwierigkeiten, Tuben vom Lieferanten zu bekommen.;Protopic 0,1% Salbe - OP30g - Einreichungsnummer: 2701533;04.02.2026;Nein;Salbe;versrel
14063286;2193900;LE2026001104;LE2026000499;Änderungsmeldung;27.01.2026;31.12.2026;24.03.2026;Sonstige;Takrozem 1 mg/g Salbe;D11AH01;Tacrolimus-Monohydrat;nein;Pierre Fabre Medicament;Unzureichende Produktionskapazitäten;Schwierigkeiten, Tuben vom Lieferanten zu bekommen.;Protopic 0,1% Salbe - OP30g - Einreichungsnummer: 2701533;04.02.2026;Nein;Salbe;versrel
14063292;2193900;LE2026001104;LE2026000499;Änderungsmeldung;27.01.2026;31.12.2026;24.03.2026;Sonstige;Takrozem 1 mg/g Salbe;D11AH01;Tacrolimus-Monohydrat;nein;Pierre Fabre Medicament;Unzureichende Produktionskapazitäten;Schwierigkeiten, Tuben vom Lieferanten zu bekommen.;Protopic 0,1% Salbe - OP30g - Einreichungsnummer: 2701533;04.02.2026;Nein;Salbe;versrel
06999938;2130422;LE2026001051;LE2026001031;Änderungsmeldung;20.03.2026;31.10.2026;18.03.2026;Sonstige;Mycobutin;J04AB04;Rifabutin;nein;Pfizer Pharma GmbH;Sonstige;Beginn des Lieferengpasses für PZN 06999938 (30er Packung): 20.03.2026Beginn des Lieferengpasses für PZN 08669665 (90er Packung): 04.05.2026Das voraussichtliche Ende gilt für beide Packungsgrößen.;N/A;17.03.2026;Ja;Kapsel;verskri (auch versrel)
08669665;2130422;LE2026001051;LE2026001031;Änderungsmeldung;20.03.2026;31.10.2026;18.03.2026;Sonstige;Mycobutin;J04AB04;Rifabutin;nein;Pfizer Pharma GmbH;Sonstige;Beginn des Lieferengpasses für PZN 06999938 (30er Packung): 20.03.2026Beginn des Lieferengpasses für PZN 08669665 (90er Packung): 04.05.2026Das voraussichtliche Ende gilt für beide Packungsgrößen.;N/A;17.03.2026;Ja;Kapsel;verskri (auch versrel)
04913803;0801728;LE2026000960;N/A;Erstmeldung;01.06.2026;01.03.2027;12.03.2026;Produktionsproblem;Dontisolon D Mundheilpaste;A01AC54;Prednisolonacetat;nein;SEPTODONT GmbH;Herstellerwechsel;N/A;N/A;12.03.2026;Vorgesehen;Paste;versrel
04913826;0801728;LE2026000960;N/A;Erstmeldung;01.06.2026;01.03.2027;12.03.2026;Produktionsproblem;Dontisolon D Mundheilpaste;A01AC54;Prednisolonacetat;nein;SEPTODONT GmbH;Herstellerwechsel;N/A;N/A;12.03.2026;Vorgesehen;Paste;versrel
04913795;0801705;LE2026000959;N/A;Erstmeldung;01.07.2026;01.03.2027;12.03.2026;Produktionsproblem;Dontisolon D Zylinderampullen;A01AC54;Prednisolon;nein;SEPTODONT GmbH;Herstellerwechsel;N/A;N/A;12.03.2026;Vorgesehen;Salbe;versrel
03884844;2122255;LE2026000958;N/A;Erstmeldung;09.03.2026;15.09.2026;12.03.2026;Produktionsproblem;Clomifen-ratiopharm 50mg Tabletten;G03GB;Clomifencitrat;nein;ratiopharm GmbH;Probleme in der Herstellung;N/A;N/A;12.03.2026;Vorgesehen;Tablette;verskri (auch versrel)
10985801;2188346;LE2026000949;LE2026000226;Änderungsmeldung;01.12.2025;04.10.2026;11.03.2026;Produktionsproblem;Vagantin RIEMSER;D11AA;Methantheliniumbromid;nein;Dermapharm Aktiengesellschaft;Probleme in der Herstellung;N/A;N/A;19.01.2026;Nein;überzogene Tablette;weder versrel noch verskri
10985818;2188346;LE2026000949;LE2026000226;Änderungsmeldung;01.12.2025;04.10.2026;11.03.2026;Produktionsproblem;Vagantin RIEMSER;D11AA;Methantheliniumbromid;nein;Dermapharm Aktiengesellschaft;Probleme in der Herstellung;N/A;N/A;19.01.2026;Nein;überzogene Tablette;weder versrel noch verskri
10985824;2188346;LE2026000949;LE2026000226;Änderungsmeldung;01.12.2025;04.10.2026;11.03.2026;Produktionsproblem;Vagantin RIEMSER;D11AA;Methantheliniumbromid;nein;Dermapharm Aktiengesellschaft;Probleme in der Herstellung;N/A;N/A;19.01.2026;Nein;überzogene Tablette;weder versrel noch verskri
10775794;2189383;LE2026000921;LE2023002181;Änderungsmeldung;25.05.2023;29.01.2027;10.03.2026;Produktionsproblem;Prednifluid 10 mg/ml Augentropfensuspension;S01BA04;Prednisolonacetat;nein;Mibe GmbH Arzneimittel;Probleme in der Herstellung;N/A;N/A;01.06.2023;Nein;Augentropfensuspension;weder versrel noch verskri
04904106;2126168;LE2026000910;LE2025003724;Änderungsmeldung;27.10.2025;01.04.2026;09.03.2026;Produktionsproblem;Sufenta mite;N01AH03;Sufentanilcitrat;ja;Piramal Critical Care B.V.;Probleme in der Herstellung;Probleme bei der Herstellung bei DemoDEMO ELLAS S.A. in Kryoneri, GriechenlandEthniki Odo Athinon Lamias 21o Chlm 14568 Kryoneri+30 21 0816 1802;N/A;27.10.2025;Vorgesehen;Injektionslösung;weder versrel noch verskri
03000756;2104913;LE2026000828;LE2025001263;Änderungsmeldung;10.04.2025;31.12.2026;03.03.2026;Sonstige;Heitrin 2mg;C02CA;Terazosinhydrochlorid-Dihydrat;nein;Amdipharm Limited;Erhöhte Nachfrage;N/A;Heitrin-BPH 2mg - Einreichungsnummer: 2128693;10.04.2025;Vorgesehen;Tablette;weder versrel noch verskri
03000779;2104913;LE2026000828;LE2025001263;Änderungsmeldung;10.04.2025;31.12.2026;03.03.2026;Sonstige;Heitrin 2mg;C02CA;Terazosinhydrochlorid-Dihydrat;nein;Amdipharm Limited;Erhöhte Nachfrage;N/A;Heitrin-BPH 2mg - Einreichungsnummer: 2128693;10.04.2025;Vorgesehen;Tablette;weder versrel noch verskri
14292199;2201923;LE2026000748;N/A;Erstmeldung;01.03.2026;31.12.2026;26.02.2026;Produktionsproblem;Eletriptan Bluefish 20 mg Filmtabletten;N02CC06;Eletriptanhydrobromid;nein;Bluefish Pharmaceuticals AB (publ);Probleme in der Herstellung;N/A;N/A;26.02.2026;Vorgesehen;Filmtablette;weder versrel noch verskri
13588578;2197631;LE2026000740;LE2023001198;Änderungsmeldung;24.03.2023;31.12.2026;25.02.2026;Sonstige;Rosuvastatin Aristo 5 mg Filmtabletten;C10AA07;Rosuvastatin-Hemicalcium;nein;Aristo Pharma GmbH;Probleme beim Sonstigen Hersteller;N/A;N/A;24.03.2023;Vorgesehen;Filmtablette;weder versrel noch verskri
18388016;2197631;LE2026000740;LE2023001198;Änderungsmeldung;24.03.2023;31.12.2026;25.02.2026;Sonstige;Rosuvastatin Aristo 5 mg Filmtabletten;C10AA07;Rosuvastatin-Hemicalcium;nein;Aristo Pharma GmbH;Probleme beim Sonstigen Hersteller;N/A;N/A;24.03.2023;Vorgesehen;Filmtablette;weder versrel noch verskri
12593459;2196642;LE2026000716;LE2025003905;Änderungsmeldung;29.09.2025;30.03.2027;24.02.2026;Produktionsproblem;Tranexamsäure PUREN 100 mg/ml Injektionslösung;B02AA02;Tranexamsäure;ja;Eugia Pharma (Malta) Limited;Herstellerwechsel;Das Produkt muss auf eine andere Unit transferiert werden. Je nach Tansfer/Kapazitäten bekommen wir Ware frühestes in Q1/2027.;N/A;04.11.2025;Vorgesehen;Injektionslösung;versrel
19014358;2714031, 2714918;LE2026000706;LE2026000606;Änderungsmeldung;12.02.2026;31.03.2027;24.02.2026;Sonstige;Ritonavir Viatris 100 mg Filmtabletten - OP30;J05AE03;Ritonavir;nein;Viatris Limited;Sonstige;N/A;N/A;16.02.2026;Nein;Filmtablette;versrel
19014370;2714031, 2714918;LE2026000706;LE2026000606;Änderungsmeldung;12.02.2026;31.03.2027;24.02.2026;Sonstige;Ritonavir Viatris 100 mg Filmtabletten - OP30;J05AE03;Ritonavir;nein;Viatris Limited;Sonstige;N/A;N/A;16.02.2026;Nein;Filmtablette;versrel
07356964;2144927;LE2026000698;LE2024004475;Änderungsmeldung;16.09.2024;19.01.2027;23.02.2026;Produktionsproblem;DOXO-cell 150 mg Injektionslösung;L01DB01;Doxorubicinhydrochlorid;nein;STADAPHARM GmbH;Probleme in der Herstellung;N/A;N/A;11.12.2024;Vorgesehen;Injektionslösung;weder versrel noch verskri
07356958;2144926;LE2026000697;LE2024004474;Änderungsmeldung;16.08.2024;19.01.2027;23.02.2026;Produktionsproblem;DOXO-cell 50 mg Injektionslösung;L01DB01;Doxorubicinhydrochlorid;nein;STADAPHARM GmbH;Probleme in der Herstellung;N/A;N/A;11.12.2024;Vorgesehen;Injektionslösung;weder versrel noch verskri
00408497;0929569;LE2026000673;N/A;Erstmeldung;13.02.2026;31.12.2026;19.02.2026;Sonstige;Gastrografin;V04CG, V08AA;"Amidotrizoat-Meglumin; Natriumamidotrizoat";nein;Bayer Vital GmbH;Sonstige;N/A;N/A;19.02.2026;Nein;Lösung zur gastrointestinalen Anwendung;weder versrel noch verskri
01246186;0929569;LE2026000673;N/A;Erstmeldung;13.02.2026;31.12.2026;19.02.2026;Sonstige;Gastrografin;V04CG, V08AA;"Amidotrizoat-Meglumin; Natriumamidotrizoat";nein;Bayer Vital GmbH;Sonstige;N/A;N/A;19.02.2026;Nein;Lösung zur gastrointestinalen Anwendung;weder versrel noch verskri
16662140;2205252;LE2026000666;LE2025002269;Änderungsmeldung;05.08.2024;31.08.2026;19.02.2026;Produktionsproblem;Aprepitant STADA 125 mg und 80 mg Hartkapseln;A04AD12;Aprepitant;nein;STADAPHARM GmbH;Probleme in der Herstellung;N/A;N/A;02.07.2025;Vorgesehen;Hartkapsel,Hartkapsel;versrel
16662134;2205366;LE2026000651;LE2025000571;Änderungsmeldung;17.02.2025;31.08.2026;19.02.2026;Produktionsproblem;Aprepitant STADA 125 mg Hartkapseln;A04AD12;Aprepitant;nein;STADAPHARM GmbH;Probleme in der Herstellung;N/A;N/A;17.02.2025;Vorgesehen;Hartkapsel;versrel
12552880;2129199;LE2026000650;N/A;Erstmeldung;16.02.2026;30.09.2026;19.02.2026;Produktionsproblem;Aciclovir AbZ Lippenherpescreme;D06BB03;Aciclovir;nein;AbZ-Pharma GmbH;Probleme in der Herstellung;N/A;N/A;19.02.2026;Vorgesehen;Creme;versrel
04899902;2128080;LE2026000649;N/A;Erstmeldung;16.02.2026;30.09.2026;19.02.2026;Produktionsproblem;Aciclovir-ratiopharm 50 mg/g Creme;D06BB03;Aciclovir;nein;ratiopharm GmbH;Probleme in der Herstellung;N/A;N/A;19.02.2026;Vorgesehen;Creme;versrel
04899919;2128080;LE2026000649;N/A;Erstmeldung;16.02.2026;30.09.2026;19.02.2026;Produktionsproblem;Aciclovir-ratiopharm 50 mg/g Creme;D06BB03;Aciclovir;nein;ratiopharm GmbH;Probleme in der Herstellung;N/A;N/A;19.02.2026;Vorgesehen;Creme;versrel
05376313;2604246;LE2026000632;LE2025002788;Änderungsmeldung;01.08.2025;30.09.2026;18.02.2026;Sonstige;WILLFACT 1000 I.E.;B02BD10;Von Willebrand-Faktor;ja;LFB Biomedicaments;Erhöhte Nachfrage;N/A;N/A;07.08.2025;Vorgesehen;Pulver zur Herstellung einer Injektionslösung,Lösungsmittel;weder versrel noch verskri
03517169;2104912;LE2026000608;LE2024004304;Änderungsmeldung;01.07.2024;31.12.2026;16.02.2026;Sonstige;Heitrin 1mg;C02CA;Terazosinhydrochlorid-Dihydrat;nein;Amdipharm Limited;Erhöhte Nachfrage;Lieferverzug;Terazosin STADA 2 mg Tabletten - Einreichungsnummer: 2156948;29.11.2024;Vorgesehen;Tablette;weder versrel noch verskri
03000822;2104914;LE2026000607;LE2024004306;Änderungsmeldung;01.07.2024;31.12.2026;16.02.2026;Sonstige;Heitrin 5mg;C02CA;Terazosinhydrochlorid-Dihydrat;nein;Amdipharm Limited;Erhöhte Nachfrage;Lieferverzug;Terazosin STADA 5 mg Tabletten - Einreichungsnummer: 2156949;29.11.2024;Vorgesehen;Tablette;weder versrel noch verskri
00000000;1462406;LE2026000559;N/A;Erstmeldung;01.11.2025;01.11.2027;11.02.2026;Produktionsproblem;Supertendin 5;TERM_ID_NA_2090003726;"Dexamethasonacetat (Ph.Eur.); Lidocainhydrochlorid-Monohydrat";nein;Carinopharm GmbH;Herstellerwechsel;N/A;Supertendin 10 - Einreichungsnummer: 0027453;11.02.2026;Vorgesehen;Kristallsuspension;weder versrel noch verskri
01690395;1462406;LE2026000559;N/A;Erstmeldung;01.11.2025;01.11.2027;11.02.2026;Produktionsproblem;Supertendin 5;TERM_ID_NA_2090003726;"Dexamethasonacetat (Ph.Eur.); Lidocainhydrochlorid-Monohydrat";nein;Carinopharm GmbH;Herstellerwechsel;N/A;Supertendin 10 - Einreichungsnummer: 0027453;11.02.2026;Vorgesehen;Kristallsuspension;weder versrel noch verskri
01690403;1462406;LE2026000559;N/A;Erstmeldung;01.11.2025;01.11.2027;11.02.2026;Produktionsproblem;Supertendin 5;TERM_ID_NA_2090003726;"Dexamethasonacetat (Ph.Eur.); Lidocainhydrochlorid-Monohydrat";nein;Carinopharm GmbH;Herstellerwechsel;N/A;Supertendin 10 - Einreichungsnummer: 0027453;11.02.2026;Vorgesehen;Kristallsuspension;weder versrel noch verskri
01690426;1462406;LE2026000559;N/A;Erstmeldung;01.11.2025;01.11.2027;11.02.2026;Produktionsproblem;Supertendin 5;TERM_ID_NA_2090003726;"Dexamethasonacetat (Ph.Eur.); Lidocainhydrochlorid-Monohydrat";nein;Carinopharm GmbH;Herstellerwechsel;N/A;Supertendin 10 - Einreichungsnummer: 0027453;11.02.2026;Vorgesehen;Kristallsuspension;weder versrel noch verskri
00000000;0027453;LE2026000558;N/A;Erstmeldung;01.11.2025;01.11.2027;11.02.2026;Produktionsproblem;Supertendin 10;TERM_ID_NA_2090003726;"Dexamethasonacetat (Ph.Eur.); Lidocainhydrochlorid-Monohydrat";nein;Carinopharm GmbH;Herstellerwechsel;N/A;Supertendin 5 - Einreichungsnummer: 1462406;11.02.2026;Vorgesehen;Kristallsuspension;weder versrel noch verskri
01690461;0027453;LE2026000558;N/A;Erstmeldung;01.11.2025;01.11.2027;11.02.2026;Produktionsproblem;Supertendin 10;TERM_ID_NA_2090003726;"Dexamethasonacetat (Ph.Eur.); Lidocainhydrochlorid-Monohydrat";nein;Carinopharm GmbH;Herstellerwechsel;N/A;Supertendin 5 - Einreichungsnummer: 1462406;11.02.2026;Vorgesehen;Kristallsuspension;weder versrel noch verskri
01690478;0027453;LE2026000558;N/A;Erstmeldung;01.11.2025;01.11.2027;11.02.2026;Produktionsproblem;Supertendin 10;TERM_ID_NA_2090003726;"Dexamethasonacetat (Ph.Eur.); Lidocainhydrochlorid-Monohydrat";nein;Carinopharm GmbH;Herstellerwechsel;N/A;Supertendin 5 - Einreichungsnummer: 1462406;11.02.2026;Vorgesehen;Kristallsuspension;weder versrel noch verskri
01690484;0027453;LE2026000558;N/A;Erstmeldung;01.11.2025;01.11.2027;11.02.2026;Produktionsproblem;Supertendin 10;TERM_ID_NA_2090003726;"Dexamethasonacetat (Ph.Eur.); Lidocainhydrochlorid-Monohydrat";nein;Carinopharm GmbH;Herstellerwechsel;N/A;Supertendin 5 - Einreichungsnummer: 1462406;11.02.2026;Vorgesehen;Kristallsuspension;weder versrel noch verskri
12550042;2183892;LE2026000552;LE2026000150;Änderungsmeldung;05.01.2026;31.12.2026;10.02.2026;Produktionsproblem;Levetiracetam Holsten 750 mg Filmtabletten;N03AX14;Levetiracetam;nein;Holsten Pharma GmbH - Geschäftsanschrift -;Probleme in der Herstellung;N/A;Levetiracetam Holsten 750 mg Filmtabletten - Einreichungsnummer: 2183892;13.01.2026;Vorgesehen;Filmtablette;versrel
12550059;2183892;LE2026000552;LE2026000150;Änderungsmeldung;05.01.2026;31.12.2026;10.02.2026;Produktionsproblem;Levetiracetam Holsten 750 mg Filmtabletten;N03AX14;Levetiracetam;nein;Holsten Pharma GmbH - Geschäftsanschrift -;Probleme in der Herstellung;N/A;Levetiracetam Holsten 750 mg Filmtabletten - Einreichungsnummer: 2183892;13.01.2026;Vorgesehen;Filmtablette;versrel
13248256;2163100;LE2026000495;LE2025002990;Änderungsmeldung;21.08.2025;31.12.2026;04.02.2026;Produktionsproblem;Gabapentin Holsten 600 mg Filmtabletten;N03AX12;Gabapentin;nein;Holsten Pharma GmbH - Geschäftsanschrift -;Herstellerwechsel;N/A;Gabapentin Holsten 600 mg Filmtabletten - Einreichungsnummer: 2163100;21.08.2025;Vorgesehen;Filmtablette;versrel
13248262;2163100;LE2026000495;LE2025002990;Änderungsmeldung;21.08.2025;31.12.2026;04.02.2026;Produktionsproblem;Gabapentin Holsten 600 mg Filmtabletten;N03AX12;Gabapentin;nein;Holsten Pharma GmbH - Geschäftsanschrift -;Herstellerwechsel;N/A;Gabapentin Holsten 600 mg Filmtabletten - Einreichungsnummer: 2163100;21.08.2025;Vorgesehen;Filmtablette;versrel
13248279;2163100;LE2026000495;LE2025002990;Änderungsmeldung;21.08.2025;31.12.2026;04.02.2026;Produktionsproblem;Gabapentin Holsten 600 mg Filmtabletten;N03AX12;Gabapentin;nein;Holsten Pharma GmbH - Geschäftsanschrift -;Herstellerwechsel;N/A;Gabapentin Holsten 600 mg Filmtabletten - Einreichungsnummer: 2163100;21.08.2025;Vorgesehen;Filmtablette;versrel
16233025;2203599;LE2026000486;LE2024003306;Änderungsmeldung;05.09.2024;30.09.2026;04.02.2026;Produktionsproblem;Risperidon-ratiopharm 50 mg Pulver und Lösungsmittel zur Herstellung einer Depot-Injektionssuspension;N05AX08;Risperidon;ja;ratiopharm GmbH;Probleme in der Herstellung;N/A;N/A;05.09.2024;Vorgesehen;Pulver zur Herstellung einer Depot-Injektionssuspension,Lösungsmittel;weder versrel noch verskri
16233031;2203599;LE2026000486;LE2024003306;Änderungsmeldung;05.09.2024;30.09.2026;04.02.2026;Produktionsproblem;Risperidon-ratiopharm 50 mg Pulver und Lösungsmittel zur Herstellung einer Depot-Injektionssuspension;N05AX08;Risperidon;ja;ratiopharm GmbH;Probleme in der Herstellung;N/A;N/A;05.09.2024;Vorgesehen;Pulver zur Herstellung einer Depot-Injektionssuspension,Lösungsmittel;weder versrel noch verskri
16233002;2203598;LE2026000485;LE2024003305;Änderungsmeldung;05.09.2024;30.09.2026;04.02.2026;Produktionsproblem;Risperidon-ratiopharm 37,5 mg Pulver und Lösungsmittel zur Herstellung einer Depot-Injektionssuspension;N05AX08;Risperidon;ja;ratiopharm GmbH;Probleme in der Herstellung;N/A;N/A;05.09.2024;Vorgesehen;Pulver zur Herstellung einer Depot-Injektionssuspension,Lösungsmittel;weder versrel noch verskri
16233019;2203598;LE2026000485;LE2024003305;Änderungsmeldung;05.09.2024;30.09.2026;04.02.2026;Produktionsproblem;Risperidon-ratiopharm 37,5 mg Pulver und Lösungsmittel zur Herstellung einer Depot-Injektionssuspension;N05AX08;Risperidon;ja;ratiopharm GmbH;Probleme in der Herstellung;N/A;N/A;05.09.2024;Vorgesehen;Pulver zur Herstellung einer Depot-Injektionssuspension,Lösungsmittel;weder versrel noch verskri
16232988;2203597;LE2026000484;LE2024003304;Änderungsmeldung;05.09.2024;30.09.2026;04.02.2026;Produktionsproblem;Risperidon-ratiopharm 25 mg Pulver und Lösungsmittel zur Herstellung einer Depot-Injektionssuspension;N05AX08;Risperidon;ja;ratiopharm GmbH;Probleme in der Herstellung;N/A;N/A;05.09.2024;Vorgesehen;Pulver zur Herstellung einer Depot-Injektionssuspension,Lösungsmittel;weder versrel noch verskri
16232994;2203597;LE2026000484;LE2024003304;Änderungsmeldung;05.09.2024;30.09.2026;04.02.2026;Produktionsproblem;Risperidon-ratiopharm 25 mg Pulver und Lösungsmittel zur Herstellung einer Depot-Injektionssuspension;N05AX08;Risperidon;ja;ratiopharm GmbH;Probleme in der Herstellung;N/A;N/A;05.09.2024;Vorgesehen;Pulver zur Herstellung einer Depot-Injektionssuspension,Lösungsmittel;weder versrel noch verskri
17578507;7005446;LE2026000473;LE2025004390;Änderungsmeldung;04.02.2026;31.12.2026;03.02.2026;Sonstige;Erwinase 10 000 E./Durchstechflasche Pulver zur Herstellung einer Injektions-/Infusionslösung;L01XX02;Crisantaspase;ja;Porton Biopharma Limited;Probleme beim Wirkstoffhersteller;The drug substance manufacturer has ceased production of Erwinase. Therefore, Porton Biopharma Limited (PBL), the Marketing Authorisation Holder (MAH) of Erwinase®, will cease manufacture of new Erwinase bulk product batches at the end of 2025 for all global markets. There will be no future source of Erwinase, and no future packaging of DE Erwinase packs.;Enrylaze - Einreichungsnummer: 7009931;05.12.2025;Vorgesehen;Pulver zur Herstellung einer Injektions-/Infusionslösung;verskri (auch versrel)
03222184;2150668;LE2026000471;LE2025003027;Erstmeldung;26.08.2025;31.12.2026;03.02.2026;Sonstige;Renatriol 0,25 µg;A11CC04;Calcitriol;nein;RenaCare NEPHROMED GmbH;Sonstige;zu niedriger Erstattungsbetrag;N/A;26.08.2025;Nein;Weichkapsel;versrel
03222190;2150668;LE2026000471;LE2025003027;Erstmeldung;26.08.2025;31.12.2026;03.02.2026;Sonstige;Renatriol 0,25 µg;A11CC04;Calcitriol;nein;RenaCare NEPHROMED GmbH;Sonstige;zu niedriger Erstattungsbetrag;N/A;26.08.2025;Nein;Weichkapsel;versrel
03192939;2150672;LE2026000470;LE2025003070;Erstmeldung;28.08.2025;31.12.2026;03.02.2026;Sonstige;Calcitriol KyraMed 0,25 Mikrogramm;A11CC04;Calcitriol;nein;RenaCare NEPHROMED GmbH;Sonstige;zu niedriger Erstattungsbetrag;N/A;28.08.2025;Nein;Weichkapsel;versrel
03193028;2150672;LE2026000470;LE2025003070;Erstmeldung;28.08.2025;31.12.2026;03.02.2026;Sonstige;Calcitriol KyraMed 0,25 Mikrogramm;A11CC04;Calcitriol;nein;RenaCare NEPHROMED GmbH;Sonstige;zu niedriger Erstattungsbetrag;N/A;28.08.2025;Nein;Weichkapsel;versrel
11276320;7006087, 7006088, 7006089;LE2026000337;N/A;Erstmeldung;23.01.2026;31.12.2026;27.01.2026;Produktionsproblem;Duloxetin Zentiva 30 mg magensaftresistente Hartkapseln ;N06AX21;Duloxetinhydrochlorid;nein;Zentiva, k.s.;Sonstige;Probleme bei Freigabe/Laufzeitspezifikation;N/A;27.01.2026;Vorgesehen;magensaftresistente Hartkapsel;versrel
16385203;7006087, 7006088, 7006089;LE2026000337;N/A;Erstmeldung;23.01.2026;31.12.2026;27.01.2026;Produktionsproblem;Duloxetin Zentiva 30 mg magensaftresistente Hartkapseln ;N06AX21;Duloxetinhydrochlorid;nein;Zentiva, k.s.;Sonstige;Probleme bei Freigabe/Laufzeitspezifikation;N/A;27.01.2026;Vorgesehen;magensaftresistente Hartkapsel;versrel
16385226;7006087, 7006088, 7006089;LE2026000337;N/A;Erstmeldung;23.01.2026;31.12.2026;27.01.2026;Produktionsproblem;Duloxetin Zentiva 30 mg magensaftresistente Hartkapseln ;N06AX21;Duloxetinhydrochlorid;nein;Zentiva, k.s.;Sonstige;Probleme bei Freigabe/Laufzeitspezifikation;N/A;27.01.2026;Vorgesehen;magensaftresistente Hartkapsel;versrel
11276372;7006091, 7006092, 7006093, 7006094;LE2026000336;N/A;Erstmeldung;23.01.2026;31.12.2026;27.01.2026;Produktionsproblem;Duloxetin Zentiva 60 mg magensaftresistente Hartkapseln ;N06AX21;Duloxetinhydrochlorid;nein;Zentiva, k.s.;Sonstige;Probleme bei Freigabe/Laufzeitspezifikation;N/A;27.01.2026;Vorgesehen;magensaftresistente Hartkapsel;versrel
11276389;7006091, 7006092, 7006093, 7006094;LE2026000336;N/A;Erstmeldung;23.01.2026;31.12.2026;27.01.2026;Produktionsproblem;Duloxetin Zentiva 60 mg magensaftresistente Hartkapseln ;N06AX21;Duloxetinhydrochlorid;nein;Zentiva, k.s.;Sonstige;Probleme bei Freigabe/Laufzeitspezifikation;N/A;27.01.2026;Vorgesehen;magensaftresistente Hartkapsel;versrel
16385232;7006091, 7006092, 7006093, 7006094;LE2026000336;N/A;Erstmeldung;23.01.2026;31.12.2026;27.01.2026;Produktionsproblem;Duloxetin Zentiva 60 mg magensaftresistente Hartkapseln ;N06AX21;Duloxetinhydrochlorid;nein;Zentiva, k.s.;Sonstige;Probleme bei Freigabe/Laufzeitspezifikation;N/A;27.01.2026;Vorgesehen;magensaftresistente Hartkapsel;versrel
16385249;7006091, 7006092, 7006093, 7006094;LE2026000336;N/A;Erstmeldung;23.01.2026;31.12.2026;27.01.2026;Produktionsproblem;Duloxetin Zentiva 60 mg magensaftresistente Hartkapseln ;N06AX21;Duloxetinhydrochlorid;nein;Zentiva, k.s.;Sonstige;Probleme bei Freigabe/Laufzeitspezifikation;N/A;27.01.2026;Vorgesehen;magensaftresistente Hartkapsel;versrel
06330537;0911813;LE2026000330;LE2025003803;Änderungsmeldung;13.10.2025;31.12.2026;27.01.2026;Sonstige;Doxepin 50 Holsten;N06AA12;Doxepinhydrochlorid (Ph.Eur.);ja;Holsten Pharma GmbH - Geschäftsanschrift -;Erhöhte Nachfrage;N/A;Doxepin 50 Holsten - Einreichungsnummer: 0911813;30.10.2025;Vorgesehen;Filmtablette;versrel
06330543;0911813;LE2026000330;LE2025003803;Änderungsmeldung;13.10.2025;31.12.2026;27.01.2026;Sonstige;Doxepin 50 Holsten;N06AA12;Doxepinhydrochlorid (Ph.Eur.);ja;Holsten Pharma GmbH - Geschäftsanschrift -;Erhöhte Nachfrage;N/A;Doxepin 50 Holsten - Einreichungsnummer: 0911813;30.10.2025;Vorgesehen;Filmtablette;versrel
13248167;2158851;LE2026000329;LE2025002882;Änderungsmeldung;01.08.2025;31.12.2026;27.01.2026;Sonstige;Gabapentin Holsten 100 mg Hartkapseln;N03AX12;Gabapentin;nein;Holsten Pharma GmbH - Geschäftsanschrift -;Erhöhte Nachfrage;N/A;Gabapentin Holsten 100 mg Hartkapseln - Einreichungsnummer: 2158851;12.08.2025;Vorgesehen;Hartkapsel;versrel
14330333;2200313;LE2026000327;LE2024001742;Änderungsmeldung;03.05.2024;30.09.2026;27.01.2026;Produktionsproblem;Atomoxetin-neuraxpharm 100 mg Hartkapseln;N06BA09;Atomoxetinhydrochlorid;nein;neuraxpharm Arzneimittel GmbH;Probleme in der Herstellung;N/A;N/A;03.05.2024;Nein;Hartkapsel;weder versrel noch verskri
14330356;2200313;LE2026000327;LE2024001742;Änderungsmeldung;03.05.2024;30.09.2026;27.01.2026;Produktionsproblem;Atomoxetin-neuraxpharm 100 mg Hartkapseln;N06BA09;Atomoxetinhydrochlorid;nein;neuraxpharm Arzneimittel GmbH;Probleme in der Herstellung;N/A;N/A;03.05.2024;Nein;Hartkapsel;weder versrel noch verskri
14330310;2200312;LE2026000326;LE2024001738;Änderungsmeldung;03.05.2024;30.09.2026;27.01.2026;Produktionsproblem;Atomoxetin-neuraxpharm 80 mg Hartkapseln;N06BA09;Atomoxetinhydrochlorid;nein;neuraxpharm Arzneimittel GmbH;Probleme in der Herstellung;N/A;N/A;03.05.2024;Nein;Hartkapsel;weder versrel noch verskri
14330327;2200312;LE2026000326;LE2024001738;Änderungsmeldung;03.05.2024;30.09.2026;27.01.2026;Produktionsproblem;Atomoxetin-neuraxpharm 80 mg Hartkapseln;N06BA09;Atomoxetinhydrochlorid;nein;neuraxpharm Arzneimittel GmbH;Probleme in der Herstellung;N/A;N/A;03.05.2024;Nein;Hartkapsel;weder versrel noch verskri
16337032;2200312;LE2026000326;LE2024001738;Änderungsmeldung;03.05.2024;30.09.2026;27.01.2026;Produktionsproblem;Atomoxetin-neuraxpharm 80 mg Hartkapseln;N06BA09;Atomoxetinhydrochlorid;nein;neuraxpharm Arzneimittel GmbH;Probleme in der Herstellung;N/A;N/A;03.05.2024;Nein;Hartkapsel;weder versrel noch verskri
14330250;2200310;LE2026000325;LE2024001736;Änderungsmeldung;03.05.2024;30.09.2026;27.01.2026;Produktionsproblem;Atomoxetin-neuraxpharm 40 mg Hartkapseln;N06BA09;Atomoxetinhydrochlorid;nein;neuraxpharm Arzneimittel GmbH;Probleme in der Herstellung;N/A;N/A;03.05.2024;Nein;Hartkapsel;weder versrel noch verskri
14330267;2200310;LE2026000325;LE2024001736;Änderungsmeldung;03.05.2024;30.09.2026;27.01.2026;Produktionsproblem;Atomoxetin-neuraxpharm 40 mg Hartkapseln;N06BA09;Atomoxetinhydrochlorid;nein;neuraxpharm Arzneimittel GmbH;Probleme in der Herstellung;N/A;N/A;03.05.2024;Nein;Hartkapsel;weder versrel noch verskri
14330273;2200310;LE2026000325;LE2024001736;Änderungsmeldung;03.05.2024;30.09.2026;27.01.2026;Produktionsproblem;Atomoxetin-neuraxpharm 40 mg Hartkapseln;N06BA09;Atomoxetinhydrochlorid;nein;neuraxpharm Arzneimittel GmbH;Probleme in der Herstellung;N/A;N/A;03.05.2024;Nein;Hartkapsel;weder versrel noch verskri
16337003;2200310;LE2026000325;LE2024001736;Änderungsmeldung;03.05.2024;30.09.2026;27.01.2026;Produktionsproblem;Atomoxetin-neuraxpharm 40 mg Hartkapseln;N06BA09;Atomoxetinhydrochlorid;nein;neuraxpharm Arzneimittel GmbH;Probleme in der Herstellung;N/A;N/A;03.05.2024;Nein;Hartkapsel;weder versrel noch verskri
14330221;2200309;LE2026000324;LE2024001735;Änderungsmeldung;03.05.2024;30.09.2026;27.01.2026;Produktionsproblem;Atomoxetin-neuraxpharm 25 mg Hartkapseln;N06BA09;Atomoxetinhydrochlorid;nein;neuraxpharm Arzneimittel GmbH;Probleme in der Herstellung;N/A;N/A;03.05.2024;Nein;Hartkapsel;weder versrel noch verskri
14330238;2200309;LE2026000324;LE2024001735;Änderungsmeldung;03.05.2024;30.09.2026;27.01.2026;Produktionsproblem;Atomoxetin-neuraxpharm 25 mg Hartkapseln;N06BA09;Atomoxetinhydrochlorid;nein;neuraxpharm Arzneimittel GmbH;Probleme in der Herstellung;N/A;N/A;03.05.2024;Nein;Hartkapsel;weder versrel noch verskri
14330244;2200309;LE2026000324;LE2024001735;Änderungsmeldung;03.05.2024;30.09.2026;27.01.2026;Produktionsproblem;Atomoxetin-neuraxpharm 25 mg Hartkapseln;N06BA09;Atomoxetinhydrochlorid;nein;neuraxpharm Arzneimittel GmbH;Probleme in der Herstellung;N/A;N/A;03.05.2024;Nein;Hartkapsel;weder versrel noch verskri
16336989;2200309;LE2026000324;LE2024001735;Änderungsmeldung;03.05.2024;30.09.2026;27.01.2026;Produktionsproblem;Atomoxetin-neuraxpharm 25 mg Hartkapseln;N06BA09;Atomoxetinhydrochlorid;nein;neuraxpharm Arzneimittel GmbH;Probleme in der Herstellung;N/A;N/A;03.05.2024;Nein;Hartkapsel;weder versrel noch verskri
11692107;2200308;LE2026000323;LE2024001734;Änderungsmeldung;03.05.2024;30.09.2026;27.01.2026;Produktionsproblem;Atomoxetin-neuraxpharm 18 mg Hartkapseln;N06BA09;Atomoxetinhydrochlorid;nein;neuraxpharm Arzneimittel GmbH;Probleme in der Herstellung;n/a;N/A;03.05.2024;Nein;Hartkapsel;weder versrel noch verskri
14330184;2200308;LE2026000323;LE2024001734;Änderungsmeldung;03.05.2024;30.09.2026;27.01.2026;Produktionsproblem;Atomoxetin-neuraxpharm 18 mg Hartkapseln;N06BA09;Atomoxetinhydrochlorid;nein;neuraxpharm Arzneimittel GmbH;Probleme in der Herstellung;n/a;N/A;03.05.2024;Nein;Hartkapsel;weder versrel noch verskri
14330190;2200308;LE2026000323;LE2024001734;Änderungsmeldung;03.05.2024;30.09.2026;27.01.2026;Produktionsproblem;Atomoxetin-neuraxpharm 18 mg Hartkapseln;N06BA09;Atomoxetinhydrochlorid;nein;neuraxpharm Arzneimittel GmbH;Probleme in der Herstellung;n/a;N/A;03.05.2024;Nein;Hartkapsel;weder versrel noch verskri
11692099;2200307;LE2026000322;LE2024001731;Änderungsmeldung;03.05.2024;30.09.2026;27.01.2026;Produktionsproblem;Atomoxetin-neuraxpharm 10 mg Hartkapseln;N06BA09;Atomoxetinhydrochlorid;nein;neuraxpharm Arzneimittel GmbH;Probleme in der Herstellung;n/a;N/A;03.05.2024;Nein;Hartkapsel;weder versrel noch verskri
14330161;2200307;LE2026000322;LE2024001731;Änderungsmeldung;03.05.2024;30.09.2026;27.01.2026;Produktionsproblem;Atomoxetin-neuraxpharm 10 mg Hartkapseln;N06BA09;Atomoxetinhydrochlorid;nein;neuraxpharm Arzneimittel GmbH;Probleme in der Herstellung;n/a;N/A;03.05.2024;Nein;Hartkapsel;weder versrel noch verskri
14330178;2200307;LE2026000322;LE2024001731;Änderungsmeldung;03.05.2024;30.09.2026;27.01.2026;Produktionsproblem;Atomoxetin-neuraxpharm 10 mg Hartkapseln;N06BA09;Atomoxetinhydrochlorid;nein;neuraxpharm Arzneimittel GmbH;Probleme in der Herstellung;n/a;N/A;03.05.2024;Nein;Hartkapsel;weder versrel noch verskri
14330296;2200311;LE2026000321;LE2024001737;Änderungsmeldung;03.05.2024;30.09.2026;27.01.2026;Produktionsproblem;Atomoxetin-neuraxpharm 60 mg Hartkapseln;N06BA09;Atomoxetinhydrochlorid;nein;neuraxpharm Arzneimittel GmbH;Probleme in der Herstellung;N/A;N/A;03.05.2024;Nein;Hartkapsel;weder versrel noch verskri
14330304;2200311;LE2026000321;LE2024001737;Änderungsmeldung;03.05.2024;30.09.2026;27.01.2026;Produktionsproblem;Atomoxetin-neuraxpharm 60 mg Hartkapseln;N06BA09;Atomoxetinhydrochlorid;nein;neuraxpharm Arzneimittel GmbH;Probleme in der Herstellung;N/A;N/A;03.05.2024;Nein;Hartkapsel;weder versrel noch verskri
16337026;2200311;LE2026000321;LE2024001737;Änderungsmeldung;03.05.2024;30.09.2026;27.01.2026;Produktionsproblem;Atomoxetin-neuraxpharm 60 mg Hartkapseln;N06BA09;Atomoxetinhydrochlorid;nein;neuraxpharm Arzneimittel GmbH;Probleme in der Herstellung;N/A;N/A;03.05.2024;Nein;Hartkapsel;weder versrel noch verskri
00334480;0035932;LE2026000257;N/A;Erstmeldung;21.01.2026;31.12.2026;21.01.2026;Produktionsproblem;Endoxan 200 mg;L01AA01;Cyclophosphamid Monohydrat;ja;Baxter Deutschland GmbH;Probleme in der Herstellung;N/A;N/A;21.01.2026;Vorgesehen;Pulver zur Herstellung einer Injektionslösung;verskri (auch versrel)
02738098;0035932;LE2026000257;N/A;Erstmeldung;21.01.2026;31.12.2026;21.01.2026;Produktionsproblem;Endoxan 200 mg;L01AA01;Cyclophosphamid Monohydrat;ja;Baxter Deutschland GmbH;Probleme in der Herstellung;N/A;N/A;21.01.2026;Vorgesehen;Pulver zur Herstellung einer Injektionslösung;verskri (auch versrel)
00334511;0035926;LE2026000256;N/A;Erstmeldung;21.01.2026;31.12.2026;21.01.2026;Produktionsproblem;Endoxan 500 mg;L01AA01;Cyclophosphamid Monohydrat;ja;Baxter Deutschland GmbH;Probleme in der Herstellung;N/A;N/A;21.01.2026;Vorgesehen;Pulver zur Herstellung einer Injektionslösung;verskri (auch versrel)
01667261;0035926;LE2026000256;N/A;Erstmeldung;21.01.2026;31.12.2026;21.01.2026;Produktionsproblem;Endoxan 500 mg;L01AA01;Cyclophosphamid Monohydrat;ja;Baxter Deutschland GmbH;Probleme in der Herstellung;N/A;N/A;21.01.2026;Vorgesehen;Pulver zur Herstellung einer Injektionslösung;verskri (auch versrel)
06317560;0035926;LE2026000256;N/A;Erstmeldung;21.01.2026;31.12.2026;21.01.2026;Produktionsproblem;Endoxan 500 mg;L01AA01;Cyclophosphamid Monohydrat;ja;Baxter Deutschland GmbH;Probleme in der Herstellung;N/A;N/A;21.01.2026;Vorgesehen;Pulver zur Herstellung einer Injektionslösung;verskri (auch versrel)
00334528;0035903;LE2026000255;N/A;Erstmeldung;21.01.2026;31.12.2026;21.01.2026;Produktionsproblem;Endoxan 1 g;L01AA01;Cyclophosphamid Monohydrat;ja;Baxter Deutschland GmbH;Probleme in der Herstellung;N/A;N/A;21.01.2026;Vorgesehen;Pulver zur Herstellung einer Injektionslösung;verskri (auch versrel)
01469644;0035903;LE2026000255;N/A;Erstmeldung;21.01.2026;31.12.2026;21.01.2026;Produktionsproblem;Endoxan 1 g;L01AA01;Cyclophosphamid Monohydrat;ja;Baxter Deutschland GmbH;Probleme in der Herstellung;N/A;N/A;21.01.2026;Vorgesehen;Pulver zur Herstellung einer Injektionslösung;verskri (auch versrel)
06317577;0035903;LE2026000255;N/A;Erstmeldung;21.01.2026;31.12.2026;21.01.2026;Produktionsproblem;Endoxan 1 g;L01AA01;Cyclophosphamid Monohydrat;ja;Baxter Deutschland GmbH;Probleme in der Herstellung;N/A;N/A;21.01.2026;Vorgesehen;Pulver zur Herstellung einer Injektionslösung;verskri (auch versrel)
00081464;2117803;LE2026000252;N/A;Erstmeldung;21.01.2026;31.12.2026;21.01.2026;Produktionsproblem;Holoxan;L01AA06;Ifosfamid;ja;Baxter Deutschland GmbH;Probleme in der Herstellung;N/A;N/A;21.01.2026;Vorgesehen;Pulver zur Herstellung einer Injektionslösung;verskri (auch versrel)
00081470;2117803;LE2026000252;N/A;Erstmeldung;21.01.2026;31.12.2026;21.01.2026;Produktionsproblem;Holoxan;L01AA06;Ifosfamid;ja;Baxter Deutschland GmbH;Probleme in der Herstellung;N/A;N/A;21.01.2026;Vorgesehen;Pulver zur Herstellung einer Injektionslösung;verskri (auch versrel)
01927549;2117803;LE2026000252;N/A;Erstmeldung;21.01.2026;31.12.2026;21.01.2026;Produktionsproblem;Holoxan;L01AA06;Ifosfamid;ja;Baxter Deutschland GmbH;Probleme in der Herstellung;N/A;N/A;21.01.2026;Vorgesehen;Pulver zur Herstellung einer Injektionslösung;verskri (auch versrel)
01927555;2117803;LE2026000252;N/A;Erstmeldung;21.01.2026;31.12.2026;21.01.2026;Produktionsproblem;Holoxan;L01AA06;Ifosfamid;ja;Baxter Deutschland GmbH;Probleme in der Herstellung;N/A;N/A;21.01.2026;Vorgesehen;Pulver zur Herstellung einer Injektionslösung;verskri (auch versrel)
01927561;2117803;LE2026000252;N/A;Erstmeldung;21.01.2026;31.12.2026;21.01.2026;Produktionsproblem;Holoxan;L01AA06;Ifosfamid;ja;Baxter Deutschland GmbH;Probleme in der Herstellung;N/A;N/A;21.01.2026;Vorgesehen;Pulver zur Herstellung einer Injektionslösung;verskri (auch versrel)
01927578;2117803;LE2026000252;N/A;Erstmeldung;21.01.2026;31.12.2026;21.01.2026;Produktionsproblem;Holoxan;L01AA06;Ifosfamid;ja;Baxter Deutschland GmbH;Probleme in der Herstellung;N/A;N/A;21.01.2026;Vorgesehen;Pulver zur Herstellung einer Injektionslösung;verskri (auch versrel)
00366965;2142219;LE2026000218;LE2025001936;Änderungsmeldung;02.06.2025;31.12.2026;16.01.2026;Produktionsproblem;Nitrendipin Aristo 20 mg Filmtabletten;C08CA08;Nitrendipin;nein;Aristo Pharma GmbH;Probleme bei der Chargenprüfung;N/A;N/A;05.06.2025;Vorgesehen;Filmtablette;weder versrel noch verskri
00366971;2142219;LE2026000218;LE2025001936;Änderungsmeldung;02.06.2025;31.12.2026;16.01.2026;Produktionsproblem;Nitrendipin Aristo 20 mg Filmtabletten;C08CA08;Nitrendipin;nein;Aristo Pharma GmbH;Probleme bei der Chargenprüfung;N/A;N/A;05.06.2025;Vorgesehen;Filmtablette;weder versrel noch verskri
00366988;2142219;LE2026000218;LE2025001936;Änderungsmeldung;02.06.2025;31.12.2026;16.01.2026;Produktionsproblem;Nitrendipin Aristo 20 mg Filmtabletten;C08CA08;Nitrendipin;nein;Aristo Pharma GmbH;Probleme bei der Chargenprüfung;N/A;N/A;05.06.2025;Vorgesehen;Filmtablette;weder versrel noch verskri
08832705;2155140;LE2026000215;LE2025000982;Änderungsmeldung;24.03.2025;31.03.2027;16.01.2026;Produktionsproblem;OsvaRen;V03AE04;"Calciumacetat; Schweres, basisches Magnesiumcarbonat";nein;Fresenius Medical Care Nephrologica Deutschland GmbH;Probleme in der Herstellung;N/A;N/A;21.03.2025;Nein;Filmtablette;weder versrel noch verskri
00267217;2188455;LE2026000195;LE2024001130;Änderungsmeldung;14.03.2024;04.08.2026;15.01.2026;Sonstige;Buprenorphin AWD Matrix 70 Mikrogramm/h Transdermales Pflaster;N02AE01;Buprenorphin;nein;TEVA GmbH;Erhöhte Nachfrage;N/A;N/A;13.03.2024;Vorgesehen;transdermales Pflaster;verskri (auch versrel)
04407891;2188455;LE2026000195;LE2024001130;Änderungsmeldung;14.03.2024;04.08.2026;15.01.2026;Sonstige;Buprenorphin AWD Matrix 70 Mikrogramm/h Transdermales Pflaster;N02AE01;Buprenorphin;nein;TEVA GmbH;Erhöhte Nachfrage;N/A;N/A;13.03.2024;Vorgesehen;transdermales Pflaster;verskri (auch versrel)
04410108;2188455;LE2026000195;LE2024001130;Änderungsmeldung;14.03.2024;04.08.2026;15.01.2026;Sonstige;Buprenorphin AWD Matrix 70 Mikrogramm/h Transdermales Pflaster;N02AE01;Buprenorphin;nein;TEVA GmbH;Erhöhte Nachfrage;N/A;N/A;13.03.2024;Vorgesehen;transdermales Pflaster;verskri (auch versrel)
11856810;2188455;LE2026000195;LE2024001130;Änderungsmeldung;14.03.2024;04.08.2026;15.01.2026;Sonstige;Buprenorphin AWD Matrix 70 Mikrogramm/h Transdermales Pflaster;N02AE01;Buprenorphin;nein;TEVA GmbH;Erhöhte Nachfrage;N/A;N/A;13.03.2024;Vorgesehen;transdermales Pflaster;verskri (auch versrel)
11856827;2188455;LE2026000195;LE2024001130;Änderungsmeldung;14.03.2024;04.08.2026;15.01.2026;Sonstige;Buprenorphin AWD Matrix 70 Mikrogramm/h Transdermales Pflaster;N02AE01;Buprenorphin;nein;TEVA GmbH;Erhöhte Nachfrage;N/A;N/A;13.03.2024;Vorgesehen;transdermales Pflaster;verskri (auch versrel)
00262332;2188454;LE2026000194;LE2024001129;Änderungsmeldung;14.03.2024;04.08.2026;15.01.2026;Sonstige;Buprenorphin AWD Matrix 52,5 Mikrogramm/h Transdermales Pflaster;N02AE01;Buprenorphin;nein;TEVA GmbH;Erhöhte Nachfrage;N/A;N/A;13.03.2024;Vorgesehen;transdermales Pflaster;verskri (auch versrel)
00262349;2188454;LE2026000194;LE2024001129;Änderungsmeldung;14.03.2024;04.08.2026;15.01.2026;Sonstige;Buprenorphin AWD Matrix 52,5 Mikrogramm/h Transdermales Pflaster;N02AE01;Buprenorphin;nein;TEVA GmbH;Erhöhte Nachfrage;N/A;N/A;13.03.2024;Vorgesehen;transdermales Pflaster;verskri (auch versrel)
00266531;2188454;LE2026000194;LE2024001129;Änderungsmeldung;14.03.2024;04.08.2026;15.01.2026;Sonstige;Buprenorphin AWD Matrix 52,5 Mikrogramm/h Transdermales Pflaster;N02AE01;Buprenorphin;nein;TEVA GmbH;Erhöhte Nachfrage;N/A;N/A;13.03.2024;Vorgesehen;transdermales Pflaster;verskri (auch versrel)
04407129;2188454;LE2026000194;LE2024001129;Änderungsmeldung;14.03.2024;04.08.2026;15.01.2026;Sonstige;Buprenorphin AWD Matrix 52,5 Mikrogramm/h Transdermales Pflaster;N02AE01;Buprenorphin;nein;TEVA GmbH;Erhöhte Nachfrage;N/A;N/A;13.03.2024;Vorgesehen;transdermales Pflaster;verskri (auch versrel)
04407170;2188454;LE2026000194;LE2024001129;Änderungsmeldung;14.03.2024;04.08.2026;15.01.2026;Sonstige;Buprenorphin AWD Matrix 52,5 Mikrogramm/h Transdermales Pflaster;N02AE01;Buprenorphin;nein;TEVA GmbH;Erhöhte Nachfrage;N/A;N/A;13.03.2024;Vorgesehen;transdermales Pflaster;verskri (auch versrel)
07563373;2188450;LE2026000189;LE2024001105;Änderungsmeldung;13.03.2024;04.08.2026;15.01.2026;Sonstige;Buprenorphin-ratiopharm 35 Mikrogramm/h Transdermales Pflaster;N02AE01;Buprenorphin;nein;ratiopharm GmbH;Erhöhte Nachfrage;N/A;N/A;13.03.2024;Vorgesehen;transdermales Pflaster;verskri (auch versrel)
07563410;2188450;LE2026000189;LE2024001105;Änderungsmeldung;13.03.2024;04.08.2026;15.01.2026;Sonstige;Buprenorphin-ratiopharm 35 Mikrogramm/h Transdermales Pflaster;N02AE01;Buprenorphin;nein;ratiopharm GmbH;Erhöhte Nachfrage;N/A;N/A;13.03.2024;Vorgesehen;transdermales Pflaster;verskri (auch versrel)
07563433;2188451;LE2026000188;LE2024001106;Änderungsmeldung;13.03.2024;04.08.2026;15.01.2026;Sonstige;Buprenorphin-ratiopharm 52,5 Mikrogramm/h Transdermales Pflaster;N02AE01;Buprenorphin;nein;ratiopharm GmbH;Erhöhte Nachfrage;N/A;N/A;13.03.2024;Vorgesehen;transdermales Pflaster;verskri (auch versrel)
07563462;2188451;LE2026000188;LE2024001106;Änderungsmeldung;13.03.2024;04.08.2026;15.01.2026;Sonstige;Buprenorphin-ratiopharm 52,5 Mikrogramm/h Transdermales Pflaster;N02AE01;Buprenorphin;nein;ratiopharm GmbH;Erhöhte Nachfrage;N/A;N/A;13.03.2024;Vorgesehen;transdermales Pflaster;verskri (auch versrel)
07563485;2188451;LE2026000188;LE2024001106;Änderungsmeldung;13.03.2024;04.08.2026;15.01.2026;Sonstige;Buprenorphin-ratiopharm 52,5 Mikrogramm/h Transdermales Pflaster;N02AE01;Buprenorphin;nein;ratiopharm GmbH;Erhöhte Nachfrage;N/A;N/A;13.03.2024;Vorgesehen;transdermales Pflaster;verskri (auch versrel)
07563516;2188452;LE2026000187;LE2024001107;Änderungsmeldung;13.03.2024;04.08.2026;15.01.2026;Sonstige;Buprenorphin-ratiopharm 70 Mikrogramm/h Transdermales Pflaster;N02AE01;Buprenorphin;nein;ratiopharm GmbH;Erhöhte Nachfrage;N/A;N/A;13.03.2024;Vorgesehen;transdermales Pflaster;verskri (auch versrel)
07563539;2188452;LE2026000187;LE2024001107;Änderungsmeldung;13.03.2024;04.08.2026;15.01.2026;Sonstige;Buprenorphin-ratiopharm 70 Mikrogramm/h Transdermales Pflaster;N02AE01;Buprenorphin;nein;ratiopharm GmbH;Erhöhte Nachfrage;N/A;N/A;13.03.2024;Vorgesehen;transdermales Pflaster;verskri (auch versrel)
07563551;2188452;LE2026000187;LE2024001107;Änderungsmeldung;13.03.2024;04.08.2026;15.01.2026;Sonstige;Buprenorphin-ratiopharm 70 Mikrogramm/h Transdermales Pflaster;N02AE01;Buprenorphin;nein;ratiopharm GmbH;Erhöhte Nachfrage;N/A;N/A;13.03.2024;Vorgesehen;transdermales Pflaster;verskri (auch versrel)
07666245;2119725;LE2026000170;LE2025004070;Änderungsmeldung;01.12.2025;30.09.2026;14.01.2026;Sonstige;Minprostin E2 Vaginalgel 2mg;G02AD02;Dinoproston;ja;Pfizer Pharma GmbH;Probleme beim Wirkstoffhersteller;N/A;N/A;14.11.2025;Nein;Vaginalgel;verskri (auch versrel)
01434918;0085746;LE2026000155;LE2025001451;Änderungsmeldung;14.04.2025;31.12.2026;13.01.2026;Sonstige;Urbason solubile forte 250 mg;H02AB04;Natrium(methylprednisolon-21-succinat);nein;FIDIA FARMACEUTICI SPA;Erhöhte Nachfrage;The current reason of shortage is an increase of sales due to shortage of competitor. Furthermore, for next batches to be manufactured and released, we are working on the switch from current finish product manufacturer to a new one.;Methylprednisolon acis 250 mg Pulver und Lösungsmittel zur Herstellung einer Injektions- bzw. Infusionslösung - Einreichungsnummer: 2189738;29.04.2025;Nein;Pulver zur Herstellung einer Injektions- bzw. Infusionslösung,Lösungsmittel;weder versrel noch verskri
01646632;0085746;LE2026000155;LE2025001451;Änderungsmeldung;14.04.2025;31.12.2026;13.01.2026;Sonstige;Urbason solubile forte 250 mg;H02AB04;Natrium(methylprednisolon-21-succinat);nein;FIDIA FARMACEUTICI SPA;Erhöhte Nachfrage;The current reason of shortage is an increase of sales due to shortage of competitor. Furthermore, for next batches to be manufactured and released, we are working on the switch from current finish product manufacturer to a new one.;Methylprednisolon acis 250 mg Pulver und Lösungsmittel zur Herstellung einer Injektions- bzw. Infusionslösung - Einreichungsnummer: 2189738;29.04.2025;Nein;Pulver zur Herstellung einer Injektions- bzw. Infusionslösung,Lösungsmittel;weder versrel noch verskri
03286994;0085746;LE2026000155;LE2025001451;Änderungsmeldung;14.04.2025;31.12.2026;13.01.2026;Sonstige;Urbason solubile forte 250 mg;H02AB04;Natrium(methylprednisolon-21-succinat);nein;FIDIA FARMACEUTICI SPA;Erhöhte Nachfrage;The current reason of shortage is an increase of sales due to shortage of competitor. Furthermore, for next batches to be manufactured and released, we are working on the switch from current finish product manufacturer to a new one.;Methylprednisolon acis 250 mg Pulver und Lösungsmittel zur Herstellung einer Injektions- bzw. Infusionslösung - Einreichungsnummer: 2189738;29.04.2025;Nein;Pulver zur Herstellung einer Injektions- bzw. Infusionslösung,Lösungsmittel;weder versrel noch verskri
12549961;2183890;LE2026000148;LE2025003924;Änderungsmeldung;04.07.2025;31.12.2026;13.01.2026;Produktionsproblem;Levetiracetam Holsten 250 mg Filmtabletten;N03AX14;Levetiracetam;nein;Holsten Pharma GmbH - Geschäftsanschrift -;Probleme in der Herstellung;N/A;Levetiracetam Holsten 500 mg Filmtabletten - Einreichungsnummer: 2183891;04.11.2025;Vorgesehen;Filmtablette;versrel
12549978;2183890;LE2026000148;LE2025003924;Änderungsmeldung;04.07.2025;31.12.2026;13.01.2026;Produktionsproblem;Levetiracetam Holsten 250 mg Filmtabletten;N03AX14;Levetiracetam;nein;Holsten Pharma GmbH - Geschäftsanschrift -;Probleme in der Herstellung;N/A;Levetiracetam Holsten 500 mg Filmtabletten - Einreichungsnummer: 2183891;04.11.2025;Vorgesehen;Filmtablette;versrel
12549984;2183890;LE2026000148;LE2025003924;Änderungsmeldung;04.07.2025;31.12.2026;13.01.2026;Produktionsproblem;Levetiracetam Holsten 250 mg Filmtabletten;N03AX14;Levetiracetam;nein;Holsten Pharma GmbH - Geschäftsanschrift -;Probleme in der Herstellung;N/A;Levetiracetam Holsten 500 mg Filmtabletten - Einreichungsnummer: 2183891;04.11.2025;Vorgesehen;Filmtablette;versrel
12344590;2613347;LE2026000118;LE2021001344;Änderungsmeldung;01.05.2019;31.01.2027;11.01.2026;Sonstige;FibCLOT;B02BB01;Fibrinogen vom Menschen;ja;Laboratoire Francais du Fractionnement et des Biotechnologies;Unzureichende Produktionskapazitäten;N/A;Fibryga - Einreichungsnummer: 2613723;28.05.2019;Nein;Pulver,Lösungsmittel;weder versrel noch verskri
18229766;7005734;LE2026000092;LE2025001415;Änderungsmeldung;31.05.2025;31.12.2026;08.01.2026;Sonstige;Kirsty 100 Einheiten/ml Injektionslösung im Fertigpen;A10AB05;Insulin aspart;ja;Biosimilar Collaborations Ireland Limited;Probleme beim Sonstigen Hersteller;N/A;NovoRapid FlexPen 100 E/ml Injektionslösung in einem vorgefülltem Injektor - OP(10x3ml) - Einreichungsnummer: 2702319;25.04.2025;Nein;Injektionslösung;weder versrel noch verskri
18229743;7005733;LE2026000091;LE2025001414;Änderungsmeldung;31.05.2025;31.12.2026;08.01.2026;Sonstige;Kirsty 100 Einheiten/ml Injektionslösung im Fertigpen;A10AB05;Insulin aspart;ja;Biosimilar Collaborations Ireland Limited;Probleme beim Sonstigen Hersteller;N/A;NovoRapid FlexPen 100 E/ml Injektionslösung in einem vorgefülltem Injektor - OP(5x3ml) - Einreichungsnummer: 2796500;25.04.2025;Nein;Injektionslösung;weder versrel noch verskri
10757371;2151199;LE2026000056;LE2024003981;Änderungsmeldung;15.11.2024;31.12.2026;07.01.2026;Produktionsproblem;Doxorubicinhydrochlorid Bendalis 2 mg/ml;L01DB01;Doxorubicinhydrochlorid;nein;Bendalis GmbH;Probleme in der Herstellung;Die Produktionsprobleme beim bisherigen Lohnhersteller des Arzneimittels bestehen weiterhin.Der Produkttransfer zu einem neuen zusätzlichen Lohnhersteller ist initiiert. Nach Vorliegen der Validierungsdaten aus der Produktion und Analytik erfolgt die entsprechende Änderungsanzeige.;Doxorubicin HEXAL 2 mg/ml - Einreichungsnummer: 2109075;31.10.2024;Vorgesehen;Injektionslösung;weder versrel noch verskri
00860926;2106568;LE2026000053;LE2022001993;Änderungsmeldung;09.12.2022;31.12.2026;07.01.2026;Produktionsproblem;Somatostatin 3 mg Inresa;H01CB01;Somatostatinacetat;ja;Inresa Arzneimittel GmbH;Probleme in der Herstellung;N/A;N/A;11.10.2022;Nein;Pulver zur Herstellung einer Infusionslösung;verskri (auch versrel)
00860984;2106568;LE2026000053;LE2022001993;Änderungsmeldung;09.12.2022;31.12.2026;07.01.2026;Produktionsproblem;Somatostatin 3 mg Inresa;H01CB01;Somatostatinacetat;ja;Inresa Arzneimittel GmbH;Probleme in der Herstellung;N/A;N/A;11.10.2022;Nein;Pulver zur Herstellung einer Infusionslösung;verskri (auch versrel)
01442993;0813022;LE2026000035;LE2021005290;Änderungsmeldung;24.02.2021;31.12.2026;05.01.2026;Sonstige;Antidotum Thallii-Heyl;TERM_ID_NA_2090010126;Eisen(III)-hexacyanoferrat(II);ja;H e y l Chemisch-pharmazeutische Fabrik GmbH & Co. KG;Sonstige;Durch die Betriebsschließung des bisherigen Lohnherstellers Haupt Pharma Berlin GmbH müssen die Produkte zu einem neuen Lohnhersteller transferiert werden. Dabei wurde Antidotum Thallii vom Produkttransfer aus wirtschaftlichen Gründen von bisher allen, verfügbaren Herstellern ausgeschlossenn.;Radiogardase - Cs - Einreichungsnummer: 0813163;18.11.2021;Nein;Hartkapsel;verskri (auch versrel)
06964414;2602432;LE2026000008;LE2021002946;Änderungsmeldung;01.03.2021;31.12.2026;02.01.2026;Sonstige;OncoTICE;L03AX03;BCG-Bakterien, Stamm TICE, lebend, attenuiert;ja;MSD Sharp & Dohme Gesellschaft mit beschränkter Haftung;Unzureichende Produktionskapazitäten;Verknappung der Packungsgröße;BCG-medac - Einreichungsnummer: 2602431;18.03.2021;Nein;Lyophilisat;versrel
99999999;2602432;LE2026000008;LE2021002946;Änderungsmeldung;01.03.2021;31.12.2026;02.01.2026;Sonstige;OncoTICE;L03AX03;BCG-Bakterien, Stamm TICE, lebend, attenuiert;ja;MSD Sharp & Dohme Gesellschaft mit beschränkter Haftung;Unzureichende Produktionskapazitäten;Verknappung der Packungsgröße;BCG-medac - Einreichungsnummer: 2602431;18.03.2021;Nein;Lyophilisat;versrel
14256855;2198721;LE2025004614;LE2024003292;Änderungsmeldung;02.09.2024;31.07.2026;18.12.2025;Sonstige;Hydromorphon PAINBREAK 8 mg Retardtabletten;N02AA03;Hydromorphonhydrochlorid;ja;PB Pharma GmbH;Erhöhte Nachfrage;N/A;Palladone retard 8 mg - Einreichungsnummer: 2182662;04.09.2024;Vorgesehen;Retardtablette;verskri (auch versrel)
14256826;2198720;LE2025004613;LE2024003291;Änderungsmeldung;02.09.2024;31.07.2026;18.12.2025;Sonstige;Hydromorphon PAINBREAK 4 mg Retardtabletten;N02AA03;Hydromorphonhydrochlorid;ja;PB Pharma GmbH;Erhöhte Nachfrage;N/A;Palladone retard 4 mg - Einreichungsnummer: 2182661;04.09.2024;Vorgesehen;Retardtablette;verskri (auch versrel)
14256915;2198723;LE2025004612;LE2024003294;Änderungsmeldung;02.09.2024;31.07.2026;18.12.2025;Sonstige;Hydromorphon PAINBREAK 24 mg Retardtabletten;N02AA03;Hydromorphonhydrochlorid;ja;PB Pharma GmbH;Erhöhte Nachfrage;N/A;Palladone retard 24 mg - Einreichungsnummer: 2182664;04.09.2024;Vorgesehen;Retardtablette;verskri (auch versrel)
14256921;2198723;LE2025004612;LE2024003294;Änderungsmeldung;02.09.2024;31.07.2026;18.12.2025;Sonstige;Hydromorphon PAINBREAK 24 mg Retardtabletten;N02AA03;Hydromorphonhydrochlorid;ja;PB Pharma GmbH;Erhöhte Nachfrage;N/A;Palladone retard 24 mg - Einreichungsnummer: 2182664;04.09.2024;Vorgesehen;Retardtablette;verskri (auch versrel)
14256884;2198722;LE2025004609;LE2024003293;Änderungsmeldung;02.09.2024;31.07.2026;18.12.2025;Sonstige;Hydromorphon PAINBREAK 16 mg Retardtabletten;N02AA03;Hydromorphonhydrochlorid;ja;PB Pharma GmbH;Erhöhte Nachfrage;N/A;Palladone retard 16 mg - Einreichungsnummer: 2182663;04.09.2024;Vorgesehen;Retardtablette;verskri (auch versrel)
14256890;2198722;LE2025004609;LE2024003293;Änderungsmeldung;02.09.2024;31.07.2026;18.12.2025;Sonstige;Hydromorphon PAINBREAK 16 mg Retardtabletten;N02AA03;Hydromorphonhydrochlorid;ja;PB Pharma GmbH;Erhöhte Nachfrage;N/A;Palladone retard 16 mg - Einreichungsnummer: 2182663;04.09.2024;Vorgesehen;Retardtablette;verskri (auch versrel)
00000000;0625007;LE2025004456;LE2021003796;Änderungsmeldung;01.07.2019;31.12.2026;10.12.2025;Produktionsproblem;Hydrocortison PANPHARMA 100 mg;H02AB09;Natrium(hydrocortison-21-succinat);ja;PANPHARMA GmbH;GMP Mängel;N/A;HYDROCORTISON Pfizer 100 mg sine - Einreichungsnummer: 0177448;26.07.2019;Ja;Pulver zur Herstellung einer Injektions-/Infusionslösung,Lösungsmittel;verskri (auch versrel)
08625171;2141297;LE2025004437;N/A;Erstmeldung;06.10.2025;05.10.2028;10.12.2025;Sonstige;Blopress 16 mg;C09CA06;Candesartancilexetil;nein;Cheplapharm Arzneimittel GmbH;Sonstige;discontinuation of this pack size;Blopress 16 mg - Einreichungsnummer: 2141297;10.12.2025;Nein;Tablette;weder versrel noch verskri
11509818;2182006;LE2025004369;LE2025002187;Änderungsmeldung;01.05.2025;31.10.2026;05.12.2025;Produktionsproblem;Ipratropiumbromid 250 Mikrogramm / 1 ml Stulln;R03BB01;Ipratropiumbromid;ja;Penta Arzneimittel GmbH;Probleme in der Herstellung;N/A;N/A;30.06.2025;Nein;Lösung für einen Vernebler;weder versrel noch verskri
07587132;2195550;LE2025004322;LE2023002447;Änderungsmeldung;01.05.2022;31.12.2026;03.12.2025;Produktionsproblem;Bendamustin beta 180 mg/4 ml Konzentrat zur Herstellung einer Infusionslösung;L01AA09;Bendamustinhydrochlorid-Monohydrat;ja;betapharm Arzneimittel GmbH;Sonstige;Shortage is linked to the API. Although Type II variation which was submitted in Nov 2021 got approved, api production could not be started since other changes were submitted via variation DE/H/4539/001/IB/019 which has been finally approved in May 2023.;N/A;23.06.2023;Nein;Konzentrat zur Herstellung einer Infusionslösung;weder versrel noch verskri
01684503;3002180;LE2025004286;LE2025001731;Änderungsmeldung;01.05.2025;31.12.2026;02.12.2025;Sonstige;Metypred forte 1000mg GALEN;H02AB04;Natrium(methylprednisolon-21-succinat);nein;GALENpharma GmbH;Sonstige;N/A;Urbason solubile forte 1000 mg - Einreichungsnummer: 0085717;20.05.2025;Nein;Pulver zur Herstellung einer Injektions- bzw. Infusionslösung,Lösungsmittel;weder versrel noch verskri
05020757;3002180;LE2025004286;LE2025001731;Änderungsmeldung;01.05.2025;31.12.2026;02.12.2025;Sonstige;Metypred forte 1000mg GALEN;H02AB04;Natrium(methylprednisolon-21-succinat);nein;GALENpharma GmbH;Sonstige;N/A;Urbason solubile forte 1000 mg - Einreichungsnummer: 0085717;20.05.2025;Nein;Pulver zur Herstellung einer Injektions- bzw. Infusionslösung,Lösungsmittel;weder versrel noch verskri
09087480;3002180;LE2025004286;LE2025001731;Änderungsmeldung;01.05.2025;31.12.2026;02.12.2025;Sonstige;Metypred forte 1000mg GALEN;H02AB04;Natrium(methylprednisolon-21-succinat);nein;GALENpharma GmbH;Sonstige;N/A;Urbason solubile forte 1000 mg - Einreichungsnummer: 0085717;20.05.2025;Nein;Pulver zur Herstellung einer Injektions- bzw. Infusionslösung,Lösungsmittel;weder versrel noch verskri
01684472;3002126;LE2025004285;LE2025001732;Änderungsmeldung;01.05.2025;31.12.2026;02.12.2025;Sonstige;Metypred 250mg GALEN;H02AB04;Natrium(methylprednisolon-21-succinat);nein;GALENpharma GmbH;Sonstige;N/A;Urbason solubile forte 250 mg - Einreichungsnummer: 0085746;20.05.2025;Nein;Pulver zur Herstellung einer Injektions- bzw. Infusionslösung,Lösungsmittel;weder versrel noch verskri
11359916;3002126;LE2025004285;LE2025001732;Änderungsmeldung;01.05.2025;31.12.2026;02.12.2025;Sonstige;Metypred 250mg GALEN;H02AB04;Natrium(methylprednisolon-21-succinat);nein;GALENpharma GmbH;Sonstige;N/A;Urbason solubile forte 250 mg - Einreichungsnummer: 0085746;20.05.2025;Nein;Pulver zur Herstellung einer Injektions- bzw. Infusionslösung,Lösungsmittel;weder versrel noch verskri
01684466;3002179;LE2025004284;LE2025001733;Änderungsmeldung;01.05.2025;31.12.2026;02.12.2025;Sonstige;Metypred 125mg GALEN;H02AB04;Natrium(methylprednisolon-21-succinat);nein;GALENpharma GmbH;Sonstige;N/A;N/A;20.05.2025;Nein;Pulver zur Herstellung einer Injektions- bzw. Infusionslösung,Lösungsmittel;weder versrel noch verskri
09670044;2197976;LE2025004200;LE2025001060;Änderungsmeldung;28.03.2025;01.12.2026;27.11.2025;Sonstige;Atorvastatin Aristo 80 mg Filmtabletten;C10AA05;Atorvastatin-Calcium-Trihydrat (Ph.Eur.);nein;Aristo Pharma GmbH;Erhöhte Nachfrage;N/A;N/A;28.03.2025;Vorgesehen;Filmtablette;versrel
09670050;2197976;LE2025004200;LE2025001060;Änderungsmeldung;28.03.2025;01.12.2026;27.11.2025;Sonstige;Atorvastatin Aristo 80 mg Filmtabletten;C10AA05;Atorvastatin-Calcium-Trihydrat (Ph.Eur.);nein;Aristo Pharma GmbH;Erhöhte Nachfrage;N/A;N/A;28.03.2025;Vorgesehen;Filmtablette;versrel
09670067;2197976;LE2025004200;LE2025001060;Änderungsmeldung;28.03.2025;01.12.2026;27.11.2025;Sonstige;Atorvastatin Aristo 80 mg Filmtabletten;C10AA05;Atorvastatin-Calcium-Trihydrat (Ph.Eur.);nein;Aristo Pharma GmbH;Erhöhte Nachfrage;N/A;N/A;28.03.2025;Vorgesehen;Filmtablette;versrel
13248285;2163101;LE2025004189;LE2025002883;Änderungsmeldung;17.07.2025;31.12.2026;26.11.2025;Produktionsproblem;Gabapentin Holsten 800 mg Filmtabletten;N03AX12;Gabapentin;nein;Holsten Pharma GmbH - Geschäftsanschrift -;Herstellerwechsel;N/A;Gabapentin Holsten 800 mg Filmtabletten - Einreichungsnummer: 2163101;12.08.2025;Vorgesehen;Filmtablette;versrel
13248322;2163101;LE2025004189;LE2025002883;Änderungsmeldung;17.07.2025;31.12.2026;26.11.2025;Produktionsproblem;Gabapentin Holsten 800 mg Filmtabletten;N03AX12;Gabapentin;nein;Holsten Pharma GmbH - Geschäftsanschrift -;Herstellerwechsel;N/A;Gabapentin Holsten 800 mg Filmtabletten - Einreichungsnummer: 2163101;12.08.2025;Vorgesehen;Filmtablette;versrel
05376371;2705660, 2705664;LE2025004090;LE2025004002;Änderungsmeldung;01.09.2026;01.05.2027;18.11.2025;Produktionsproblem;Javlor 25 mg/ml Konzentrat zur Herstellung einer Infusionslösung - OP(1x2ml);L01CA05;Vinfluninbis[(R,R)-tartrat];ja;Pierre Fabre Medicament;Probleme in der Herstellung;siehe ESMP-Meldung und Attachment;Javlor 25 mg/ml Konzentrat zur Herstellung einer Infusionslösung - OP(1x10ml) - Einreichungsnummer: 2705664;10.11.2025;Nein;Konzentrat zur Herstellung einer Infusionslösung;weder versrel noch verskri
05376419;2705660, 2705664;LE2025004090;LE2025004002;Änderungsmeldung;01.09.2026;01.05.2027;18.11.2025;Produktionsproblem;Javlor 25 mg/ml Konzentrat zur Herstellung einer Infusionslösung - OP(1x2ml);L01CA05;Vinfluninbis[(R,R)-tartrat];ja;Pierre Fabre Medicament;Probleme in der Herstellung;siehe ESMP-Meldung und Attachment;Javlor 25 mg/ml Konzentrat zur Herstellung einer Infusionslösung - OP(1x10ml) - Einreichungsnummer: 2705664;10.11.2025;Nein;Konzentrat zur Herstellung einer Infusionslösung;weder versrel noch verskri
13248173;2158852;LE2025003942;LE2025002991;Änderungsmeldung;04.07.2025;31.12.2026;04.11.2025;Sonstige;Gabapentin Holsten 300 mg Hartkapseln;N03AX12;Gabapentin;nein;Holsten Pharma GmbH - Geschäftsanschrift -;Erhöhte Nachfrage;N/A;Gabapentin Holsten 300 mg Hartkapseln - Einreichungsnummer: 2158852;21.08.2025;Vorgesehen;Hartkapsel;versrel
20083293;2670699;LE2025003774;N/A;Erstmeldung;17.09.2025;26.06.2026;28.10.2025;Produktionsproblem;Scintimun;V09HA03;Besilesomab;nein;TELIX INNOVATIONS Rechtsform: S.A.;Probleme in der Herstellung;Please refer to the EMA shortage notification form dated from 26 August 2025;EFDEGE 1 GBq/ml, Injektionslösung - Einreichungsnummer: 2159726;28.10.2025;Nein;Pulver,Pulver;weder versrel noch verskri
08778093;2700480;LE2025003708;LE2025001911;Änderungsmeldung;09.06.2025;30.06.2027;23.10.2025;Sonstige;NeoRecormon 5000 IE Injektionslösung in Fertigspritze - OP6;B03XA;Epoetin beta;ja;Roche Registration GmbH;Unzureichende Produktionskapazitäten;N/A;NeoRecormon 5000 IE Injektionslösung in Fertigspritze - OP6 - Einreichungsnummer: 2793449;03.06.2025;Vorgesehen;Injektionslösung;versrel
08778087;2700478;LE2025003707;LE2025002283;Änderungsmeldung;07.07.2025;30.06.2027;23.10.2025;Sonstige;NeoRecormon 3000 IE Injektionslösung in Fertigspritze - OP6;B03XA;Epoetin beta;ja;Roche Registration GmbH;Unzureichende Produktionskapazitäten;Shutdown for annex I implementation;NeoRecormon 3000 IE Injektionslösung in Fertigspritze - OP1 - Einreichungsnummer: 2700477;02.07.2025;Vorgesehen;Injektionslösung;versrel
00364825;2701081;LE2025003706;LE2025002503;Änderungsmeldung;21.07.2025;30.06.2027;23.10.2025;Sonstige;NeoRecormon 4000 IE Injektionslösung in Fertigspritze - OP6;B03XA;Epoetin beta;ja;Roche Registration GmbH;Unzureichende Produktionskapazitäten;Shutdown for Annex I Implementation;NeoRecormon 4000 IE Injektionslösung in Fertigspritze - OP1 - Einreichungsnummer: 2701080;17.07.2025;Vorgesehen;Injektionslösung;versrel
08778070;2700476;LE2025003705;LE2025002624;Änderungsmeldung;04.08.2025;30.06.2027;23.10.2025;Sonstige;NeoRecormon 2000 IE Injektionslösung in Fertigspritze - OP6;B03XA;Epoetin beta;ja;Roche Registration GmbH;Unzureichende Produktionskapazitäten;Shutdown for annex I implementation;NeoRecormon 2000 IE Injektionslösung in Fertigspritze - OP6 - Einreichungsnummer: 2793868;29.07.2025;Vorgesehen;Injektionslösung;versrel
00869382;2701101;LE2025003213;LE2021004887;Änderungsmeldung;01.07.2021;31.12.2026;09.09.2025;Sonstige;Visudyne 15 mg Pulver zur Herstellung einer Infusionslösung - OP1;S01LA01;Verteporfin;ja;Cheplapharm Arzneimittel GmbH;Unzureichende Produktionskapazitäten;N/A;N/A;25.02.2021;Ja;Trockensubstanz;weder versrel noch verskri
04022599;3000349;LE2025003203;LE2025001342;Änderungsmeldung;24.02.2025;30.04.2027;09.09.2025;Sonstige;Procain 2 % JENAPHARM;N01BA02;Procainhydrochlorid;ja;Mibe GmbH Arzneimittel;Sonstige;N/A;N/A;16.04.2025;Nein;Injektionslösung;weder versrel noch verskri
04022613;3000349;LE2025003203;LE2025001342;Änderungsmeldung;24.02.2025;30.04.2027;09.09.2025;Sonstige;Procain 2 % JENAPHARM;N01BA02;Procainhydrochlorid;ja;Mibe GmbH Arzneimittel;Sonstige;N/A;N/A;16.04.2025;Nein;Injektionslösung;weder versrel noch verskri
06342977;3000349;LE2025003203;LE2025001342;Änderungsmeldung;24.02.2025;30.04.2027;09.09.2025;Sonstige;Procain 2 % JENAPHARM;N01BA02;Procainhydrochlorid;ja;Mibe GmbH Arzneimittel;Sonstige;N/A;N/A;16.04.2025;Nein;Injektionslösung;weder versrel noch verskri
04022576;3000348;LE2025003202;LE2025000146;Änderungsmeldung;10.01.2025;31.08.2027;09.09.2025;Sonstige;Procain 1 % JENAPHARM;N01BA02;Procainhydrochlorid;ja;Mibe GmbH Arzneimittel;Sonstige;N/A;N/A;15.01.2025;Nein;Injektionslösung;weder versrel noch verskri
04022582;3000348;LE2025003202;LE2025000146;Änderungsmeldung;10.01.2025;31.08.2027;09.09.2025;Sonstige;Procain 1 % JENAPHARM;N01BA02;Procainhydrochlorid;ja;Mibe GmbH Arzneimittel;Sonstige;N/A;N/A;15.01.2025;Nein;Injektionslösung;weder versrel noch verskri
06342954;3000348;LE2025003202;LE2025000146;Änderungsmeldung;10.01.2025;31.08.2027;09.09.2025;Sonstige;Procain 1 % JENAPHARM;N01BA02;Procainhydrochlorid;ja;Mibe GmbH Arzneimittel;Sonstige;N/A;N/A;15.01.2025;Nein;Injektionslösung;weder versrel noch verskri
06342960;3000348;LE2025003202;LE2025000146;Änderungsmeldung;10.01.2025;31.08.2027;09.09.2025;Sonstige;Procain 1 % JENAPHARM;N01BA02;Procainhydrochlorid;ja;Mibe GmbH Arzneimittel;Sonstige;N/A;N/A;15.01.2025;Nein;Injektionslösung;weder versrel noch verskri
16037850;2193814;LE2025003180;LE2023000959;Änderungsmeldung;06.03.2023;31.07.2026;08.09.2025;Sonstige;ROSUVASTATIN-ELPEN 40 mg Filmtabletten;C10AA07;Rosuvastatin-Hemicalcium;nein;Elpen Pharmaceutical Co. Inc. Beiname: Elpen, Elpen S.A., Elpen A.E.;Unzureichende Produktionskapazitäten;N/A;ROSUVASTATIN-ELPEN 40 mg Filmtabletten - Einreichungsnummer: 2193814;07.03.2023;Nein;Filmtablette;weder versrel noch verskri
14166750;2193813;LE2025003179;LE2023000745;Änderungsmeldung;06.03.2023;31.07.2026;08.09.2025;Sonstige;ROSUVASTATIN-ELPEN 20 mg Filmtabletten;C10AA07;Rosuvastatin-Hemicalcium;nein;Elpen Pharmaceutical Co. Inc. Beiname: Elpen, Elpen S.A., Elpen A.E.;Unzureichende Produktionskapazitäten;N/A;N/A;21.02.2023;Nein;Filmtablette;weder versrel noch verskri
14166767;2193813;LE2025003179;LE2023000745;Änderungsmeldung;06.03.2023;31.07.2026;08.09.2025;Sonstige;ROSUVASTATIN-ELPEN 20 mg Filmtabletten;C10AA07;Rosuvastatin-Hemicalcium;nein;Elpen Pharmaceutical Co. Inc. Beiname: Elpen, Elpen S.A., Elpen A.E.;Unzureichende Produktionskapazitäten;N/A;N/A;21.02.2023;Nein;Filmtablette;weder versrel noch verskri
14166738;2193812;LE2025003178;LE2023000954;Änderungsmeldung;06.03.2023;31.07.2026;08.09.2025;Sonstige;ROSUVASTATIN-ELPEN 10 mg Filmtabletten;C10AA07;Rosuvastatin-Hemicalcium;nein;Elpen Pharmaceutical Co. Inc. Beiname: Elpen, Elpen S.A., Elpen A.E.;Unzureichende Produktionskapazitäten;N/A;N/A;07.03.2023;Nein;Filmtablette;weder versrel noch verskri
14166744;2193812;LE2025003178;LE2023000954;Änderungsmeldung;06.03.2023;31.07.2026;08.09.2025;Sonstige;ROSUVASTATIN-ELPEN 10 mg Filmtabletten;C10AA07;Rosuvastatin-Hemicalcium;nein;Elpen Pharmaceutical Co. Inc. Beiname: Elpen, Elpen S.A., Elpen A.E.;Unzureichende Produktionskapazitäten;N/A;N/A;07.03.2023;Nein;Filmtablette;weder versrel noch verskri
14166715;2193811;LE2025003177;LE2023000690;Änderungsmeldung;06.03.2023;31.07.2026;08.09.2025;Sonstige;ROSUVASTATIN-ELPEN 5 mg Filmtabletten;C10AA07;Rosuvastatin-Hemicalcium;nein;Elpen Pharmaceutical Co. Inc. Beiname: Elpen, Elpen S.A., Elpen A.E.;Unzureichende Produktionskapazitäten;N/A;N/A;15.02.2023;Nein;Filmtablette;weder versrel noch verskri
14166721;2193811;LE2025003177;LE2023000690;Änderungsmeldung;06.03.2023;31.07.2026;08.09.2025;Sonstige;ROSUVASTATIN-ELPEN 5 mg Filmtabletten;C10AA07;Rosuvastatin-Hemicalcium;nein;Elpen Pharmaceutical Co. Inc. Beiname: Elpen, Elpen S.A., Elpen A.E.;Unzureichende Produktionskapazitäten;N/A;N/A;15.02.2023;Nein;Filmtablette;weder versrel noch verskri
01668622;2150042;LE2025003079;LE2024004070;Änderungsmeldung;08.11.2024;31.08.2026;28.08.2025;Sonstige;Tera TAD 2mg;G04CA03;Terazosinhydrochlorid-Dihydrat;ja;TAD Pharma GmbH;Sonstige;N/A;N/A;08.11.2024;Nein;Tablette;weder versrel noch verskri
02224844;2150042;LE2025003079;LE2024004070;Änderungsmeldung;08.11.2024;31.08.2026;28.08.2025;Sonstige;Tera TAD 2mg;G04CA03;Terazosinhydrochlorid-Dihydrat;ja;TAD Pharma GmbH;Sonstige;N/A;N/A;08.11.2024;Nein;Tablette;weder versrel noch verskri
01668763;2150043;LE2025003078;LE2024004071;Änderungsmeldung;08.11.2024;31.08.2026;28.08.2025;Sonstige;Tera TAD 5mg;G04CA03;Terazosinhydrochlorid-Dihydrat;ja;TAD Pharma GmbH;Sonstige;N/A;N/A;08.11.2024;Nein;Tablette;weder versrel noch verskri
02224867;2150043;LE2025003078;LE2024004071;Änderungsmeldung;08.11.2024;31.08.2026;28.08.2025;Sonstige;Tera TAD 5mg;G04CA03;Terazosinhydrochlorid-Dihydrat;ja;TAD Pharma GmbH;Sonstige;N/A;N/A;08.11.2024;Nein;Tablette;weder versrel noch verskri
01668929;2150044;LE2025003077;LE2024004075;Änderungsmeldung;08.11.2024;31.08.2026;28.08.2025;Sonstige;Tera TAD 10mg;G04CA03;Terazosinhydrochlorid-Dihydrat;ja;TAD Pharma GmbH;Sonstige;N/A;N/A;08.11.2024;Nein;Tablette;weder versrel noch verskri
02224896;2150044;LE2025003077;LE2024004075;Änderungsmeldung;08.11.2024;31.08.2026;28.08.2025;Sonstige;Tera TAD 10mg;G04CA03;Terazosinhydrochlorid-Dihydrat;ja;TAD Pharma GmbH;Sonstige;N/A;N/A;08.11.2024;Nein;Tablette;weder versrel noch verskri
13588615;2197633;LE2025003043;LE2023001200;Änderungsmeldung;24.03.2023;31.12.2026;27.08.2025;Sonstige;Rosuvastatin Aristo 20 mg Filmtabletten;C10AA07;Rosuvastatin-Hemicalcium;nein;Aristo Pharma GmbH;Erhöhte Nachfrage;N/A;N/A;24.03.2023;Vorgesehen;Filmtablette;weder versrel noch verskri
18388051;2197633;LE2025003043;LE2023001200;Änderungsmeldung;24.03.2023;31.12.2026;27.08.2025;Sonstige;Rosuvastatin Aristo 20 mg Filmtabletten;C10AA07;Rosuvastatin-Hemicalcium;nein;Aristo Pharma GmbH;Erhöhte Nachfrage;N/A;N/A;24.03.2023;Vorgesehen;Filmtablette;weder versrel noch verskri
13588590;2197632;LE2025003042;LE2023001199;Änderungsmeldung;24.03.2023;31.12.2026;27.08.2025;Sonstige;Rosuvastatin Aristo 10 mg Filmtabletten;C10AA07;Rosuvastatin-Hemicalcium;nein;Aristo Pharma GmbH;Erhöhte Nachfrage;N/A;N/A;24.03.2023;Vorgesehen;Filmtablette;weder versrel noch verskri
18388045;2197632;LE2025003042;LE2023001199;Änderungsmeldung;24.03.2023;31.12.2026;27.08.2025;Sonstige;Rosuvastatin Aristo 10 mg Filmtabletten;C10AA07;Rosuvastatin-Hemicalcium;nein;Aristo Pharma GmbH;Erhöhte Nachfrage;N/A;N/A;24.03.2023;Vorgesehen;Filmtablette;weder versrel noch verskri
09491382;2145327;LE2025003040;LE2023001202;Änderungsmeldung;24.03.2023;31.12.2026;27.08.2025;Sonstige;Melperon Aristo 50 mg Filmtabletten;N05AD03;Melperonhydrochlorid;nein;Aristo Pharma GmbH;Unzureichende Produktionskapazitäten;N/A;N/A;24.03.2023;Vorgesehen;Filmtablette;weder versrel noch verskri
09491399;2145327;LE2025003040;LE2023001202;Änderungsmeldung;24.03.2023;31.12.2026;27.08.2025;Sonstige;Melperon Aristo 50 mg Filmtabletten;N05AD03;Melperonhydrochlorid;nein;Aristo Pharma GmbH;Unzureichende Produktionskapazitäten;N/A;N/A;24.03.2023;Vorgesehen;Filmtablette;weder versrel noch verskri
09491407;2138614;LE2025003039;LE2024001299;Änderungsmeldung;27.03.2024;31.12.2026;27.08.2025;Produktionsproblem;Melperon Aristo 100 mg Filmtabletten;N05AD03;Melperonhydrochlorid;nein;Aristo Pharma GmbH;Probleme in der Herstellung;N/A;N/A;27.03.2024;Vorgesehen;Filmtablette;weder versrel noch verskri
09491413;2138614;LE2025003039;LE2024001299;Änderungsmeldung;27.03.2024;31.12.2026;27.08.2025;Produktionsproblem;Melperon Aristo 100 mg Filmtabletten;N05AD03;Melperonhydrochlorid;nein;Aristo Pharma GmbH;Probleme in der Herstellung;N/A;N/A;27.03.2024;Vorgesehen;Filmtablette;weder versrel noch verskri
09491436;2138614;LE2025003039;LE2024001299;Änderungsmeldung;27.03.2024;31.12.2026;27.08.2025;Produktionsproblem;Melperon Aristo 100 mg Filmtabletten;N05AD03;Melperonhydrochlorid;nein;Aristo Pharma GmbH;Probleme in der Herstellung;N/A;N/A;27.03.2024;Vorgesehen;Filmtablette;weder versrel noch verskri
06198931;2104773;LE2025003036;LE2023000694;Änderungsmeldung;16.08.2023;30.12.2026;27.08.2025;Sonstige;Azur compositum;N02AA59, N02BE01, N02BE51;"Codeinphosphat-Hemihydrat; Coffein; Paracetamol";nein;Aristo Pharma GmbH;Sonstige;N/A;N/A;16.02.2023;Vorgesehen;Zäpfchen;weder versrel noch verskri
02062583;0080312;LE2025002405;N/A;Erstmeldung;01.11.2024;31.12.2026;09.07.2025;Sonstige;Thevier 100;H03AA01;Levothyroxin-Natrium (Ph.Eur.);nein;Aspen Pharma Trading Limited;Unzureichende Produktionskapazitäten;N/A;Levothyroxin Abdi 100 Mikrogramm Tabletten - Einreichungsnummer: 7001601;09.07.2025;Nein;Tablette;verskri (auch versrel)
02062560;0080298;LE2025002404;N/A;Erstmeldung;01.12.2024;31.12.2026;09.07.2025;Sonstige;Thevier 50;H03AA01;Levothyroxin-Natrium (Ph.Eur.);nein;Aspen Pharma Trading Limited;Unzureichende Produktionskapazitäten;N/A;Levothyroxin Abdi 50 Mikrogramm Tabletten - Einreichungsnummer: 7001599;09.07.2025;Nein;Tablette;verskri (auch versrel)
01754899;2702586, 2702592;LE2025002093;N/A;Erstmeldung;24.06.2025;01.01.2030;24.06.2025;Sonstige;Emselex 7,5 mg Retardtabletten - OP49;G04BD10;Darifenacinhydrobromid;nein;pharmaand GmbH;Sonstige;Stärken wird enventuell vom Markt genommen werden.;Emselex 7,5 mg Retardtabletten - OP98 - Einreichungsnummer: 2702588;24.06.2025;Vorgesehen;Retardtablette;verskri (auch versrel)
01755002;2702586, 2702592;LE2025002093;N/A;Erstmeldung;24.06.2025;01.01.2030;24.06.2025;Sonstige;Emselex 7,5 mg Retardtabletten - OP49;G04BD10;Darifenacinhydrobromid;nein;pharmaand GmbH;Sonstige;Stärken wird enventuell vom Markt genommen werden.;Emselex 7,5 mg Retardtabletten - OP98 - Einreichungsnummer: 2702588;24.06.2025;Vorgesehen;Retardtablette;verskri (auch versrel)
00969356;2139058;LE2025001969;N/A;Erstmeldung;11.06.2025;30.09.2027;11.06.2025;Sonstige;Spasmolyt 10mg;G04BD09;Trospiumchlorid;nein;Viatris Healthcare GmbH;Sonstige;Der Vertrieb des Arzneimittels wird eingestellt.		;N/A;11.06.2025;Nein;überzogene Tablette;weder versrel noch verskri
00969362;2139058;LE2025001969;N/A;Erstmeldung;11.06.2025;30.09.2027;11.06.2025;Sonstige;Spasmolyt 10mg;G04BD09;Trospiumchlorid;nein;Viatris Healthcare GmbH;Sonstige;Der Vertrieb des Arzneimittels wird eingestellt.		;N/A;11.06.2025;Nein;überzogene Tablette;weder versrel noch verskri
00969379;2139058;LE2025001969;N/A;Erstmeldung;11.06.2025;30.09.2027;11.06.2025;Sonstige;Spasmolyt 10mg;G04BD09;Trospiumchlorid;nein;Viatris Healthcare GmbH;Sonstige;Der Vertrieb des Arzneimittels wird eingestellt.		;N/A;11.06.2025;Nein;überzogene Tablette;weder versrel noch verskri
00000000;2164043;LE2025001934;N/A;Erstmeldung;01.04.2025;01.04.2027;05.06.2025;Sonstige;Accusol 35 Hämodialyse-, Hämodiafiltrations-, Hämofiltrationslösung;B05ZB;"Calciumchlorid-Dihydrat; Magnesiumchlorid-Hexahydrat; Natriumchlorid; Natriumhydrogencarbonat";nein;Nikkiso Belgium bv;Sonstige;The demand for Accusol 35 is not high enough to manufacture a full batch of GZPE00 code. Instead, German market will receive ZAPE00 product (identical to GZPE00), apart from languages on the packaging and label + leaflet.;Duosol ohne Kalium Hämofiltrationslösung - Einreichungsnummer: 2160546;05.06.2025;Ja;Hämodialyse-, Hämodiafiltrations- und Hämofiltrationslösung,Hämodialyse-, Hämodiafiltrations- und Hämofiltrationslösung;weder versrel noch verskri
01410823;2146695;LE2025000150;LE2023001186;Änderungsmeldung;31.03.2023;31.12.2026;15.01.2025;Produktionsproblem;Novial;G03AB05;"Desogestrel; Ethinylestradiol";nein;Aspen Pharma Trading Limited;GMP Mängel;Rückruf ROB-53Ph-2678.Ph_11-10-620;N/A;23.03.2023;Vorgesehen;Filmtablette,Filmtablette,Filmtablette;weder versrel noch verskri
01410846;2146695;LE2025000150;LE2023001186;Änderungsmeldung;31.03.2023;31.12.2026;15.01.2025;Produktionsproblem;Novial;G03AB05;"Desogestrel; Ethinylestradiol";nein;Aspen Pharma Trading Limited;GMP Mängel;Rückruf ROB-53Ph-2678.Ph_11-10-620;N/A;23.03.2023;Vorgesehen;Filmtablette,Filmtablette,Filmtablette;weder versrel noch verskri
02710869;2146695;LE2025000150;LE2023001186;Änderungsmeldung;31.03.2023;31.12.2026;15.01.2025;Produktionsproblem;Novial;G03AB05;"Desogestrel; Ethinylestradiol";nein;Aspen Pharma Trading Limited;GMP Mängel;Rückruf ROB-53Ph-2678.Ph_11-10-620;N/A;23.03.2023;Vorgesehen;Filmtablette,Filmtablette,Filmtablette;weder versrel noch verskri
06107727;2177080;LE2025000014;LE2023000628;Änderungsmeldung;01.12.2022;31.12.2027;03.01.2025;Sonstige;Calciumfolinat Medipolis 10 mg/ml Injektionslösung;V03AF03;Calciumfolinat-Hydrat;ja;Medipolis Produktion GmbH & Co. KG;Unzureichende Produktionskapazitäten;Produktionsstillstand bei HPW in 2022, aktuell keine Kapazitäten bei HPW für 2023 und 2024;N/A;13.02.2023;Vorgesehen;Injektionslösung;verskri (auch versrel)
02056482;2148613;LE2024004292;LE2024004291;Änderungsmeldung;02.12.2024;01.02.2027;29.11.2024;Sonstige;L-Thyroxin Henning inject;H03AA01;Levothyroxin-Natrium x H<2>O;ja;Sanofi-Aventis Deutschland GmbH;Sonstige;Eingeschränkte Lieferfähigkeit. Ein Informationsbrief ist geplant. ;N/A;29.11.2024;Vorgesehen;Pulver zur Herstellung einer Injektions- bzw. Infusionslösung,Lösungsmittel;weder versrel noch verskri
04928443;2150885;LE2024004290;N/A;Erstmeldung;02.12.2024;01.02.2027;29.11.2024;Sonstige;Thyrotardin-inject.;H03AA02;Liothyronin-Natrium;ja;Sanofi-Aventis Deutschland GmbH;Sonstige;Eingeschränkte Lieferfähigkeit. Ein Informationsbrief ist geplant. ;N/A;29.11.2024;Vorgesehen;Pulver zur Herstellung einer Injektionslösung,Lösungsmittel;weder versrel noch verskri
09569740;2706149, 2706163;LE2024004000;N/A;Erstmeldung;04.11.2024;01.01.2030;04.11.2024;Sonstige;Emselex 7,5 mg Retardtabletten - OP140(14x10);G04BD10;Darifenacinhydrobromid;nein;pharmaand GmbH;Sonstige;Stärke wird eventuell vom Markt genommen werden;Emselex 7,5 mg Retardtabletten - OP98 - Einreichungsnummer: 2702588;04.11.2024;Vorgesehen;Retardtablette;weder versrel noch verskri
16164229;2189553;LE2024003460;LE2022000748;Änderungsmeldung;06.05.2022;15.09.2028;18.09.2024;Sonstige;Calciumfolinat EVER Pharma 10 mg/ml Injektionslösung;V03AF03;Calciumfolinat;ja;EVER Valinject GmbH;Probleme beim Sonstigen Hersteller;N/A;Folinsäure Kalceks 10 mg/ml Injektions-/Infusionslösung - Einreichungsnummer: 7012357;06.05.2022;Nein;Injektionslösung;verskri (auch versrel)
04077910;2178011;LE2024002815;LE2024000701;Erstmeldung;22.01.2024;17.05.2024;13.02.2024;Sonstige;Sildeagil 100 mg Filmtabletten;G04BE03;Sildenafilcitrat;nein;Mibe GmbH Arzneimittel;Unzureichende Produktionskapazitäten;N/A;Sildeagil 100 mg Filmtabletten - Einreichungsnummer: 2178011;13.02.2024;Nein;Filmtablette;weder versrel noch verskri
15193447;2171400;LE2023004822;N/A;Erstmeldung;04.12.2023;31.01.2027;01.12.2023;Produktionsproblem;Bendacitabin 38 mg/ml;L01BC05;Gemcitabinhydrochlorid;nein;Bendalis GmbH;Probleme in der Herstellung;Der derzeitige Lohnhersteller hat die Produktion des Fertigarzneimittels eingestellt.;N/A;01.12.2023;Nein;Pulver zur Herstellung einer Infusionslösung;weder versrel noch verskri
15193453;2171400;LE2023004822;N/A;Erstmeldung;04.12.2023;31.01.2027;01.12.2023;Produktionsproblem;Bendacitabin 38 mg/ml;L01BC05;Gemcitabinhydrochlorid;nein;Bendalis GmbH;Probleme in der Herstellung;Der derzeitige Lohnhersteller hat die Produktion des Fertigarzneimittels eingestellt.;N/A;01.12.2023;Nein;Pulver zur Herstellung einer Infusionslösung;weder versrel noch verskri
15193482;2171400;LE2023004822;N/A;Erstmeldung;04.12.2023;31.01.2027;01.12.2023;Produktionsproblem;Bendacitabin 38 mg/ml;L01BC05;Gemcitabinhydrochlorid;nein;Bendalis GmbH;Probleme in der Herstellung;Der derzeitige Lohnhersteller hat die Produktion des Fertigarzneimittels eingestellt.;N/A;01.12.2023;Nein;Pulver zur Herstellung einer Infusionslösung;weder versrel noch verskri
03204424;2105437;LE2023001209;LE2022002671;Änderungsmeldung;20.12.2022;31.03.2023;27.03.2023;Produktionsproblem;Betoptima;S01ED02;Betaxololhydrochlorid;nein;Immedica Pharma AB;Probleme in der Herstellung;"Kapazitätsengpässe bei der Produktion; seit 27.03.2023 wieder erhältlich";N/A;20.12.2022;Vorgesehen;Augentropfen;weder versrel noch verskri
